probe,symbol,mean_basal,mean_luminalA,log2FC,t,df,p,fdr,status
228241_at,AGR3,4.39089507069146,11.6453597643271,-7.25446469363568,-26.9475313430159,66.1129567415406,2.25941808964826e-37,1.23533684051519e-32,Higher in luminal A
220651_s_at,MCM10,7.62997652131185,4.09589922312557,3.53407729818628,25.657127458087,66.8892022491088,2.45415173491616e-36,6.70903730532706e-32,Higher in basal-like
236641_at,KIF14,7.06698216052403,3.76221819110006,3.30476396942397,24.959358287358,65.7947230044983,2.89051826873146e-35,5.26796954476308e-31,Higher in basal-like
224428_s_at,CDCA7,9.18334814057405,4.648036470685,4.53531166988905,25.7211466066663,61.8791666354515,9.63395654114418e-35,1.31684143471765e-30,Higher in basal-like
206364_at,KIF14,8.85018302426965,5.38915477798188,3.46102824628777,24.9571921411766,63.5318394234254,1.53632427007772e-34,1.67997058932999e-30,Higher in basal-like
203418_at,CCNA2,7.67853937135418,4.37214595941484,3.30639341193934,23.2372446560671,67.8382168075074,5.11250504539204e-34,4.65877022261349e-30,Higher in basal-like
214164_x_at,CA12,6.81848450943074,10.7771284261599,-3.95864391672919,-23.4399736858887,66.2866577085278,8.55579326055386e-34,6.6826856645826e-30,Higher in luminal A
229150_at,"",5.74358946030085,10.7572421962685,-5.0136527359676,-22.584699764196,66.727845362095,5.77469863369505e-33,3.94664559746596e-29,Higher in luminal A
204603_at,EXO1,7.47669915659096,4.83852693631544,2.63817222027552,22.4050763915822,66.037993635058,1.4378298211251e-32,8.73481616333499e-29,Higher in basal-like
212956_at,TBC1D9,8.32483614234365,11.725782649962,-3.40094650761833,-22.4611463494411,65.2199270867592,2.10588422877951e-32,1.1513922020852e-28,Higher in luminal A
215867_x_at,CA12,6.5576594264192,10.8363788466465,-4.27871942022728,-21.7273612629588,67.8404672553749,2.85874738641332e-32,1.42092739411044e-28,Higher in luminal A
211110_s_at,AR,5.42944683900094,9.14035284697887,-3.71090600797793,-21.3704088923492,67.7650883038861,7.98622471131656e-32,3.63872363409361e-28,Higher in luminal A
211519_s_at,KIF2C,7.4266981829977,4.75648975320391,2.6702084297938,21.9834674720987,64.2531504503953,1.34410239766345e-31,5.6529845070961e-28,Higher in basal-like
1552619_a_at,ANLN,7.97677813030114,4.64181642503916,3.33496170526199,21.1952229027878,67.4826987433904,1.53360308756527e-31,5.98926777233078e-28,Higher in basal-like
204318_s_at,GTSE1,7.75632217826701,4.77485285358154,2.98146932468547,20.9116689472927,67.934908823655,2.60316973982858e-31,9.48855370167519e-28,Higher in basal-like
200934_at,DEK,11.6314882081306,9.9205302684115,1.71095793971906,20.7716439940378,67.4988644077129,4.9636588331434e-31,1.69617529188822e-27,Higher in basal-like
222958_s_at,DEPDC1,8.23203064188115,4.9867869041648,3.24524373771635,21.1336711344733,65.6014620567244,5.54893224164617e-31,1.78463453124709e-27,Higher in basal-like
226197_at,AR,5.90821675470503,9.95191665884921,-4.04369990414418,-21.8391206249789,62.5008029294992,5.96686826080534e-31,1.81243623421962e-27,Higher in luminal A
209464_at,AURKB,7.26209120416654,4.73489188337692,2.52719932078961,21.5225936435248,62.6580623304759,1.21105938896219e-30,3.48498274165831e-27,Higher in basal-like
205225_at,ESR1,5.68249008279849,11.3669524427902,-5.68446235999171,-19.9769218891705,67.7874435265242,4.10601136348569e-30,1.06902938713609e-26,Higher in luminal A
211621_at,AR,4.03590575732914,7.33652505872521,-3.30061930139607,-20.1485466316835,66.9539665463834,3.95614201560102e-30,1.06902938713609e-26,Higher in luminal A
205046_at,CENPE,7.69591839644028,5.01453558111699,2.68138281532329,19.8793136771989,67.4768029055839,6.45462745921414e-30,1.55025625776556e-26,Higher in basal-like
232278_s_at,DEPDC1,7.26432789385528,3.76066233021942,3.50366556363586,20.6417737383515,63.6934746697603,6.52142550134575e-30,1.55025625776556e-26,Higher in basal-like
225834_at,FAM72A,8.75635452836256,5.36987967990912,3.38647484845344,20.6468255009626,63.5946305818004,6.82122545869033e-30,1.55396042480789e-26,Higher in basal-like
202580_x_at,FOXM1,8.77087781583584,5.27814090997411,3.49273690586173,19.7373888289629,67.9955694951877,7.39434000463828e-30,1.61714215901439e-26,Higher in basal-like
208103_s_at,ANP32E,9.19853673271524,5.63193801682846,3.56659871588678,19.754932209149,67.1588823263287,1.10030996713317e-29,2.3138249020387e-26,Higher in basal-like
218211_s_at,MLPH,7.33295327306567,11.9693119482395,-4.63635867517386,-23.9900900475127,50.6394939989162,2.57600288427425e-29,5.21640584065536e-26,Higher in luminal A
227198_at,AFF3,4.39964721149459,9.538044841902,-5.13839763040741,-19.3846437535785,67.5145665827577,2.69933996979325e-29,5.27094331601593e-26,Higher in luminal A
212949_at,NCAPH,6.50062952737818,4.38338453821617,2.11724498916201,19.6491790176086,65.903251599655,2.94436350273875e-29,5.5511405004221e-26,Higher in basal-like
204962_s_at,SLC35F6,8.89598099763595,5.46492724058188,3.43105375705407,19.9683780261441,64.2018523493743,3.06227090611132e-29,5.58098872638789e-26,Higher in basal-like
221591_s_at,FAM64A,7.53639162842749,5.76550859269115,1.77088303573634,19.1044134870657,67.9102287413516,5.07442397697566e-29,8.94981067552079e-26,Higher in basal-like
203963_at,CA12,6.57434900980509,11.1865165028596,-4.61216749305455,-19.4079224138663,65.084456623387,9.15425382051396e-29,1.56409008636438e-25,Higher in luminal A
204508_s_at,CA12,5.22899851791559,9.46609645526877,-4.23709793735318,-22.0567199309006,53.7798027247077,1.29681646010482e-28,2.14858908958275e-25,Higher in luminal A
204092_s_at,AURKA,8.3709126887809,5.86715369070354,2.50375899807736,18.739342193459,67.7531548417613,1.65548149247213e-28,2.66216031179159e-25,Higher in basal-like
213226_at,CCNA2,8.87256080465322,5.97801774301009,2.89454306164312,21.4021485591821,55.1160842474512,2.23803570584647e-28,3.49613149191873e-25,Higher in basal-like
220295_x_at,DEPDC1,6.69454430055624,3.84787483783902,2.84666946271722,20.3377651731284,58.1927239901699,3.97536752297371e-28,6.03758942551632e-25,Higher in basal-like
226961_at,PRR15,4.41315569760132,7.62270598612904,-3.20955028852772,-18.7717957011954,65.7353817345053,4.15186087455468e-28,6.13521603557505e-25,Higher in luminal A
224753_at,CDCA5,8.27926456205296,5.99737475426447,2.28188980778849,18.3510726469673,67.6053497194396,5.83554681156859e-28,8.3962768926977e-25,Higher in basal-like
212195_at,IL6ST,10.0788738663999,12.4555188974455,-2.3766450310456,-19.142033849037,62.5748485291188,7.53804759054635e-28,1.05677628721313e-24,Higher in luminal A
210735_s_at,CA12,5.765333402314,9.75043606138636,-3.98510265907236,-20.0810824229028,57.6594492169744,1.05127854318895e-27,1.43696635872139e-24,Higher in luminal A
1558448_a_at,"",4.50016660423286,7.31337759274125,-2.8132109885084,-20.0126869726974,57.8198836309422,1.13337180348961e-27,1.51139276477548e-24,Higher in luminal A
226192_at,AR,5.31665944940741,10.1530070736976,-4.83634762429016,-20.3539515538917,56.3537800390987,1.19900576932986e-27,1.56084858185977e-24,Higher in luminal A
218663_at,NCAPG,7.2321151200361,4.37795669404728,2.85415842598882,18.9909010172854,62.3105342007497,1.32799021470515e-27,1.68855499974428e-24,Higher in basal-like
226473_at,CBX2,8.35243528908275,5.52392152581334,2.82851376326941,18.3419528030383,65.2166841939316,1.9346941757633e-27,2.40407736499678e-24,Higher in basal-like
201897_s_at,CKS1B,10.8086855999338,8.8115205047492,1.99716509518459,17.811850691814,67.9987567289916,2.59883837457386e-27,3.15758862510724e-24,Higher in basal-like
202752_x_at,SLC7A8,7.03535424346038,9.07049618504489,-2.03514194158451,-18.512038276948,63.4784142718398,2.81881709961862e-27,3.35040923742713e-24,Higher in luminal A
206401_s_at,MAPT,5.33640053462046,7.95448976777766,-2.6180892331572,-19.0077478620301,60.1742035990232,4.05925164024566e-27,4.72211879639215e-24,Higher in luminal A
218726_at,HJURP,7.74331455811623,5.41915643958059,2.32415811853564,17.9408962377807,66.1428618980955,4.15200031146263e-27,4.7293878547754e-24,Higher in basal-like
223307_at,CDCA3,9.0870469351041,6.03245407917849,3.0545928559256,17.6039112680108,67.9251970771574,5.18959656429797e-27,5.79063657455085e-24,Higher in basal-like
219555_s_at,CENPN,8.06663532954803,5.42584199214903,2.640793337399,18.2261475734895,63.124525276961,7.75338898083391e-27,8.47833085054188e-24,Higher in basal-like
204822_at,TTK,8.6892348183416,4.78443195188747,3.90480286645413,19.6208628579572,56.0928364616131,8.62181178261422e-27,9.24308939636142e-24,Higher in basal-like
209172_s_at,CENPF,6.6832763764441,4.2740526526426,2.4092237238015,18.5577200480613,60.8641299002949,9.66955016411017e-27,1.00823467624454e-23,Higher in basal-like
215304_at,"",5.60208606945958,9.58211864002312,-3.98003257056355,-19.8053680965596,55.078165168717,1.01400721819832e-26,1.00823467624454e-23,Higher in luminal A
215942_s_at,GTSE1,7.03193837080868,4.75764880136804,2.27428956944064,17.6675745181627,66.0345296216998,1.01422784075811e-26,1.00823467624454e-23,Higher in basal-like
237086_at,FOXA1,4.14796990006169,9.59110224251077,-5.44313234244908,-17.6286113864802,66.3228482619962,1.00105705374833e-26,1.00823467624454e-23,Higher in luminal A
203554_x_at,PTTG1,10.0780156952264,7.50018089809541,2.57783479713096,17.6473624723175,66.0896004005849,1.05240759318892e-26,1.02750687781436e-23,Higher in basal-like
209408_at,KIF2C,9.10486043482297,6.22017016760798,2.88469026721499,18.7302795753111,59.7766201807054,1.0756668839764e-26,1.03179099791947e-23,Higher in basal-like
222680_s_at,DTL,8.29954454608406,5.54722225802125,2.75232228806281,17.5101677650239,66.2844341165282,1.47382636598258e-26,1.3684480861861e-23,Higher in basal-like
225612_s_at,B3GNT5,9.07794494979011,6.0432691451207,3.0346758046694,17.7117025894492,64.9465065113143,1.47669752327352e-26,1.3684480861861e-23,Higher in basal-like
202240_at,PLK1,7.46519136717504,5.31450626072926,2.15068510644578,18.448578371993,60.3316655406907,1.7381818210465e-26,1.58391818442863e-23,Higher in basal-like
212021_s_at,MKI67,8.14069529126286,5.68127070677447,2.45942458448839,17.5030700703235,65.8517275006964,1.83836222748877e-26,1.64774516045818e-23,Higher in basal-like
228868_x_at,CDT1,7.97667821728457,5.92187892159173,2.05479929569284,17.3272141295776,66.9486516931101,1.93912822869822e-26,1.71002961135605e-23,Higher in basal-like
1558447_at,"",5.17194034454541,7.79026985587388,-2.61832951132846,-17.6822268221946,64.052325018185,2.47023187777463e-26,2.14380837964012e-23,Higher in luminal A
209642_at,BUB1,8.0747433866464,4.69184274597755,3.38290064066885,20.0581543706415,52.0860076995434,3.69323308897266e-26,3.15511748655594e-23,Higher in basal-like
1554572_a_at,SUV39H2,8.51427431928815,6.25089216610648,2.26338215318167,16.9541053483622,67.755248852748,4.50328580676348e-26,3.78795617668913e-23,Higher in basal-like
207828_s_at,CENPF,10.2032881505665,7.10570669555249,3.09758145501406,19.4376875150802,53.8342799039252,5.33269235592034e-26,4.35171573970067e-23,Higher in basal-like
216092_s_at,SLC7A8,6.66904999675825,8.83766146599564,-2.16861146923738,-17.0055765296377,67.0007656616001,5.28595287847778e-26,4.35171573970067e-23,Higher in luminal A
209603_at,GATA3,5.8712326133597,10.1168456172984,-4.24561300393873,-16.9291087466534,66.9908238237829,6.78777431855778e-26,5.45767001275216e-23,Higher in luminal A
226936_at,CENPW,9.95952896952894,6.76181027635915,3.19771869316979,16.7946190375684,67.8501996419791,7.26932955256179e-26,5.76015352588864e-23,Higher in basal-like
211080_s_at,NEK2,6.48464905736929,3.96458168415578,2.52006737321351,17.6451548851664,61.9768121976615,7.50726734962285e-26,5.86371203343756e-23,Higher in basal-like
210052_s_at,TPX2,9.26971291482716,6.02476925394859,3.24494366087857,20.2239040328334,50.0305398667181,9.86707000329802e-26,7.50628691773224e-23,Higher in basal-like
212022_s_at,MKI67,8.30738883949548,5.44481499128829,2.86257384820719,16.7517910370007,67.4541271235879,9.88482227849513e-26,7.50628691773224e-23,Higher in basal-like
208433_s_at,LRP8,8.01527687892604,5.17038121496857,2.84489566395747,20.3453647956025,49.5699731718404,1.03175099433432e-25,7.72753227605878e-23,Higher in basal-like
232286_at,"",4.98553802740264,9.73751650685909,-4.75197847945646,-19.3672473349063,53.0038291309431,1.05183127110222e-25,7.77146956047484e-23,Higher in luminal A
203929_s_at,MAPT,5.250008964794,8.76869800850595,-3.51868904371195,-18.5412758601754,56.4822912122344,1.09327865087184e-25,7.97000136485569e-23,Higher in luminal A
227081_at,DNALI1,4.18122200032946,8.03379467165451,-3.85257267132505,-18.2797849617789,57.4726905136846,1.27194159296583e-25,9.15044823623775e-23,Higher in luminal A
223570_at,MCM10,6.95333294825984,4.87967049349168,2.07366245476816,17.6427400921049,60.5372521025865,1.53428396296031e-25,1.08944124253059e-22,Higher in basal-like
203380_x_at,SRSF5,9.72223550633287,10.8968563945584,-1.17462088822548,-17.1266250175249,63.6198400332009,1.63637085188283e-25,1.14703302982941e-22,Higher in luminal A
225327_at,FAM214A,7.98554315105696,10.6024046525374,-2.61686150148039,-17.517756809076,61.0681981677753,1.69773799374413e-25,1.1749851241514e-22,Higher in luminal A
205394_at,CHEK1,7.11253577277278,4.49659140468815,2.61594436808463,17.0740628080024,63.7917856913931,1.77772325220553e-25,1.21496273517922e-22,Higher in basal-like
222962_s_at,MCM10,6.86344534978127,4.64794337385527,2.215501975926,16.6302027090593,66.6105036295063,2.09645306693407e-25,1.4151058201805e-22,Higher in basal-like
205240_at,GPSM2,8.17495717972719,6.18906229548932,1.98589488423787,16.5752685085144,66.9526529926444,2.17007334005191e-25,1.44693609594315e-22,Higher in basal-like
205733_at,BLM,7.15054825258101,5.28930185078709,1.86124640179392,16.6876070647996,65.942806342255,2.3149295115115e-25,1.52448071660163e-22,Higher in basal-like
225334_at,BORCS7,7.57774103484578,9.13366223950722,-1.55592120466145,-16.6926451105565,65.8778763013258,2.34213772646616e-25,1.52448071660163e-22,Higher in luminal A
203764_at,DLGAP5,7.90805744828394,4.46808052725456,3.43997692102938,17.4056704482889,60.9972856122142,2.43804593163741e-25,1.56695211388129e-22,Higher in basal-like
209173_at,AGR2,5.42931824330057,11.5318255963309,-6.10250735303028,-17.5099829549096,60.3529753037662,2.46470748594039e-25,1.56695211388129e-22,Higher in luminal A
223229_at,UBE2T,9.23364850987544,6.58718519381474,2.6464633160607,16.7324593795816,65.4304200266886,2.50114147263186e-25,1.57183804616261e-22,Higher in basal-like
202107_s_at,MCM2,9.65490462897631,7.61639849205026,2.03850613692605,16.3900512945634,67.9988400264087,2.59224911298829e-25,1.61058204832539e-22,Higher in basal-like
203967_at,CDC6,6.50918307424794,4.04428247925256,2.46490059499538,16.898986730718,63.5521181117128,3.39762810324064e-25,2.08725074769305e-22,Higher in basal-like
228559_at,CENPN,7.85912577116813,5.81933935022607,2.03978642094206,17.2921350311911,60.7455868397582,3.83799557629831e-25,2.33158231260122e-22,Higher in basal-like
217838_s_at,EVL,8.18816948820642,11.1202530899393,-2.93208360173285,-18.8325667616647,52.9430230527833,3.99724911823623e-25,2.4016439070282e-22,Higher in luminal A
1554768_a_at,MAD2L1,8.4746821634616,5.61685736410794,2.85782479935365,16.2912103677687,67.6907243330404,4.0789644624845e-25,2.42410197811239e-22,Higher in basal-like
222039_at,KIF18B,8.25727115496206,5.45010716385959,2.80716399110247,18.0807235117948,56.2389428449059,4.21980331868575e-25,2.48083598332412e-22,Higher in basal-like
218542_at,CEP55,7.72676303028286,4.49683442615212,3.22992860413074,19.7236559700966,49.4830654980118,4.30911717898144e-25,2.50639342298734e-22,Higher in basal-like
204146_at,RAD51AP1,9.15249928244411,6.43824134242663,2.71425794001748,16.1899072336373,67.9382487230542,5.17663534615276e-25,2.96903169603659e-22,Higher in basal-like
212020_s_at,MKI67,7.97628491842553,5.68344714445199,2.29283777397354,16.3356059279044,66.7287282581558,5.21311463775973e-25,2.96903169603659e-22,Higher in basal-like
1554063_at,ZHX1-C8orf76,6.43230407506999,4.89738852856165,1.53491554650834,16.4840915263117,65.4361184350076,5.51779663357504e-25,3.11016011279088e-22,Higher in basal-like
218755_at,KIF20A,8.40319633857204,5.31350494652704,3.089691392045,16.791336699207,62.5920168199607,7.28382894340975e-25,4.06370762735641e-22,Higher in basal-like
221258_s_at,KIF18A,6.64004038088161,4.46776744112813,2.17227293975348,18.913795884657,51.3441399020258,8.58961904379963e-25,4.74381233555298e-22,Higher in basal-like
225687_at,FAM83D,8.88278282560376,5.35468802135148,3.52809480425228,17.8597834102298,55.9686193860669,8.7961279582505e-25,4.80928296117346e-22,Higher in basal-like
233445_at,"",6.5745345106309,4.93455612406959,1.63997838656131,16.1275098949961,66.7390393268347,1.0299900281911e-24,5.57571334567805e-22,Higher in basal-like
205393_s_at,CHEK1,6.63393033109979,4.18661166098884,2.44731867011095,16.7368586283707,62.1413945943353,1.0537889138313e-24,5.6486185160516e-22,Higher in basal-like
209747_at,TGFB3,6.88078621759601,9.17243068079576,-2.29164446319975,-17.890010205653,55.4288666800556,1.08366370837586e-24,5.69704935148557e-22,Higher in luminal A
219787_s_at,ECT2,9.02736855134373,7.02330291134513,2.0040656399986,16.17215001719,66.269347270944,1.07514749573892e-24,5.69704935148557e-22,Higher in basal-like
229610_at,CKAP2L,7.32047714746763,5.69143990661324,1.62903724085439,16.4020570823167,64.2332230271052,1.19440345279795e-24,6.2194294077836e-22,Higher in basal-like
212023_s_at,MKI67,7.13716282602319,5.02084160262549,2.11632122339771,15.8366331822356,67.8644003375902,1.7495760753449e-24,9.02434640749836e-22,Higher in basal-like
215509_s_at,BUB1,6.35260187859215,4.06589843120099,2.28670344739116,18.2544161106247,52.8482345394455,1.77102263546925e-24,9.04959463497953e-22,Higher in basal-like
209680_s_at,KIFC1,7.7907980597807,6.52228020688154,1.26851785289917,16.8822433232939,59.8752222379185,1.93224114665438e-24,9.7819708049378e-22,Higher in basal-like
200810_s_at,CIRBP,9.51592960766734,11.157286138537,-1.64135653086965,-16.1266048961935,65.1235097010892,1.99148014722387e-24,9.98937404123531e-22,Higher in luminal A
209459_s_at,ABAT,5.19720643299944,9.18146783241432,-3.98426139941488,-16.7338774269236,60.2823613661213,2.47986172695603e-24,1.19987999930373e-21,Higher in luminal A
214431_at,GMPS,9.5909369400184,7.91540521375907,1.67553172625933,15.7805428345813,67.4851490746929,2.44779342412924e-24,1.19987999930373e-21,Higher in basal-like
218328_at,COQ4,7.11837641691527,8.26852883802544,-1.15015242111017,-15.8918755308946,66.4978634173721,2.47629615774734e-24,1.19987999930373e-21,Higher in luminal A
219010_at,C1orf106,9.12238283438375,5.84623664041092,3.27614619397284,17.3816994696687,56.4662776358772,2.47823063982499e-24,1.19987999930373e-21,Higher in basal-like
207746_at,POLQ,6.6037534126292,4.18886775551907,2.41488565711013,16.6187154795628,60.9045687792013,2.63494383603402e-24,1.26373293188737e-21,Higher in basal-like
221505_at,ANP32E,10.4891668188095,8.6007718586735,1.88839496013602,15.7449764556523,67.5348272943192,2.70835589674171e-24,1.28764659699437e-21,Higher in basal-like
203362_s_at,MAD2L1,9.27901016758968,6.42990144186666,2.84910872572302,17.7216393431963,54.5249231069864,2.74743063757891e-24,1.29496353542782e-21,Higher in basal-like
203928_x_at,MAPT,6.31043065730359,8.7531433255339,-2.44271266823031,-16.1028435359763,64.4128383640091,2.88091725736049e-24,1.34627479526654e-21,Higher in luminal A
202094_at,BIRC5,7.18356051115093,4.83350505665361,2.35005545449731,16.0620197590988,64.4994989416143,3.17046408889228e-24,1.46902647508632e-21,Higher in basal-like
218355_at,KIF4A,8.06099093906189,5.16607270712114,2.89491823194075,17.771473815224,53.992257635798,3.21543640140145e-24,1.47734441383718e-21,Higher in basal-like
204126_s_at,CDC45,7.57823490258549,5.58365088341663,1.99458401916886,16.0359769787519,64.5914997232737,3.3208234739261e-24,1.51305019530758e-21,Higher in basal-like
202870_s_at,CDC20,9.43544882134627,6.02588007358644,3.40956874775983,17.5321708209691,54.8677838923449,3.77983119407477e-24,1.70795264905817e-21,Higher in basal-like
221520_s_at,CDCA8,8.12628209376524,6.0276930283324,2.09858906543284,15.6464733355722,67.3536490349611,4.05171025674157e-24,1.8157971990766e-21,Higher in basal-like
228069_at,MTFR2,7.11528939819374,4.24776304574467,2.86752635244907,15.5656814188317,67.9371395934637,4.28035105259365e-24,1.90266824228096e-21,Higher in basal-like
219000_s_at,DSCC1,7.79433111745576,5.78259814025907,2.01173297719669,15.737397943401,66.2678149282546,4.53247048736109e-24,1.99849051529409e-21,Higher in basal-like
210085_s_at,ANXA9,4.69495034302203,7.16172695117319,-2.46677660815117,-17.3309174015843,55.4772842097573,4.72560773981296e-24,2.06698082539419e-21,Higher in luminal A
203968_s_at,CDC6,6.19060083714959,4.09448997009379,2.09611086705581,16.0540947004892,63.1390136821708,5.71276153145225e-24,2.47893045025517e-21,Higher in basal-like
235266_at,ATAD2,8.00916979638167,5.69757980636688,2.31158999001479,15.7348092610818,65.5388332363662,6.0788379343593e-24,2.61701152804012e-21,Higher in basal-like
1555826_at,BIRC5,6.60268232964778,4.64717157873022,1.95551075091756,15.7337231506156,64.9921977629143,7.56645800808038e-24,3.20694644644802e-21,Higher in basal-like
222457_s_at,LIMA1,6.43203166852707,8.95391794587031,-2.52188627734324,-15.7949517590466,64.5012588754368,7.5284881219276e-24,3.20694644644802e-21,Higher in luminal A
204862_s_at,NME3,7.61652814598576,9.4487327598619,-1.83220461387614,-15.3749657687187,67.9625089492042,8.16368473928785e-24,3.41727952694102e-21,Higher in luminal A
235545_at,DEPDC1,6.76464303866999,4.4936725071137,2.27097053155629,15.9169116912614,63.3241567780459,8.18772049436256e-24,3.41727952694102e-21,Higher in basal-like
226980_at,DEPDC1B,5.46688971296385,3.55004381356403,1.91684589939981,15.2917558059418,67.9434147164628,1.09563898649484e-23,4.50406478094777e-21,Higher in basal-like
235609_at,BRIP1,7.30329511179874,4.86404623714636,2.43924887465238,15.3763217816834,66.9390246811717,1.1858152672456e-23,4.83839177139202e-21,Higher in basal-like
201397_at,PHGDH,8.46688344301327,6.24150202238191,2.22538142063136,15.3041917441724,67.5620163019041,1.20635201715313e-23,4.88572566947016e-21,Higher in basal-like
210466_s_at,SERBP1,11.3968477609986,10.2557622011178,1.14108555988084,15.2627602701322,67.7948303605447,1.27832849948405e-23,5.10165041673654e-21,Higher in basal-like
221436_s_at,CDCA3,8.22980173811496,5.91328372258801,2.31651801552695,16.5557836312126,57.8848292756801,1.27270457666053e-23,5.10165041673654e-21,Higher in basal-like
220865_s_at,PDSS1,7.42162846482995,5.77183854298272,1.64978992184723,15.5060984797849,65.4597416775241,1.33908358922438e-23,5.30539095948136e-21,Higher in basal-like
205339_at,STIL,8.57291095500182,6.40326904558828,2.16964190941354,15.244430546954,67.673646900318,1.42314158322981e-23,5.59786086784818e-21,Higher in basal-like
227232_at,EVL,7.62204760421624,10.8352463281682,-3.21319872395197,-19.1944279015075,45.7427471026994,1.61847161482336e-23,6.32070968146196e-21,Higher in luminal A
226118_at,CENPO,6.61816138653792,5.11843638164986,1.49972500488806,15.4495150567323,65.0773832272988,1.87188680751285e-23,7.2585398014727e-21,Higher in basal-like
212099_at,RHOB,9.20788057721381,11.4152999775462,-2.20741940033235,-15.266548459621,66.3620425012936,2.13369325178192e-23,8.21547031980117e-21,Higher in luminal A
203214_x_at,CDK1,8.79165944559796,6.07877184404975,2.71288760154821,15.5208246881229,63.9561904239376,2.28528382130905e-23,8.73761489021483e-21,Higher in basal-like
202705_at,CCNB2,9.17125272618131,6.11113799941455,3.06011472676675,17.5933775141573,51.1754392801359,2.37984993013463e-23,9.03599270347993e-21,Higher in basal-like
222835_at,THSD4,5.95208478927275,9.42494198970877,-3.47285720043602,-17.451089345247,51.7823529985603,2.44026211134817e-23,9.20147109916972e-21,Higher in luminal A
222760_at,ZNF703,7.43183673025794,10.2171210488733,-2.78528431861535,-15.1531649297462,67.0159791713506,2.47407977212979e-23,9.26508983158879e-21,Higher in luminal A
214703_s_at,MAN2B2,6.96935163719078,8.43433617737775,-1.46498454018697,-15.1063066634104,67.2906650257511,2.63323794196427e-23,9.79403295761202e-21,Higher in luminal A
207469_s_at,PIR,7.82758045511917,5.35395825920434,2.47362219591483,15.1958895178708,66.3590004520227,2.71650954829631e-23,9.98505759809941e-21,Higher in basal-like
222608_s_at,ANLN,8.63577010500737,4.97956709500916,3.65620300999821,17.4177766965578,51.7379902161456,2.7211222352388e-23,9.98505759809941e-21,Higher in basal-like
202095_s_at,BIRC5,8.83751280835477,5.70674832512555,3.13076448322921,17.053125104782,53.4304094905052,2.86208815829781e-23,1.04323113369955e-20,Higher in basal-like
200811_at,CIRBP,8.26902172577999,9.84875956819179,-1.57973784241179,-15.0983411062027,66.842134322336,3.18112228094943e-23,1.15184013715835e-20,Higher in luminal A
219918_s_at,ASPM,9.49579161384014,5.61511449531225,3.8806771185279,19.6872478957345,43.228787811443,3.31932163635759e-23,1.19397309518323e-20,Higher in basal-like
212495_at,KDM4B,6.77193518108088,8.92113915172827,-2.14920397064739,-17.2734938075038,52.0323782868145,3.35798400400667e-23,1.19998546025532e-20,Higher in luminal A
223700_at,MND1,6.01517721265872,3.43359190461404,2.58158530804468,16.501566404563,56.0978864733656,3.45420482793986e-23,1.22635486342605e-20,Higher in basal-like
225724_at,PSMA3-AS1,7.35862880483974,8.58694063191508,-1.22831182707535,-14.8968348016229,67.9906938567098,4.26304868230721e-23,1.49411658144325e-20,Higher in luminal A
244427_at,KIF23,7.0382596140909,4.93819153239646,2.10006808169444,14.9495996529541,67.4088443797389,4.34674154386322e-23,1.5137458210874e-20,Higher in basal-like
219197_s_at,SCUBE2,5.21075412176728,10.8852599242458,-5.67450580247849,-17.6574102724053,49.7811145770093,4.44893013948288e-23,1.53952693276093e-20,Higher in luminal A
228468_at,MASTL,7.52565302511753,5.47983956334497,2.04581346177256,14.8881576327168,67.7934768339599,4.70710497086826e-23,1.60850602676389e-20,Higher in basal-like
219990_at,E2F8,7.0053794788156,4.33748378815679,2.66789569065881,15.1845123010479,64.9440165087368,4.76715735039274e-23,1.61890887038958e-20,Higher in basal-like
222845_x_at,TMBIM4,10.0385936332738,11.3226560607422,-1.28406242746838,-15.0828709447324,65.6220133734993,5.22618432899533e-23,1.76383721103592e-20,Higher in luminal A
223892_s_at,TMBIM4,9.78882209779459,11.097355145677,-1.3085330478824,-15.0966327489546,65.3680852122199,5.47552406841119e-23,1.83665201497167e-20,Higher in luminal A
212266_s_at,SRSF5,10.211175783227,11.4223111874565,-1.21113540422957,-14.8613233678297,67.5956125074921,5.53959723322827e-23,1.84681389467534e-20,Higher in luminal A
200670_at,XBP1,9.9669588363762,12.3727345127393,-2.40577567636311,-15.7212596376566,59.7876059365521,6.59351811844585e-23,2.18485214015774e-20,Higher in luminal A
213409_s_at,RHEB,5.33961103743521,3.82307253176227,1.51653850567293,14.7867992575489,67.7119088781821,6.90890724862515e-23,2.27556930011193e-20,Higher in basal-like
204825_at,MELK,9.48592770453071,6.38949544795305,3.09643225657766,16.9263842442084,52.1052182190296,7.94848517239012e-23,2.60229596886485e-20,Higher in basal-like
219960_s_at,UCHL5,9.10390202833807,7.61746841946347,1.48643360887461,15.079369549374,64.4947150821407,8.01357719891636e-23,2.60799007946876e-20,Higher in basal-like
208079_s_at,AURKA,8.71123064754069,5.76899154342621,2.94223910411448,16.0338761254747,57.0640254224665,8.47241722725513e-23,2.74100243727914e-20,Higher in basal-like
225439_at,NUDCD1,9.60632767224426,7.8729036344804,1.73342403776385,14.7062959703395,67.9052361438379,8.58464610979636e-23,2.76097368266539e-20,Higher in basal-like
202954_at,UBE2C,9.90297924077906,7.131672220833,2.77130701994607,16.0121520834273,57.0376403387186,9.13599736780395e-23,2.92111494786363e-20,Higher in basal-like
222118_at,CENPN,5.99365097850846,4.19098787353165,1.80266310497681,17.2639912016946,50.0959996061039,9.8398509574224e-23,3.12787122730855e-20,Higher in basal-like
227052_at,SMIM14,8.62288768581816,10.7784438482197,-2.15555616240154,-15.0592249242487,64.0026877105051,1.02929989390002e-22,3.2530041444499e-20,Higher in luminal A
229538_s_at,IQGAP3,7.43661442200336,4.94381324189604,2.49280118010732,16.3351843271941,54.76830780064,1.03958138116516e-22,3.26661563305777e-20,Higher in basal-like
212496_s_at,KDM4B,8.02870898021673,10.1241220486105,-2.09541306839372,-17.80046168657,47.6840623836466,1.06712832916935e-22,3.31507053393943e-20,Higher in luminal A
219734_at,SIDT1,5.47526133779556,8.56059188241036,-3.0853305446148,-15.4340415591868,60.793540757406,1.06363226061848e-22,3.31507053393943e-20,Higher in luminal A
209421_at,MSH2,8.65291257866057,6.93694302834767,1.7159695503129,14.6381871577376,67.4872732475073,1.25832019673157e-22,3.86544279954413e-20,Higher in basal-like
219510_at,POLQ,7.28630271836616,5.54320858277765,1.74309413558851,14.9791869124727,64.1809845246862,1.25843405270938e-22,3.86544279954413e-20,Higher in basal-like
228673_s_at,EML4,5.19911288190586,4.1541356350736,1.04497724683226,14.7198911924226,66.5815962562335,1.29053221143631e-22,3.94189098660782e-20,Higher in basal-like
218662_s_at,NCAPG,7.67769802881989,4.99497309213469,2.6827249366852,16.3427029681465,54.2218768603726,1.32316774616208e-22,4.01912202896731e-20,Higher in basal-like
204667_at,FOXA1,4.43051920405735,8.9574682590321,-4.52694905497474,-17.3921025405862,48.9318541964369,1.37285824020574e-22,4.1470179162016e-20,Higher in luminal A
210334_x_at,BIRC5,7.38963943180703,5.29819238543216,2.09144704637488,15.0665447298539,63.1493450400201,1.38372076793648e-22,4.15686444983117e-20,Higher in basal-like
224839_s_at,GPT2,7.46400777692779,5.06066821291325,2.40333956401454,14.5731284886643,67.7256328223443,1.46066894991762e-22,4.36404780528666e-20,Higher in basal-like
202233_s_at,UQCRHL,12.1016740257824,10.8805208544125,1.2211531713699,14.6169828734544,67.1446225636728,1.52336661399298e-22,4.52663421848187e-20,Higher in basal-like
200795_at,SPARCL1,9.29665454499593,11.4900630947941,-2.19340854979815,-14.5192778837733,67.9937147290028,1.61650333547444e-22,4.77742269551702e-20,Higher in luminal A
212960_at,TBC1D9,5.94060167660387,8.62665957853786,-2.68605790193399,-15.3770741474579,60.0472337882478,1.72132529588154e-22,5.03280537712958e-20,Higher in luminal A
228994_at,CCDC24,6.2206454905308,7.66793335641352,-1.44728786588271,-15.574058145933,58.2382006358452,1.9905592574273e-22,5.78903337233178e-20,Higher in luminal A
1555758_a_at,CDKN3,8.19305529313311,5.55026822409211,2.64278706904099,14.5403776229558,67.0846663964712,2.03500365829096e-22,5.8747287963972e-20,Higher in basal-like
209891_at,SPC25,5.74339340817848,3.66443232887852,2.07896107929996,15.1403303664703,61.5070621421982,2.04151526532321e-22,5.8747287963972e-20,Higher in basal-like
233388_at,"",4.44536062752637,8.31234510921308,-3.86698448168672,-22.397278241079,35.110645813803,2.23187226326008e-22,6.38888041852067e-20,Higher in luminal A
204695_at,CDC25A,7.35598957583402,5.53649520834727,1.81949436748674,16.1114791838106,54.425939916463,2.28625564525036e-22,6.51047017729498e-20,Higher in basal-like
235046_at,INPP4B,5.1482057327975,8.35380749699513,-3.20560176419762,-17.0962113781044,49.1294858480193,2.53799123696438e-22,7.18987932026049e-20,Higher in luminal A
226597_at,REEP6,5.2904870664598,8.33354506382449,-3.0430579973647,-14.7031618200236,64.5117333846138,2.82985958162166e-22,7.9753903415033e-20,Higher in luminal A
225379_at,MAPT,5.96682347731926,8.22862418971212,-2.26180071239286,-17.3970973860383,47.6057346126325,2.88639248936629e-22,8.0930004798001e-20,Higher in luminal A
214804_at,CENPI,6.09380121722895,4.30238479638166,1.79141642084729,14.7313495681131,64.0259368506569,3.06079896790674e-22,8.53822365154597e-20,Higher in basal-like
209709_s_at,HMMR,7.64275302539611,5.08236041013989,2.56039261525622,14.5259678624384,66.0091113735574,3.08471739590401e-22,8.55662833439256e-20,Higher in basal-like
226120_at,TTC8,6.87672291394573,8.67784256416645,-1.80111965022072,-15.2740580560248,59.3906474184234,3.09869668076768e-22,8.55662833439256e-20,Higher in luminal A
202097_at,NUP153,9.58519728732657,8.48247821484532,1.10271907248126,14.5954911467846,65.2283685165894,3.17592236075623e-22,8.72580678765562e-20,Higher in basal-like
204033_at,TRIP13,8.55138110351749,5.99729200532289,2.5540890981946,14.3730803723533,67.498514779718,3.20344493585467e-22,8.7574175933927e-20,Higher in basal-like
219306_at,KIF15,6.9157971769419,4.54999063083581,2.36580654610609,15.7978112759192,55.6093622203951,3.23902730074255e-22,8.81063769493029e-20,Higher in basal-like
200860_s_at,CNOT1,9.76201221269047,8.72680537188177,1.0352068408087,14.9439121524913,61.7584224319463,3.49854313630201e-22,9.46944782065902e-20,Higher in basal-like
203806_s_at,FANCA,6.64076255929936,5.11588588629441,1.52487667300495,14.718145654614,63.7349720026594,3.55316796836312e-22,9.56992407242629e-20,Higher in basal-like
223062_s_at,PSAT1,9.124392251491,4.70528529729479,4.41910695419621,15.7647849097745,55.4452282962026,3.8360011657343e-22,1.02308957920255e-19,Higher in basal-like
208873_s_at,REEP5,8.96041283143184,10.6787745596571,-1.71836172822524,-14.2662339170391,67.9972574085721,3.98809745322223e-22,1.05849139929576e-19,Higher in luminal A
236496_at,DEGS2,5.45622510129658,8.46105605200439,-3.00483095070781,-15.7622623474642,55.2832695246131,4.15594186683574e-22,1.09771073221857e-19,Higher in luminal A
203145_at,SPAG5,7.8139580114045,5.90066953139964,1.91328848000485,15.1350244821622,59.6940430543,4.23683013972444e-22,1.11369561485305e-19,Higher in basal-like
214710_s_at,CCNB1,8.9622962240567,6.64173079059834,2.32056543345836,14.8650373596841,61.8893636010586,4.30586720476821e-22,1.12642722210862e-19,Higher in basal-like
204162_at,NDC80,8.25962752514478,4.98138082891314,3.27824669623164,16.4429319088048,51.2545119772153,4.36899734688882e-22,1.13749966638641e-19,Higher in basal-like
230757_at,"",5.41243840861653,6.74136329879699,-1.32892489018047,-14.8778786242165,61.3859353387175,4.99262743407568e-22,1.29370571070184e-19,Higher in luminal A
213599_at,OIP5,7.05526527163846,4.82355797776111,2.23170729387736,14.3288837188797,66.533135424709,5.15399167956671e-22,1.32921931641656e-19,Higher in basal-like
213134_x_at,BTG3,9.7470512915549,7.8838832555663,1.8631680359886,14.6130058111453,63.3856581283211,5.73482123387001e-22,1.47207207024339e-19,Higher in basal-like
219497_s_at,BCL11A,8.20825084132124,4.80045774327898,3.40779309804226,14.162355134225,67.9378944993878,5.90513125247033e-22,1.50870584686362e-19,Higher in basal-like
228273_at,PRR11,9.59173626053124,6.24151659484755,3.35021966568369,18.5643307357283,42.0943362383185,6.89935673990606e-22,1.75452246397378e-19,Higher in basal-like
203358_s_at,EZH2,8.595268456912,6.29878268720135,2.29648576971065,14.916790627187,60.0617830986625,7.31359697943745e-22,1.85125423542011e-19,Higher in basal-like
228955_at,LRP8,6.85870769337336,4.37519352351649,2.48351416985687,14.9407564565718,59.7844185237833,7.5480650923128e-22,1.9017993498719e-19,Higher in basal-like
211762_s_at,KPNA2,11.3046814250278,9.44911481447537,1.85556661055245,14.9651795456239,59.4484539760036,7.96792864595547e-22,1.99837843448447e-19,Higher in basal-like
210559_s_at,CDK1,9.2339636032448,6.43809402592518,2.79586957731963,14.9563703940759,59.4858541723939,8.07316117554323e-22,2.01552551266131e-19,Higher in basal-like
212247_at,NUP205,8.95673844494182,7.54517475040748,1.41156369453434,14.2129979584202,66.263613290902,8.47617892636717e-22,2.10652310363239e-19,Higher in basal-like
219286_s_at,RBM15,8.99562547382667,7.96729373356929,1.02833174025738,14.1209867555977,66.8211508410026,9.79666646571436e-22,2.42367755209472e-19,Higher in basal-like
206102_at,GINS1,8.54578306632999,6.12132632690088,2.4244567394291,15.5032625272156,54.7894617932469,1.09353569742581e-21,2.69320109264667e-19,Higher in basal-like
223100_s_at,NUDT5,9.90017361074002,8.51366534405963,1.38650826668039,14.6325768640249,61.2722009755581,1.15822752901341e-21,2.83973498425149e-19,Higher in basal-like
221677_s_at,DONSON,8.03363954753541,6.38404912949234,1.64959041804308,13.992447301593,67.6916291222645,1.17809085739565e-21,2.87554096554051e-19,Higher in basal-like
218976_at,DNAJC12,5.69442846224882,10.2441769422752,-4.54974848002636,-15.2010389953058,56.6276838076727,1.20860391603818e-21,2.93690751597277e-19,Higher in luminal A
205548_s_at,BTG3,8.89690987378337,7.00244396438815,1.89446590939522,14.2673733993181,64.6077815342946,1.2170209806161e-21,2.9442753148312e-19,Higher in basal-like
209341_s_at,IKBKB,8.10397592684523,9.65701898111161,-1.55304305426638,-13.9480886561701,67.9993063133146,1.25681314231033e-21,3.02714795400077e-19,Higher in luminal A
219493_at,SHCBP1,7.23217069648927,5.09204793256309,2.14012276392618,14.6384451962802,60.9178925296451,1.29541172039791e-21,3.09286619269675e-19,Higher in basal-like
239219_at,AURKB,5.31972673741707,3.97308082228751,1.34664591512956,14.8272216485019,59.3196875366217,1.29533702509479e-21,3.09286619269675e-19,Higher in basal-like
244689_at,PPARA,6.55014007887026,5.12707952285084,1.42306055601942,14.1507862386252,65.5479557524868,1.33463782484018e-21,3.17266622057118e-19,Higher in basal-like
205186_at,DNALI1,4.97681988945748,7.42532363873509,-2.44850374927761,-15.8795671055216,51.9743656126678,1.38558754166168e-21,3.27952375932261e-19,Higher in luminal A
203571_s_at,ADIRF,6.92724729688898,10.468488860862,-3.54124156397298,-13.9232741254494,67.9397824412038,1.40091825139037e-21,3.30151747391244e-19,Higher in luminal A
203692_s_at,E2F3,8.26803866630527,6.72139402461596,1.54664464168931,14.5637309963257,61.1878889057081,1.49663672028074e-21,3.51195762580899e-19,Higher in basal-like
201710_at,MYBL2,7.76313721854697,6.04895388754626,1.71418333100071,15.1332742008837,56.5833363759347,1.50947214794075e-21,3.52693973028464e-19,Higher in basal-like
204768_s_at,FEN1,8.261094975896,6.59291252780089,1.66818244809511,13.9239513562834,67.6024144332825,1.55173312509282e-21,3.59620536846589e-19,Higher in basal-like
230021_at,TICRR,6.49891006324319,4.97980758999036,1.51910247325284,15.1512142776722,56.3150275426547,1.59946092261589e-21,3.68989560945248e-19,Higher in basal-like
223437_at,PPARA,7.89495307680359,6.12899219874098,1.76596087806261,13.8663584233779,67.7505566123512,1.82621404094164e-21,4.19530473481027e-19,Higher in basal-like
212256_at,GALNT10,6.31645532497217,8.50645409586763,-2.18999877089547,-13.8441016655998,67.9573418406254,1.85825748274553e-21,4.23334282787966e-19,Higher in luminal A
226992_at,NOSTRIN,4.61452426567422,7.84831401467041,-3.23378974899619,-15.1505929908878,55.9617411677732,1.85800976048606e-21,4.23334282787966e-19,Higher in luminal A
220239_at,KLHL7,7.34394934968253,5.13568538385703,2.20826396582551,14.9048752818703,57.6719016477549,1.94313582475872e-21,4.40833822484161e-19,Higher in basal-like
208682_s_at,MAGED2,8.8683938772062,11.0699523305325,-2.20155845332629,-14.7794572201834,58.6217382908893,1.97435998499986e-21,4.44230996624969e-19,Higher in luminal A
229964_at,C9orf152,4.46926599085347,7.83938988889282,-3.37012389803935,-14.6594209390489,59.4409208841101,2.10740650152041e-21,4.7222315766651e-19,Higher in luminal A
219588_s_at,NCAPG2,7.46015881410035,5.68722661318197,1.77293220091838,13.959853592617,65.6275306537226,2.54709190967239e-21,5.68417347597298e-19,Higher in basal-like
226661_at,CDCA2,8.0454171911506,5.6728977966581,2.3725193944925,14.8493679762252,57.342547837925,2.62968535395151e-21,5.84463604582516e-19,Higher in basal-like
201197_at,AMD1,9.22652826138058,7.57723827006819,1.6492899913124,13.7717974958726,67.6623951414796,2.64592406466498e-21,5.85691895690516e-19,Higher in basal-like
202413_s_at,USP1,10.8387579607494,9.40142656421955,1.43733139652985,13.848106740127,66.6234688777776,2.76678921884995e-21,6.08483456241908e-19,Higher in basal-like
220011_at,AUNIP,6.53636709478888,5.11901812944929,1.41734896533959,13.9112174811427,65.9031034487221,2.77114550716479e-21,6.08483456241908e-19,Higher in basal-like
222077_s_at,RACGAP1,9.37276186027904,7.30048079050582,2.07228106977322,15.1486668923289,55.0174556391895,2.78526463834186e-21,6.09137376405365e-19,Higher in basal-like
203117_s_at,PAN2,6.72156468664908,7.94507013769262,-1.22350545104354,-13.6782018792679,67.9575884103212,3.40599744850808e-21,7.38979803560235e-19,Higher in luminal A
203693_s_at,E2F3,9.43815658852152,7.79224973301094,1.64590685551058,14.2684197008158,61.6237607640544,3.39428423303981e-21,7.38979803560235e-19,Higher in basal-like
207165_at,HMMR,8.62232870065173,5.84189843336644,2.78043026728528,13.8432666819649,65.9412598265351,3.48638782666172e-21,7.53431835662962e-19,Higher in basal-like
220060_s_at,PARPBP,4.89080634841215,3.59151728230735,1.2992890661048,14.0471352134612,63.4320584030677,3.85758762894039e-21,8.27112171028689e-19,Higher in basal-like
222036_s_at,MCM4,8.56536920326544,6.7747567100144,1.79061249325104,13.959236643661,64.3600472663485,3.84743272984958e-21,8.27112171028689e-19,Higher in basal-like
218394_at,ROGDI,6.65967395395671,8.24756114333705,-1.58788718938034,-14.1142665692592,62.7273458052608,3.89046390812079e-21,8.30902789751969e-19,Higher in luminal A
223204_at,FAM198B,8.86802351425468,11.2824643955931,-2.41444088133844,-13.8027896624842,65.9439133713281,4.02412837658049e-21,8.56105910465129e-19,Higher in luminal A
204641_at,NEK2,8.68256819475312,5.59061105059348,3.09195714415964,16.6283730196936,46.1628993546085,4.05621432491903e-21,8.56268410096325e-19,Higher in basal-like
216264_s_at,LAMB2,7.31998273006552,9.18163404537674,-1.86165131531122,-13.6307960074763,67.9616883219224,4.04758221984851e-21,8.56268410096325e-19,Higher in luminal A
204887_s_at,PLK4,7.58307096863369,5.61001177705496,1.97305919157873,13.7880688933564,65.9660574425144,4.21188200523577e-21,8.85710187062561e-19,Higher in basal-like
51158_at,FAM174B,5.6478547837779,7.39940592675612,-1.75155114297822,-13.6353555768373,67.4380158395884,4.65563385545488e-21,9.75275023168565e-19,Higher in luminal A
235721_at,DTX3,7.09182022780415,8.45132020593484,-1.35949997813069,-13.7621804146882,65.8124196453649,4.84660360013801e-21,1.0114047780059e-18,Higher in luminal A
201195_s_at,SLC7A5,8.97471990182092,5.84339435432549,3.13132554749543,13.9700583070859,63.4488197403748,5.00049970382887e-21,1.0395525524975e-18,Higher in basal-like
217914_at,TPCN1,7.0991501325857,8.40865969996728,-1.30950956738158,-13.9170296511303,63.9586430583908,5.07975279384482e-21,1.05202834849798e-18,Higher in luminal A
221880_s_at,FAM174B,6.64185413227677,8.36320277185253,-1.72134863957576,-13.5598929575549,67.9613675205033,5.25254470280449e-21,1.0837089872673e-18,Higher in luminal A
204072_s_at,FRY,6.05746085361578,8.1419650151397,-2.08450416152392,-13.7401585966266,65.6372811589847,5.53693738114688e-21,1.13382790754384e-18,Higher in luminal A
1566079_at,RPS16P5,7.48579914343458,9.43553899508227,-1.9497398516477,-14.3989403670033,58.9895626690252,5.74112644445371e-21,1.17125406100935e-18,Higher in luminal A
229425_at,"",6.19701122976682,7.64568489960463,-1.44867366983781,-13.9485350616383,63.0985912968014,6.04745372492382e-21,1.22916183052123e-18,Higher in luminal A
205167_s_at,CDC25C,6.35202278298568,4.70331328586693,1.64870949711875,13.8193792676364,64.3978320257051,6.19444827790423e-21,1.25437577627561e-18,Higher in basal-like
201508_at,IGFBP4,8.6819372079235,11.1402583451368,-2.45832113721327,-13.6330029585333,66.3685465665186,6.48867835867219e-21,1.30429591639854e-18,Higher in luminal A
203685_at,BCL2,6.33662675389899,9.14065417786401,-2.80402742396503,-14.4040598249505,58.623655905147,6.47157071204137e-21,1.30429591639854e-18,Higher in luminal A
244563_at,QSER1,6.82642534068093,5.02502424649088,1.80140109419005,13.9590746631117,62.4698241738042,7.19444118214307e-21,1.44086473125887e-18,Higher in basal-like
218009_s_at,PRC1,9.28304352760503,6.5173827554169,2.76566077218812,15.6055453340344,50.0643259635092,7.22108505219334e-21,1.44092271981267e-18,Higher in basal-like
221934_s_at,DALRD3,7.2138177208777,8.79095921410621,-1.57714149322851,-13.723377411412,64.9528793866155,7.28156313459261e-21,1.447707143214e-18,Higher in luminal A
40093_at,BCAM,6.33452365755803,8.31495269736144,-1.98042903980341,-16.1772857579061,47.0446233319128,7.54594116470888e-21,1.49483454050891e-18,Higher in luminal A
223438_s_at,PPARA,7.10924886397088,5.49452623481047,1.61472262916041,13.4592710220824,67.7981685632767,7.98107722408811e-21,1.57532634377985e-18,Higher in basal-like
201381_x_at,CACYBP,10.6347869573956,9.43899867662612,1.19578828076945,13.7308061622093,64.4253823951458,8.37825736787893e-21,1.64777417837691e-18,Higher in basal-like
220969_s_at,"",7.44542339267858,6.08650541397689,1.35891797870169,13.4323822854943,67.7846368160221,8.84751863293561e-21,1.73382824822851e-18,Higher in basal-like
221922_at,GPSM2,8.50107660829559,6.69361898225195,1.80745762604364,13.5418944063332,66.404413764193,8.9201911937782e-21,1.74182661971365e-18,Higher in basal-like
222453_at,CYBRD1,8.37714799808935,10.9894231074069,-2.61227510931755,-13.4054273340195,67.7302138605215,9.92804501101814e-21,1.92487893963623e-18,Higher in luminal A
202200_s_at,SRPK1,9.65785481380812,8.23606939287877,1.42178542092935,13.6516831384188,64.6196827271918,1.04152938945059e-20,2.01221269852336e-18,Higher in basal-like
1556656_at,"",6.91890280446964,5.24453020130273,1.67437260316691,13.7065302592166,63.9227099651985,1.07014640292343e-20,2.06022023168445e-18,Higher in basal-like
1552733_at,KLHDC1,5.22138214632033,6.76381960748618,-1.54243746116586,-13.9386347298295,61.4161282476488,1.10000171701776e-20,2.11026645185776e-18,Higher in luminal A
226968_at,KIF1B,8.93396901016831,7.57030951180658,1.36365949836172,13.3655551450589,67.7801732323782,1.1337921871489e-20,2.16748558854427e-18,Higher in basal-like
204067_at,SUOX,6.29605054872998,7.55924291585666,-1.26319236712668,-13.3546553311972,67.8879950399576,1.14437345497178e-20,2.18009124218056e-18,Higher in luminal A
212494_at,TNS2,6.10614194182235,8.03475590358882,-1.92861396176648,-14.4889600313629,56.2851414686622,1.20980374327767e-20,2.2967367938787e-18,Higher in luminal A
223491_at,COMMD2,7.95708785953979,6.41858131272714,1.53850654681266,13.3718870262594,67.2725903584558,1.28286672988078e-20,2.42701517149591e-18,Higher in basal-like
202088_at,SLC39A6,10.7039250170589,12.8455571040252,-2.14163208696628,-14.0388096472775,59.953599140533,1.30556595586815e-20,2.46144202196866e-18,Higher in luminal A
201795_at,LBR,9.81491165911356,8.01705928581278,1.79785237330078,14.3201588477053,57.3483661404333,1.36121064746868e-20,2.54007481741809e-18,Higher in basal-like
204059_s_at,ME1,9.26542736376548,6.21948198912702,3.04594537463846,13.9411848423411,60.7699086996709,1.35951866970826e-20,2.54007481741809e-18,Higher in basal-like
209825_s_at,MIR3658,9.19763466781368,7.58488984514762,1.61274482266606,13.4010577494806,66.5277772167111,1.43374524915832e-20,2.65728886432987e-18,Higher in basal-like
205381_at,LRRC17,4.89296684548688,8.86216313332387,-3.96919628783699,-13.7094240704136,62.509097337004,1.66885159036199e-20,3.08258313185953e-18,Higher in luminal A
214838_at,SFT2D2,7.37454709547002,5.94646941400106,1.42807768146896,13.8551111796242,60.9552163508442,1.70250329663699e-20,3.13415379608173e-18,Higher in basal-like
218447_at,CMC2,9.53391850615679,8.10530305491295,1.42861545124384,13.2494929165767,67.5293997148442,1.87134075685732e-20,3.43340791547563e-18,Higher in basal-like
201930_at,MCM6,10.3206891698921,8.64043540555151,1.68025376434059,13.5939215047262,63.3183864994847,1.92085701035325e-20,3.51247013515263e-18,Higher in basal-like
218471_s_at,BBS1,7.16624728997566,8.47959735552245,-1.31335006554679,-13.2344296181981,67.5878756100406,1.94608061308917e-20,3.54673191735502e-18,Higher in luminal A
203805_s_at,FANCA,7.35922031078113,5.79069316168929,1.56852714909184,14.0491397000175,58.651571585024,2.00223558924997e-20,3.63695119077215e-18,Higher in basal-like
204767_s_at,FEN1,9.17011626017319,7.52097955478227,1.64913670539092,13.2961262298066,66.6787446639924,2.01240008281332e-20,3.64331041482842e-18,Higher in basal-like
1554271_a_at,CENPL,6.7034640219411,4.91578270234486,1.78768131959624,13.1944977783238,67.9600441024012,2.03220138855118e-20,3.65495430654723e-18,Higher in basal-like
223055_s_at,XPO5,7.30681024913594,5.96065157076912,1.34615867836682,13.6501159579525,62.5345527423097,2.03017827602605e-20,3.65495430654723e-18,Higher in basal-like
217844_at,CTDSP1,7.92144954235433,8.92518148290496,-1.00373194055063,-13.3827366406783,65.4052224793291,2.13743985016233e-20,3.83162373139755e-18,Higher in luminal A
227920_at,BEND3,7.29453656721647,6.06643859666796,1.22809797054851,13.2687453365687,66.793803678889,2.15205668691194e-20,3.84521893323236e-18,Higher in basal-like
210691_s_at,CACYBP,8.90640253763338,7.58622575617263,1.32017678146075,13.174618215449,67.8121835541461,2.28104426330885e-20,4.04922386676661e-18,Higher in basal-like
213310_at,CASC7,7.97319939941119,5.81391021715156,2.15928918225963,13.6995051233664,61.6618782889443,2.27660302533246e-20,4.04922386676661e-18,Higher in basal-like
227165_at,SKA3,6.94946109316353,5.44142388183265,1.50803721133088,13.4093567103319,64.666553047885,2.42630037138678e-20,4.29313827849748e-18,Higher in basal-like
228465_at,"",6.61736256331605,7.61883307043293,-1.00147050711688,-13.157229492704,67.6146176697735,2.57212622374509e-20,4.53648391236332e-18,Higher in luminal A
201088_at,KPNA2,11.189413079563,9.44627501209264,1.74313806747037,15.5035072997454,47.9669599125958,2.60183268464222e-20,4.57412225185896e-18,Higher in basal-like
211084_x_at,PRKD3,7.31488948482302,6.14865439497998,1.16623508984304,13.2377066686071,66.4171688323709,2.68797123659933e-20,4.71041113336758e-18,Higher in basal-like
217834_s_at,SYNCRIP,9.42523239591674,8.00839434657522,1.41683804934153,13.2226521040775,66.5420161267075,2.73997819197026e-20,4.75581929034838e-18,Higher in basal-like
219004_s_at,MIS18A,7.90012534474794,6.39843026940095,1.501695075347,13.1267434962625,67.8089349077342,2.72878879104797e-20,4.75581929034838e-18,Higher in basal-like
219206_x_at,TMBIM4,9.06353624144577,10.0726726564973,-1.00913641505157,-13.1404845498811,67.6172962222848,2.73525920204927e-20,4.75581929034838e-18,Higher in luminal A
218497_s_at,RNASEH1,8.9018197212444,7.71987732028573,1.18194240095867,13.1245652149216,67.7310003820792,2.81144987822695e-20,4.86443107886261e-18,Higher in basal-like
212830_at,MEGF9,7.10398363678156,8.93456390401581,-1.83058026723425,-14.0764486488569,57.4442964288373,2.83855352542696e-20,4.89583324929714e-18,Higher in luminal A
232614_at,"",6.31452284402757,8.76391033309808,-2.44938748907051,-13.1302941938998,67.1598574441854,3.22977037897107e-20,5.55307218459884e-18,Higher in luminal A
228302_x_at,CAMK2N1,4.32756891968006,6.87569325901714,-2.54812433933708,-13.4159595208687,63.5956881510485,3.28668364014527e-20,5.63321090987281e-18,Higher in luminal A
228565_at,KIAA1804,7.87038478930197,5.54553491401071,2.32484987529126,13.1154611096948,66.9108851540692,3.65959935013851e-20,6.25276857715072e-18,Higher in basal-like
224887_at,GNPTG,7.93538872682332,8.98558655193143,-1.05019782510811,-13.703213774035,60.153567096836,3.70930673732447e-20,6.31795469978864e-18,Higher in luminal A
203126_at,IMPA2,9.177162061601,6.5646851846934,2.6124768769076,13.024619431852,67.9940045861016,3.79785612018266e-20,6.44868892456481e-18,Higher in basal-like
239413_at,CEP152,6.92185945156767,5.64599176262485,1.27586768894283,13.1309692186644,66.4629905894101,3.92340472651507e-20,6.64124314000655e-18,Higher in basal-like
204317_at,TRMU,5.62956523098812,3.90651517093632,1.7230500600518,14.3262636476233,54.4631793602847,4.05219705276942e-20,6.83808252654839e-18,Higher in basal-like
228564_at,LINC01116,5.16509273182449,7.76722082036782,-2.60212808854333,-13.3495360151258,63.6136110432628,4.13131929873166e-20,6.9501502356355e-18,Higher in luminal A
222125_s_at,P4HTM,7.37332076349946,9.1886835116244,-1.81536274812495,-12.9849845532633,67.99189681164,4.40902912950283e-20,7.34920070268492e-18,Higher in luminal A
203755_at,BUB1B,8.67410932566043,6.10193366271565,2.57217566294478,14.8050088461883,50.8104817407749,4.58179093086782e-20,7.57273695916993e-18,Higher in basal-like
205898_at,CX3CR1,5.4667485814122,8.45207759502532,-2.98532901361313,-13.6588358953929,59.9638531485514,4.58450102146364e-20,7.57273695916993e-18,Higher in luminal A
204058_at,ME1,7.44941958089611,4.64288559684932,2.80653398404679,13.1203663263822,65.9626767002578,4.70383779843369e-20,7.74645577196873e-18,Higher in basal-like
209832_s_at,CDT1,6.26466410611083,4.79374135524262,1.47092275086821,13.7118741288465,59.0985964684811,5.15085196149389e-20,8.45714207191227e-18,Higher in basal-like
200783_s_at,STMN1,9.0530654739329,7.3345917269526,1.7184737469803,13.3720765060907,62.2263306605357,5.85709391920136e-20,9.58792245605792e-18,Higher in basal-like
219498_s_at,BCL11A,8.19245751923895,5.66594194517248,2.52651557406648,13.1796314545237,64.4123047802158,5.95165029856819e-20,9.7136262708721e-18,Higher in basal-like
232210_at,"",6.92648688715534,9.25671843121115,-2.33023154405581,-12.9186563411808,67.635548633019,6.22899774792747e-20,1.01360253532123e-17,Higher in luminal A
205024_s_at,RAD51,7.39866527546304,5.69697677556562,1.70168849989743,12.9241101784085,67.5002624831984,6.33142213466266e-20,1.02721218164e-17,Higher in basal-like
215450_at,SNRPE,8.74170601576264,7.37389346717651,1.36781254858613,13.0451533300254,65.5449686735747,6.9733819246661e-20,1.12633865749887e-17,Higher in basal-like
224925_at,PREX1,6.58710340211631,8.59888453454504,-2.01178113242873,-13.1423360344812,64.3232787612417,6.98360868572686e-20,1.12633865749887e-17,Higher in luminal A
215006_at,"",7.70562970770063,5.99163766024256,1.71399204745806,12.8742226116676,67.7284320830224,7.17664891894934e-20,1.15068410452656e-17,Higher in basal-like
217957_at,CFAP20,9.82240739621751,8.66389636346148,1.15851103275602,12.8682492284844,67.7977709055018,7.20406177532565e-20,1.15170198118693e-17,Higher in basal-like
205059_s_at,IDUA,6.3530760109063,7.74196080532215,-1.38888479441585,-12.982463279839,66.168850519013,7.3590723996186e-20,1.17305330451646e-17,Higher in luminal A
204558_at,RAD54L,7.10010281645604,5.6055847079821,1.49451810847394,12.9827068512914,66.145108489013,7.40142372292075e-20,1.17637454084503e-17,Higher in basal-like
221562_s_at,SIRT3,6.11192831561719,7.28845628645549,-1.17652797083831,-13.0105081587927,65.5983279281445,7.79481436452598e-20,1.23530862429118e-17,Higher in luminal A
236976_at,FANCA,6.3723893606755,4.21493998085504,2.15744937982046,13.0809561918121,64.6100238080886,8.00976842702721e-20,1.26570545880842e-17,Higher in basal-like
209602_s_at,GATA3,6.5692427870781,10.8091261028935,-4.23988331581544,-14.2565909246412,53.2492964972701,8.0657681572285e-20,1.27088148125783e-17,Higher in luminal A
214700_x_at,RIF1,8.37407293450557,7.00874269519316,1.36533023931241,12.8142748376306,67.997669771722,8.36942740321331e-20,1.31493805537554e-17,Higher in basal-like
209195_s_at,ADCY6,6.9381653021507,8.19513969744077,-1.25697439529007,-13.1809861988888,63.2102996527728,8.46604584072199e-20,1.32630675169477e-17,Higher in luminal A
1555982_at,ZFYVE16,5.12250357607315,6.72393339132359,-1.60142981525044,-12.8527055370292,67.3289173951867,8.66359142223798e-20,1.35337674574532e-17,Higher in luminal A
238992_at,POLI,4.6502480782068,6.31110861257696,-1.66086053437016,-13.224048577647,62.5538517743378,8.87153263361589e-20,1.38191181408248e-17,Higher in luminal A
212744_at,BBS4,6.27357378002143,7.57112300923648,-1.29754922921504,-13.4670650614208,59.8896042094883,8.93248211676848e-20,1.38745301060885e-17,Higher in luminal A
204709_s_at,KIF23,7.19913734149274,4.676111294987,2.52302604650574,13.5827885696761,58.5163221027499,9.6028507398772e-20,1.48735372295407e-17,Higher in basal-like
202613_at,CTPS1,8.26472431785852,6.35821264748601,1.90651167037251,13.7842733130533,56.6150363874468,9.69860914411494e-20,1.49794196314826e-17,Higher in basal-like
220941_s_at,C21orf91,6.74490142761236,4.61369774974614,2.13120367786622,13.8514047510843,55.967669908886,9.90556160372013e-20,1.52131061989718e-17,Higher in basal-like
220083_x_at,UCHL5,6.68596192829568,5.18843422521143,1.49752770308425,12.8285773854539,66.88433791627,1.0690376192834e-19,1.63724458919663e-17,Higher in basal-like
206197_at,NME5,4.75901588704558,7.33047679333842,-2.57146090629284,-14.1652377242725,53.1878470548304,1.0847824157566e-19,1.65210246745103e-17,Higher in luminal A
210108_at,CACNA1D,4.25395030109243,7.48951626212072,-3.23556596102829,-13.5388378119854,58.5598768033339,1.09355031840189e-19,1.66082954607288e-17,Higher in luminal A
218782_s_at,ATAD2,9.15443846647817,6.76862540133636,2.38581306514181,13.5140712935925,58.6358878168034,1.15671882042467e-19,1.75190031874567e-17,Higher in basal-like
238075_at,CHEK1,6.82925063365653,5.04393797177946,1.78531266187707,13.6374465380813,57.4352003773251,1.16377905780594e-19,1.75772430899281e-17,Higher in basal-like
223381_at,NUF2,8.37483227565368,5.17749830310926,3.19733397254442,14.3418702293507,51.6356799602227,1.20564393281483e-19,1.8159388988058e-17,Higher in basal-like
228554_at,PGR,4.3614077322665,10.0954984643569,-5.73409073209038,-19.8069345681186,32.3195775959422,1.21473346684681e-19,1.8246030851607e-17,Higher in luminal A
212846_at,RRP1B,9.88144932167493,8.8315901370977,1.04985918457723,12.700954529104,67.822149940124,1.34504525062731e-19,2.01480408433009e-17,Higher in basal-like
208617_s_at,PTP4A2,10.2797707284439,11.4794210017819,-1.19965027333801,-13.190794469353,61.5380152777091,1.35940276026648e-19,2.03074715621776e-17,Higher in luminal A
228254_at,STAM2,6.91908689470036,7.98511497171938,-1.06602807701902,-12.9460955680094,64.2205920806983,1.45718346111774e-19,2.16498656892968e-17,Higher in luminal A
223292_s_at,MRPS15,4.46504531386153,3.36198369600488,1.10306161785665,12.7923268660292,66.1661949182269,1.48618273113582e-19,2.20208782723173e-17,Higher in basal-like
207668_x_at,PDIA6,10.8981630867851,9.85231399940074,1.04584908738434,12.6734255386417,67.6419945162437,1.56458706208272e-19,2.30897964643195e-17,Higher in basal-like
225191_at,CIRBP,7.50137382726249,9.35909219752147,-1.85771837025898,-14.9751819441605,47.0876038669265,1.56676991097623e-19,2.30897964643195e-17,Higher in luminal A
219148_at,PBK,8.70423979629285,5.62537320673736,3.07886658955549,13.4823006235269,58.0300761376808,1.57413305694443e-19,2.3135947550655e-17,Higher in basal-like
208639_x_at,PDIA6,10.8756544620201,9.83064056231637,1.04501389970376,12.6409113278527,67.9451515311223,1.63530779245949e-19,2.39065383830809e-17,Higher in basal-like
218238_at,GTPBP4,9.21081874266804,7.72734373613753,1.48347500653052,13.748763949779,55.3243718907781,1.72651601883638e-19,2.51726035546344e-17,Higher in basal-like
202911_at,MSH6,9.77500504717855,8.63464661676644,1.14035843041212,12.6603245394504,67.3542313243853,1.77246406715502e-19,2.57737959765161e-17,Higher in basal-like
239798_at,PDK1,7.21022888199266,5.01249699784831,2.19773188414434,12.6432764702202,67.5077364343158,1.81586238757969e-19,2.63348212310131e-17,Higher in basal-like
209460_at,ABAT,5.55736499512734,8.85504660658591,-3.29768161145856,-15.9330509516456,42.2243050946266,1.82195882497461e-19,2.63533330040971e-17,Higher in luminal A
212141_at,MCM4,8.51752321756781,6.87488142894998,1.64264178861783,12.7816876409504,65.3894909639049,1.91099823981952e-19,2.75007933560031e-17,Higher in basal-like
204023_at,RFC4,9.17617226235943,7.64712164760137,1.52905061475806,12.7026153937203,66.3096545393345,1.9949770040009e-19,2.86287054314303e-17,Higher in basal-like
220840_s_at,C1orf112,6.96536360662505,5.17068225469287,1.79468135193219,12.6969120360316,66.2832534614199,2.05222331841088e-19,2.93731177837997e-17,Higher in basal-like
202815_s_at,HEXIM1,6.526417717682,7.8407876111309,-1.31436989344891,-12.7462188677657,65.5556501214693,2.08076712819786e-19,2.96265475870359e-17,Higher in luminal A
219105_x_at,ORC6,8.91730984332424,7.65125802854305,1.26605181478119,12.6516243674924,66.8730184745618,2.07823406104108e-19,2.96265475870359e-17,Higher in basal-like
209714_s_at,CDKN3,8.27242810675349,5.82809874287565,2.44432936387784,13.0421379890857,61.7121252649917,2.16232020678605e-19,3.06282013746185e-17,Higher in basal-like
211986_at,AHNAK,9.51650816207718,11.0162171029093,-1.49970894083209,-13.4901744289431,56.9447435725601,2.21866759693406e-19,3.1345129421801e-17,Higher in luminal A
222037_at,MCM4,6.19191405473852,4.57596183817249,1.61595221656603,12.8015366420777,64.4503631417042,2.30484303545665e-19,3.24786837535032e-17,Higher in basal-like
204244_s_at,DBF4,8.40256857106556,6.5908648300648,1.81170374100076,12.5628262565814,67.7201755170595,2.33066028797837e-19,3.26740644218505e-17,Higher in basal-like
218769_s_at,ANKRA2,6.99174454296064,8.24608897998126,-1.25434443702062,-12.5461795751975,67.9678494878061,2.33033700140937e-19,3.26740644218505e-17,Higher in luminal A
201663_s_at,SMC4,9.67054473511293,7.82486250825229,1.84568222686064,12.6509086276743,66.3823756169061,2.37247386397986e-19,3.31751939931199e-17,Higher in basal-like
205862_at,GREB1,4.06090864621456,8.04076105359006,-3.9798524073755,-15.1791208800848,45.095927132697,2.43830991958088e-19,3.40088252176236e-17,Higher in luminal A
213911_s_at,H2AFZ,12.1265142496172,11.0150651863823,1.11144906323488,12.6002728287986,66.9744624687369,2.45413194621357e-19,3.41424081830093e-17,Higher in basal-like
203746_s_at,HCCS,8.45783540300472,7.19134990280556,1.26648550019917,12.563058021502,67.5014445214967,2.4633810264602e-19,3.41841009192161e-17,Higher in basal-like
202109_at,ARFIP2,8.49306141548336,9.78420988353822,-1.29114846805486,-12.65402148738,66.128653586541,2.50879208541615e-19,3.47261284228173e-17,Higher in luminal A
202808_at,WBP1L,8.38204419726164,9.49219954054765,-1.11015534328601,-12.8377046165874,63.3108643126587,2.78997282732307e-19,3.84236182201232e-17,Higher in luminal A
226647_at,TMEM25,5.79030520101453,7.55409722130078,-1.76379202028625,-13.1872748747904,59.2790404815673,2.78928727178134e-19,3.84236182201232e-17,Higher in luminal A
203213_at,CDK1,9.97163283066996,7.54904252332477,2.42259030734519,13.2255012623693,58.4711043162728,3.18018521698952e-19,4.36875946580155e-17,Higher in basal-like
222700_at,ATL2,10.6294402261586,8.96071944750526,1.66872077865335,12.5998864489543,65.7926605342999,3.35491679551769e-19,4.59724500739172e-17,Higher in basal-like
202932_at,YES1,9.21755727477142,7.83079943273955,1.38675784203187,12.7041016356509,64.2883943062467,3.43622459928771e-19,4.69688949915139e-17,Higher in basal-like
225658_at,SPOPL,8.32286177014745,9.85535356186852,-1.53249179172107,-12.439595193478,67.6848689866998,3.75710548290775e-19,5.10903981100457e-17,Higher in luminal A
228323_at,KNL1,7.21553365786177,5.3206356937907,1.89489796407107,12.5543574809459,65.9965248740474,3.76578517390918e-19,5.10903981100457e-17,Higher in basal-like
229128_s_at,ANP32E,10.1084844331806,7.49819823733804,2.6102861958426,13.2621640969099,57.5866781418996,3.76027487984568e-19,5.10903981100457e-17,Higher in basal-like
218813_s_at,SH3GLB2,5.96983950341325,7.54189125257868,-1.57205174916543,-12.7028668271154,63.7570209083182,3.99874221281836e-19,5.41045370699959e-17,Higher in luminal A
226752_at,FAM174A,7.01548818373381,8.59500572272489,-1.57951753899108,-12.4063686072179,67.9326916990293,4.00774348666637e-19,5.41045370699959e-17,Higher in luminal A
227787_s_at,MED30,8.42196394138229,6.91194934081107,1.51001460057122,12.4373511345406,67.0337458552962,4.46860044131132e-19,6.01775194898267e-17,Higher in basal-like
204014_at,DUSP4,6.96480032486316,10.0435110377839,-3.07871071292071,-12.8895313437069,60.9825050007323,4.57902649729619e-19,6.14323744190053e-17,Higher in luminal A
233449_at,"",5.76273939898241,7.36131258318773,-1.59857318420532,-12.4158766519331,67.2538550111062,4.5842540032838e-19,6.14323744190053e-17,Higher in luminal A
207590_s_at,CENPI,5.10086715058657,3.88600393397275,1.21486321661382,13.4210799838804,55.4015662553165,4.71734557174496e-19,6.30285546103226e-17,Higher in basal-like
210098_s_at,"",5.37186854674134,4.14914885109666,1.22271969564468,13.345539809258,56.0962474836214,4.72642110475213e-19,6.30285546103226e-17,Higher in basal-like
217640_x_at,SKA1,5.00658206999182,3.43213040018426,1.57445166980756,14.2348867145296,49.027275368437,4.84889679152238e-19,6.45044846901425e-17,Higher in basal-like
209420_s_at,SMPD1,6.42795710538395,7.54023396929508,-1.11227686391114,-12.390933703068,67.3018165878098,4.97910048742954e-19,6.59158157748693e-17,Higher in luminal A
1569402_at,MEIS3,5.19441610124119,6.37924849372662,-1.18483239248543,-12.5149533508328,65.4167078831586,5.07934950492389e-19,6.70805396574188e-17,Higher in luminal A
242560_at,FANCD2,8.03775120489025,6.25646011027589,1.78129109461435,12.5228937604806,65.2628127854956,5.13667455828728e-19,6.76741401143029e-17,Higher in basal-like
209342_s_at,IKBKB,6.69633677747454,7.8931653255337,-1.19682854805916,-12.3763831136589,67.2640637942596,5.31233916233649e-19,6.98202268511412e-17,Higher in luminal A
227786_at,MED30,7.36159085015394,6.05180380849198,1.30978704166197,12.4654823491231,65.8607723719813,5.43590346541699e-19,7.12729069476437e-17,Higher in basal-like
233498_at,ERBB4,4.34564974593889,7.97961937663505,-3.63396963069616,-14.7547423355325,45.634415963083,5.50113758409792e-19,7.19556692369746e-17,Higher in luminal A
210416_s_at,CHEK2,7.41052174599127,6.08999725156284,1.32052449442843,12.3629672064694,67.2776688452757,5.57123119136134e-19,7.26985836247449e-17,Higher in basal-like
223274_at,TCF19,7.29007629075504,5.67873297603254,1.6113433147225,12.453753035364,65.8641444545319,5.67432569185391e-19,7.36921038484828e-17,Higher in basal-like
210005_at,GART,6.08638953511462,4.92933197825533,1.15705755685929,12.9497621357907,59.4960014403301,5.83173006716391e-19,7.53782131021718e-17,Higher in basal-like
227182_at,SUSD3,5.44868699528457,8.71018859672114,-3.26150160143658,-14.5048128347717,46.8432826926202,6.04632315577267e-19,7.7967622297611e-17,Higher in luminal A
201774_s_at,NCAPD2,8.31489488979869,6.44824696624144,1.86664792355724,13.4294975938542,54.4944506643571,6.31444939222051e-19,8.10428451924075e-17,Higher in basal-like
226344_at,ZMAT1,5.11572592456555,7.17191074599129,-2.05618482142574,-12.6411400814865,62.7473204571196,6.61827104142752e-19,8.45453199042172e-17,Higher in luminal A
209623_at,MCCC2,8.26932877410526,10.4962711717406,-2.22694239763538,-14.5161822789965,46.5569148193956,6.67901656524874e-19,8.51224313997611e-17,Higher in luminal A
212501_at,CEBPB,12.0655846288353,10.4326535792145,1.63293104962083,12.5426837166113,63.9878439144687,6.71781848770395e-19,8.54178432128404e-17,Higher in basal-like
222891_s_at,BCL11A,8.80681670093339,5.26229992879249,3.5445167721409,12.4996592965582,64.5434665311437,6.77445652743178e-19,8.59381463195667e-17,Higher in basal-like
213885_at,TRIM3,5.36340825119262,6.52243524130925,-1.15902699011663,-12.5126121628776,64.3072873679884,6.88075971470003e-19,8.70846151391722e-17,Higher in luminal A
215616_s_at,KDM4B,6.11106890724166,7.55452348253193,-1.44345457529026,-14.413555995658,47.0756267748998,6.94769538638928e-19,8.77286940533104e-17,Higher in luminal A
223225_s_at,SEH1L,6.74013930564817,5.20598446412672,1.53415484152145,12.3153836839167,67.0777313313483,7.01807609660316e-19,8.82099564555811e-17,Higher in basal-like
1555772_a_at,CDC25A,5.60976935068935,3.38035204699384,2.2294173036955,14.2716838632272,47.8953421196906,7.11252557895469e-19,8.91920495480156e-17,Higher in basal-like
205081_at,CRIP1,8.35534643123732,11.5438886262678,-3.18854219503043,-12.3251423448108,66.8273618831964,7.19999102209006e-19,9.00822675361039e-17,Higher in luminal A
213008_at,FANCI,7.87559507558628,6.17049800595859,1.70509706962769,12.2885040845768,67.2923325877413,7.3703139074861e-19,9.20027198383111e-17,Higher in basal-like
244696_at,"",5.42503437340156,8.68853244483079,-3.26349807142923,-16.0936356826657,39.1053082947924,7.65230769529789e-19,9.50886189182755e-17,Higher in luminal A
224909_s_at,PREX1,7.47451088740317,9.38650660173761,-1.91199571433443,-12.2685730914215,67.4378041139088,7.67211864433955e-19,9.5118613804822e-17,Higher in luminal A
203625_x_at,SKP2,9.38267123369944,7.57550950473377,1.80716172896568,12.7215425625055,61.1194312723905,7.9111662187305e-19,9.7860410183052e-17,Higher in basal-like
218931_at,RAB17,6.02585104123809,7.79058866218205,-1.76473762094396,-12.2474566784095,67.5733481169459,8.04497896127453e-19,9.92910213787099e-17,Higher in luminal A
223535_at,NUDT12,4.57352092110842,6.1886428695781,-1.61512194846968,-12.2229251716483,67.9239855166186,8.11444134185077e-19,9.99227658481285e-17,Higher in luminal A
212441_at,KIAA0232,8.03193821034179,9.25664340208319,-1.2247051917414,-12.5259164863196,63.4690354379849,8.21932423274771e-19,1.00733686126699e-16,Higher in luminal A
230165_at,SGO2,7.53162318002316,5.49813997436271,2.03348320566045,12.7128974203712,61.0854169678814,8.23556610857513e-19,1.00733686126699e-16,Higher in basal-like
205085_at,ORC1,5.16227132662735,3.75376349506403,1.40850783156332,13.1102200216547,56.573806874639,8.63310155077119e-19,1.05360452519735e-16,Higher in basal-like
228969_at,AGR2,4.99785988193509,8.53255131456267,-3.53469143262757,-13.0322963133895,57.3168933326929,8.76147137276966e-19,1.06688963765296e-16,Higher in luminal A
227376_at,GLI3,6.98911695270396,9.43820231659389,-2.44908536388993,-12.200093189826,67.9395388011249,8.82597659382428e-19,1.07235615614965e-16,Higher in luminal A
205967_at,HIST2H4B,10.694464055636,9.06968198406827,1.62478207156774,13.7505141458242,50.9478785766089,8.88405066588132e-19,1.07701878083606e-16,Higher in basal-like
223103_at,STARD10,7.54593770664215,9.61989214630115,-2.073954439659,-12.5341831989321,62.7957573925685,9.59012609180086e-19,1.16004456652481e-16,Higher in luminal A
214053_at,ERBB4,4.38822464174892,8.52058599299179,-4.13236135124286,-14.5722539505035,45.3970754482125,9.8329128493112e-19,1.18678699787216e-16,Higher in luminal A
204886_at,PLK4,5.0932257908363,3.46031857411288,1.63290721672342,12.2079029724268,67.1960684341653,1.02642532656638e-18,1.23611904691667e-16,Higher in basal-like
240304_s_at,TMC5,5.03979948112295,9.76881482904605,-4.7290153479231,-12.1606899854352,67.9275309215007,1.03017067210227e-18,1.23790289004817e-16,Higher in luminal A
205282_at,LRP8,6.65401549010773,4.49256270673528,2.16145278337245,13.9297893977754,49.2438149631361,1.04437192166486e-18,1.25221567581198e-16,Higher in basal-like
209604_s_at,GATA3,9.39305226696981,13.1283326539278,-3.73528038695801,-14.1408177252315,47.7804855964036,1.06887739930989e-18,1.27879369381331e-16,Higher in luminal A
202690_s_at,SNRPD1,10.2554361472706,9.00207281338128,1.25336333388931,12.1445586482187,67.9947702126192,1.07872023659823e-18,1.28775172349363e-16,Higher in basal-like
223480_s_at,MRPL47,10.3137772612523,9.31080493037744,1.00297233087483,12.1337925903507,67.9970499885125,1.12385271886552e-18,1.33579668269505e-16,Higher in basal-like
203276_at,LMNB1,7.70034296707884,5.86175573577943,1.83858723129941,12.1366215068221,67.9159376965248,1.13344198514034e-18,1.34136234929758e-16,Higher in basal-like
223469_at,PGPEP1,5.25464526677047,6.4109501831984,-1.15630491642793,-12.5566464376364,61.9037288374293,1.13331302943322e-18,1.34136234929758e-16,Higher in luminal A
202779_s_at,UBE2S,9.73655762183057,7.6477003325806,2.08885728924997,14.1251296632177,47.6956120831284,1.15704936414946e-18,1.36634285064518e-16,Higher in basal-like
244375_at,"",5.5343919036794,7.8525672162091,-2.31817531252971,-13.2708400529652,54.0940460410826,1.19486457162876e-18,1.40795733736643e-16,Higher in luminal A
214683_s_at,CLK1,8.54610270208912,9.57162152754769,-1.02551882545857,-12.1173829876666,67.9728322277462,1.20426536222459e-18,1.41598298235762e-16,Higher in luminal A
212419_at,ZCCHC24,7.07905802722281,9.13497436363863,-2.05591633641582,-12.1387320581551,67.5059147631121,1.24065279107942e-18,1.45563715348212e-16,Higher in luminal A
204728_s_at,WDHD1,5.24012486951119,4.02310885198481,1.21701601752638,12.6806158471256,59.9786998183941,1.27271610912692e-18,1.4900589564564e-16,Higher in basal-like
211712_s_at,ANXA9,4.59788707721355,7.278236457045,-2.68034937983145,-13.4568435375871,52.2992899157045,1.2798888807295e-18,1.49525479815994e-16,Higher in luminal A
220192_x_at,SPDEF,6.62365823151857,9.59393056989461,-2.97027233837604,-13.7692401555987,49.8173989696865,1.3115872297445e-18,1.52901986751131e-16,Higher in luminal A
219705_at,QSER1,5.03398039932819,4.02280436002023,1.01117603930796,12.983095565428,56.3901336487219,1.38880716692821e-18,1.61559642237873e-16,Higher in basal-like
201196_s_at,AMD1,9.16325982012107,7.27287810072259,1.89038171939848,12.1329125303971,66.9434916525819,1.45348326253697e-18,1.68366943600019e-16,Higher in basal-like
218552_at,ECHDC2,8.87235543984957,10.1648881760881,-1.29253273623849,-12.0932882309724,67.5388720860758,1.46569240304156e-18,1.69422266672933e-16,Higher in luminal A
232065_x_at,CENPL,7.10377701608854,5.50231131140319,1.60146570468535,12.3606651094704,63.5316177541726,1.47527570233782e-18,1.7017025110827e-16,Higher in basal-like
224320_s_at,MCM8,7.3162486147118,5.86143568518049,1.45481292953131,12.0858189470798,67.5858336886491,1.49159086584233e-18,1.71689959136693e-16,Higher in basal-like
226506_at,THSD4,5.7951457565928,8.59146568978487,-2.79631993319206,-15.6655110215546,39.385483594043,1.63033628116646e-18,1.86482502453506e-16,Higher in luminal A
201555_at,MCM3,9.51683291221726,8.22671403546413,1.29011887675313,12.2070043050415,65.1374974770474,1.71814858076452e-18,1.96116437689562e-16,Higher in basal-like
212510_at,GPD1L,7.52789098026677,9.31831762619153,-1.79042664592476,-12.2867384310418,63.9285978952781,1.74293487176113e-18,1.98118428510478e-16,Higher in luminal A
220173_at,BBOF1,6.01189026932421,8.24788489136274,-2.23599462203853,-12.5684528403417,60.1601569135229,1.78307862990826e-18,2.01842285901106e-16,Higher in luminal A
235039_x_at,LIN9,4.64464117700571,3.51674366846994,1.12789750853576,12.6223673040683,59.5074735963394,1.7875500828779e-18,2.01930373515184e-16,Higher in basal-like
226309_at,DNAL1,5.5571548493812,6.66716154158606,-1.11000669220486,-12.0398080691114,67.4835241393581,1.82446206312646e-18,2.05251982101727e-16,Higher in luminal A
236312_at,MAD2L1,5.92000440583645,4.63205522180581,1.28794918403064,12.4515968369252,61.5431381225487,1.82134622201104e-18,2.05251982101727e-16,Higher in basal-like
217094_s_at,ITCH,7.34279251957862,6.11015846169052,1.2326340578881,11.9952965900271,67.9973726340893,1.91980859164395e-18,2.15534978948938e-16,Higher in basal-like
218086_at,NPDC1,7.23072902643647,9.1216257174403,-1.89089669100383,-12.4238732242334,61.6091247511653,1.97413508837525e-18,2.21179991714994e-16,Higher in luminal A
217383_at,PGK1,5.54505935580012,4.32873750808218,1.21632184771795,12.1845027139642,64.7170251293153,2.07814412030198e-18,2.31882713831655e-16,Higher in basal-like
209110_s_at,RGL2,8.21841790422596,9.62830163849374,-1.40988373426778,-12.1260254176097,65.351576744209,2.20558882585607e-18,2.4560197363275e-16,Higher in luminal A
204500_s_at,AGTPBP1,7.97993784937157,6.3371249588105,1.64281289056107,12.2182900368042,63.7408728642952,2.35389340743387e-18,2.61583581405379e-16,Higher in basal-like
217892_s_at,LIMA1,8.46380241997245,10.1555954647154,-1.69179304474298,-12.3910920008626,61.370122889786,2.36967303329062e-18,2.6227099816835e-16,Higher in luminal A
225431_x_at,PM20D2,8.35721659981422,6.29954054589336,2.05767605392086,12.1750755251696,64.3417910623588,2.36719161130996e-18,2.6227099816835e-16,Higher in basal-like
208788_at,ELOVL5,10.1225372319469,11.9969653652773,-1.87442813333046,-11.9462976861998,67.8667306258716,2.39302707534914e-18,2.64320717868109e-16,Higher in luminal A
240788_at,"",5.96671215763649,3.97373810258295,1.99297405505354,13.61776030876,49.3379312477939,2.45107354569735e-18,2.70186383288312e-16,Higher in basal-like
228281_at,DDIAS,7.33692995572767,5.67515346755309,1.66177648817458,12.0735381271474,65.5051533986301,2.58697596681621e-18,2.84593382264942e-16,Higher in basal-like
234992_x_at,ECT2,7.01297089496602,5.33833382068584,1.67463707428017,12.3394339091523,61.5449189511203,2.71607344613755e-18,2.97002631335141e-16,Higher in basal-like
202188_at,NUP93,8.70525064698492,7.48338212811834,1.22186851886657,12.0512254483736,65.5903016309822,2.7559360658526e-18,3.00760088623734e-16,Higher in basal-like
230820_at,SMURF2,7.78903995506891,6.4845590038919,1.30448095117701,11.9133503291198,67.7745746019924,2.77771027883086e-18,3.02532489034019e-16,Higher in basal-like
216237_s_at,MCM5,8.84015861113136,7.17218616316521,1.66797244796615,12.2123044887048,63.1326719169901,2.81738589016393e-18,3.06243684979548e-16,Higher in basal-like
204203_at,CEBPG,8.09295971447546,6.18221995816954,1.91073975630592,11.9016799826851,67.7043640390398,2.953790051536e-18,3.20433474340736e-16,Higher in basal-like
1559078_at,"",8.05392603237507,5.33602734544291,2.71789868693216,11.9158875303715,67.4428212233878,2.97055212516388e-18,3.21613737511554e-16,Higher in basal-like
212204_at,TMEM87A,9.13965853926132,10.1644649292546,-1.02480638999329,-12.0414259189859,65.386001660174,3.00629000353373e-18,3.24839735065626e-16,Higher in luminal A
208072_s_at,DGKD,7.14937080854351,8.44602886813751,-1.296658059594,-11.9531414757321,66.7370399610421,3.03721945253944e-18,3.27534464630363e-16,Higher in luminal A
204750_s_at,DSC2,7.79860879727828,5.02145562367316,2.77715317360512,12.7175962090759,56.6722317751225,3.04683364151426e-18,3.27924467224001e-16,Higher in basal-like
218204_s_at,FYCO1,6.77109586533759,7.89295305028639,-1.1218571849488,-11.9646208453981,66.454536862197,3.10822823266603e-18,3.33875007113979e-16,Higher in luminal A
213185_at,KIAA0556,7.05403391067077,8.08363368387126,-1.02959977320048,-13.3850936220454,50.3939642625585,3.21891969205099e-18,3.44411808537941e-16,Higher in luminal A
211596_s_at,LRIG1,8.15251045649293,10.0157572595871,-1.86324680309414,-11.8428517551715,67.9661415680426,3.4955040481e-18,3.71224808759554e-16,Higher in luminal A
212838_at,DNMBP,6.52085444467602,8.21351716125207,-1.69266271657605,-14.0204875290588,45.7892092174774,3.4966762965006e-18,3.71224808759554e-16,Higher in luminal A
244519_at,ASXL1,6.93920269327833,5.48107136545449,1.45813132782384,12.2113159514363,62.2890265143261,3.52762282295451e-18,3.73784453188058e-16,Higher in basal-like
202080_s_at,TRAK1,7.80700021636183,8.8733928547113,-1.06639263834947,-11.8467984902967,67.7730281695964,3.59743825606002e-18,3.79703561085301e-16,Higher in luminal A
228718_at,ZNF44,4.40891946012932,6.82239102397062,-2.41347156384131,-15.5969242578602,38.2585002806038,3.60431912580286e-18,3.79703561085301e-16,Higher in luminal A
202962_at,KIF13B,6.44662777022797,8.2540704778266,-1.80744270759863,-12.485860588879,58.6084500107321,3.71947092249709e-18,3.89582514727066e-16,Higher in luminal A
205074_at,SLC22A5,6.33442236341974,7.79860185860525,-1.46417949518551,-12.0705952133748,64.0880364035497,3.7190480750133e-18,3.89582514727066e-16,Higher in luminal A
229671_s_at,MIS18A,5.55435248633721,4.25680502929648,1.29754745704073,12.4036344205634,59.604446858806,3.71244678662839e-18,3.89582514727066e-16,Higher in basal-like
1566880_at,"",4.83325745805327,8.11077001445729,-3.27751255640401,-16.8387449424015,34.2837289216926,3.7725391354223e-18,3.94385424912455e-16,Higher in luminal A
202483_s_at,RANBP1,10.2762153308958,8.97424074389038,1.30197458700541,11.9342657651203,66.1136186137,3.78465884241777e-18,3.94897370628228e-16,Higher in basal-like
227349_at,HELLS,7.06800982520616,5.08918343465633,1.97882639054984,11.8349569311869,67.6000896119673,3.91867001555944e-18,4.07325633271316e-16,Higher in basal-like
205597_at,SLC44A4,4.63417796241485,8.46254957366293,-3.82837161124808,-12.5782095152829,57.1991762164821,4.12950339168855e-18,4.2842618205042e-16,Higher in luminal A
212219_at,PSME4,9.62254462208386,8.27711602343935,1.34542859864451,11.8017074287279,67.8021616921473,4.2583174468353e-18,4.40120049916295e-16,Higher in basal-like
237339_at,LINC00993,4.29607285333888,11.2034570998093,-6.90738424647039,-15.2369035220031,39.3539521941002,4.25306548611306e-18,4.40120049916295e-16,Higher in luminal A
210093_s_at,MAGOHB,8.91303931444574,7.81659915827567,1.09644015617007,11.7917801893908,67.9548036319271,4.27579837826009e-18,4.41092974210133e-16,Higher in basal-like
204207_s_at,RNGTT,7.33263439161243,5.89578893261369,1.43684545899874,11.9980626795789,64.4470642190535,4.45568276104143e-18,4.58784284293673e-16,Higher in basal-like
221139_s_at,CSAD,7.26802731013491,9.24810923633194,-1.98008192619703,-13.3403722120537,49.8710976273595,4.47016551926417e-18,4.5941033790558e-16,Higher in luminal A
1554696_s_at,TYMS,8.86498459348139,6.45609630466456,2.40888828881682,12.2411607877078,60.9433830118897,4.54110969236926e-18,4.65825839456452e-16,Higher in basal-like
214039_s_at,LAPTM4B,12.0253121176139,10.4297788672295,1.59553325038443,11.7573871934899,67.9159494741302,4.93240273334865e-18,5.04073120459509e-16,Higher in basal-like
41660_at,CELSR1,6.98496725465413,9.44103882593211,-2.45607157127798,-11.9339321291543,64.6475623594242,5.39290173417272e-18,5.50106161037115e-16,Higher in luminal A
224837_at,FOXP1,9.01146864045423,10.2968978076266,-1.28542916717238,-12.7672603616238,54.3581588948555,5.40402431195038e-18,5.50214207180422e-16,Higher in luminal A
201292_at,TOP2A,9.53249694515351,6.50201839792726,3.03047854722625,14.6739547324714,41.3247057726344,5.48878797690227e-18,5.57805729808795e-16,Higher in basal-like
208368_s_at,BRCA2,5.23175579382912,3.91428721799074,1.31746857583838,12.0159606208392,63.2871204823095,5.56764267294355e-18,5.64769690432632e-16,Higher in basal-like
221874_at,KIAA1324,5.35585336581887,8.60653184470842,-3.25067847888956,-12.0827035204144,62.2780569511767,5.64185529977472e-18,5.71237849102191e-16,Higher in luminal A
227407_at,TAPT1,7.53661653061792,8.81179674147009,-1.27518021085216,-11.9253902150803,64.5820045737733,5.65800429109529e-18,5.71814019622246e-16,Higher in luminal A
227928_at,PARPBP,4.82081564267025,3.60089811775521,1.21991752491504,12.1815912115697,60.9075187966853,5.67002335925599e-18,5.71971452338231e-16,Higher in basal-like
212745_s_at,BBS4,6.42698560461188,7.69760169886805,-1.27061609425617,-12.6503268450312,55.3719141161729,5.70985799858096e-18,5.74929071956564e-16,Higher in luminal A
203513_at,SPG11,8.86280139709771,9.90676991298778,-1.04396851589006,-11.8214586516033,66.1800157259237,5.73107744421751e-18,5.76004888350354e-16,Higher in luminal A
214802_at,EXOC7,6.83348419666536,7.94903810984109,-1.11555391317572,-12.3849104249851,58.2967719878728,5.75726763284049e-18,5.77575427202851e-16,Higher in luminal A
221497_x_at,EGLN1,7.22413911966678,5.73012376729856,1.49401535236822,12.0878766163096,61.9362041043383,6.0505343502249e-18,6.0588455237829e-16,Higher in basal-like
225300_at,KNSTRN,7.76655914055599,6.32364376105625,1.44291537949974,11.7907810087423,66.3240480193967,6.23332846665509e-18,6.23047959624071e-16,Higher in basal-like
209696_at,FBP1,6.81801204008424,9.16752963017006,-2.34951759008582,-11.6913996154709,67.9102599967406,6.38988842671317e-18,6.36370035939057e-16,Higher in luminal A
211450_s_at,MSH6,8.72040687141942,7.18078306782144,1.53962380359799,11.7044865703384,67.6811610827172,6.38984023464253e-18,6.36370035939057e-16,Higher in basal-like
201171_at,ATP6V0E1,5.82748062765448,4.71561189828417,1.1118687293703,11.6859927488056,67.9923577384955,6.40852389563838e-18,6.37065534534597e-16,Higher in basal-like
229551_x_at,ZNF367,7.85508485636482,5.690857700444,2.16422715592082,12.4325595579204,57.3257359107158,6.49816233749351e-18,6.44804039568889e-16,Higher in basal-like
210821_x_at,CENPA,7.48542294769982,6.04331889958974,1.44210404811008,12.0884872076563,61.6142634809324,6.56634152229421e-18,6.503889904555e-16,Higher in basal-like
219006_at,NDUFAF4,8.74722854181475,7.26718109624526,1.48004744556949,11.7872169923276,66.092714799673,6.66733991821896e-18,6.59198571480328e-16,Higher in basal-like
212196_at,IL6ST,7.89602455528905,10.1183384127269,-2.22231385743786,-11.6668726540203,67.9774889248674,6.92908213983945e-18,6.83840371833433e-16,Higher in luminal A
243334_at,CACNA1D,4.32180003650732,7.28895092320982,-2.9671508867025,-14.999166133044,39.3727855912484,7.15390017376288e-18,7.04755841442316e-16,Higher in luminal A
208628_s_at,YBX1,12.2216809391385,11.134713886262,1.08696705287645,11.9794333607398,62.7267301330052,7.33511642257934e-18,7.21308435979362e-16,Higher in basal-like
239723_at,"",4.64466678280704,8.50897012926265,-3.86430334645561,-13.0868095910323,50.4979707921241,7.52484161289309e-18,7.38636831570789e-16,Higher in luminal A
223072_s_at,INO80B-WBP1,7.67073103745037,8.73409487772683,-1.06336384027647,-11.843789770676,64.5077849135766,7.82444332841855e-18,7.65297744152566e-16,Higher in luminal A
229082_at,CCDC125,5.03600225736381,6.70960637415067,-1.67360411678686,-12.4095524500511,56.9398341552493,7.87205411435177e-18,7.68579569111041e-16,Higher in luminal A
209744_x_at,ITCH,7.71915686594069,6.41887828690552,1.30027857903518,11.8662858874907,63.6963163716357,8.7563554681176e-18,8.50361874279449e-16,Higher in basal-like
208451_s_at,C4B_2,8.15309577535222,11.9776984603551,-3.82460268500288,-11.7134958952554,65.902707401695,9.23726931335677e-18,8.93823786368878e-16,Higher in luminal A
222843_at,FIGNL1,8.55698678060425,7.11168214944631,1.44530463115793,11.5920457652388,67.9874048702328,9.26928371049207e-18,8.93823786368878e-16,Higher in basal-like
223044_at,SLC40A1,8.79173947578339,11.7887039706879,-2.99696449490453,-11.5974582885465,67.9039490226453,9.24160869568405e-18,8.93823786368878e-16,Higher in luminal A
225071_at,NUS1,8.49005538833143,7.34106873523772,1.14898665309372,11.9844904877555,61.7357538171093,9.26915727994353e-18,8.93823786368878e-16,Higher in basal-like
213523_at,CCNE1,8.32775341871459,6.01894909077893,2.30880432793566,13.4784489729429,46.9151540499709,9.52920543955487e-18,9.17269907407857e-16,Higher in basal-like
1553603_s_at,ATL2,7.20091199441477,4.99035794562042,2.21055404879436,11.9671077599999,61.6807958682424,1.00125339203299e-17,9.57054706458104e-16,Higher in basal-like
212970_at,APBB2,7.03834169847303,8.54849148016126,-1.51014978168823,-11.6839749541,66.0497119825175,1.00008079377545e-17,9.57054706458104e-16,Higher in luminal A
216640_s_at,PDIA6,10.7924434390811,9.74326637622063,1.04917706286052,11.606391935868,67.3810735433973,1.00110725794232e-17,9.57054706458104e-16,Higher in basal-like
218719_s_at,GINS3,6.65024964603657,5.3970949709502,1.25315467508637,11.8329354620639,63.5547754808355,1.0261258770838e-17,9.7911749266242e-16,Higher in basal-like
232472_at,"",8.70309032395072,7.10728993208379,1.59580039186693,11.9271975005926,62.1055923777545,1.03898509281545e-17,9.89660452085103e-16,Higher in basal-like
235542_at,TET3,8.36346974066953,7.27915121602056,1.08431852464897,11.5722697580631,67.7474096769715,1.05547359290048e-17,1.00361771637971e-15,Higher in basal-like
229097_at,DIAPH3,7.95012000591055,6.13283891852279,1.81728108738777,12.3051317777314,57.1088384337115,1.06628616028253e-17,1.01213881620569e-15,Higher in basal-like
230734_x_at,STRN,8.37180746623423,7.19807841538679,1.17372905084744,11.6930125772485,65.6010999842895,1.07078903299096e-17,1.01465147970157e-15,Higher in basal-like
232322_x_at,STARD10,7.72245761257024,9.67087465095403,-1.94841703838379,-12.17080544716,58.5816571587718,1.11202053921581e-17,1.05189832148139e-15,Higher in luminal A
230060_at,CDCA7,5.68884113817146,3.96953178722772,1.71930935094374,13.8151914077373,44.3721929586992,1.11661189002869e-17,1.05441718630947e-15,Higher in basal-like
225912_at,TP53INP1,9.10916110786771,10.6404973349421,-1.53133622707439,-11.5341506033698,67.9790696679477,1.16555662546506e-17,1.0987380775397e-15,Higher in luminal A
210092_at,MAGOHB,8.58990832330073,7.23184004189333,1.3580682814074,11.6773256955039,65.4581176803201,1.17490302078189e-17,1.10564238659639e-15,Higher in basal-like
201112_s_at,CSE1L,11.042628874982,10.0002780934863,1.04235078149569,11.700287923334,64.9803203780237,1.20261436997127e-17,1.12977561302714e-15,Higher in basal-like
235572_at,SPC24,6.97874412850739,5.91023759945291,1.06850652905448,11.8606597841655,62.3287554698404,1.25302004486116e-17,1.17510927877845e-15,Higher in basal-like
226034_at,DUSP4,6.16259647764061,9.03719287246762,-2.87459639482701,-12.1921614991723,57.6138426317346,1.35571274542201e-17,1.26724538672615e-15,Higher in luminal A
227522_at,CMBL,6.51149914424409,9.73685889649114,-3.22535975224705,-12.5049971686646,54.1248798308527,1.35590041378107e-17,1.26724538672615e-15,Higher in luminal A
220898_at,"",4.77064190256733,7.37967494104532,-2.60903303847799,-13.3339886951187,47.0263029121998,1.36454458426699e-17,1.27314804001362e-15,Higher in luminal A
242008_at,"",8.27817529030674,6.91992175793232,1.35825353237442,11.5073226584133,67.7232260524054,1.36854242667475e-17,1.27470284801435e-15,Higher in basal-like
227325_at,INAFM1,7.0504162316948,8.10523844885069,-1.05482221715589,-11.485913163213,67.9247728691165,1.42543219295037e-17,1.32318344905877e-15,Higher in luminal A
209397_at,ME2,9.47396480748479,8.11638079158951,1.35758401589529,11.6408936293585,65.1235559434911,1.45786584062943e-17,1.35099686163414e-15,Higher in basal-like
212638_s_at,WWP1,9.53628305701457,10.9706743225934,-1.43439126557881,-11.9507801421731,60.3263714887982,1.50772309113247e-17,1.39247905418358e-15,Higher in luminal A
201231_s_at,ENO1,12.20339237682,11.0262611672363,1.17713120958371,11.7605468054695,62.9546955890627,1.55336485945049e-17,1.43221287842253e-15,Higher in basal-like
217772_s_at,MTCH2,10.008043931637,8.98826692764594,1.01977700399107,11.7622693023317,62.7465219699002,1.62369918386563e-17,1.49454129423995e-15,Higher in basal-like
203930_s_at,MAPT,3.70744673216466,5.6556638374441,-1.94821710527944,-15.0783885816728,37.5540034363296,1.6287942917503e-17,1.49671139330164e-15,Higher in luminal A
205730_s_at,ABLIM3,4.77729042656857,6.7553478434337,-1.97805741686513,-13.3964794993651,46.1105968648533,1.65421499532706e-17,1.51752021593133e-15,Higher in luminal A
218336_at,PFDN2,10.2302377918063,8.91605151726328,1.31418627454306,11.6007925662328,65.1658900710707,1.68201802991331e-17,1.54044113543568e-15,Higher in basal-like
203476_at,TPBG,9.41769724132384,11.2210380466673,-1.80334080534342,-11.4423688155953,67.9397742260046,1.68643435386835e-17,1.54190298156776e-15,Higher in luminal A
225878_at,KIF1B,8.58326619193115,7.20666430096103,1.37660189097011,11.5291223204363,66.2315941325401,1.74229444265265e-17,1.58766581086722e-15,Higher in basal-like
225702_at,C8orf76,7.22982775670709,6.06482581001629,1.1650019466908,11.4315243252512,67.9299061872133,1.76371024600982e-17,1.60450678370361e-15,Higher in basal-like
205246_at,PEX13,7.09393253636909,5.76836520899888,1.32556732737021,11.5558897483622,65.652810198406,1.78852622160121e-17,1.62263429551439e-15,Higher in basal-like
45714_at,HCFC1R1,7.62997266038587,8.71706036438527,-1.0870877039994,-11.4249324402985,67.9837442611204,1.78957198023809e-17,1.62263429551439e-15,Higher in luminal A
225311_at,IVD,7.26001311703533,8.60217082628464,-1.34215770924931,-11.9595603956718,59.5260856986114,1.80403220830055e-17,1.63303743358994e-15,Higher in luminal A
230142_s_at,CIRBP,6.19359415764503,7.85002024420566,-1.65642608656063,-12.0613191707257,58.019343337698,1.89941466265739e-17,1.71370456568965e-15,Higher in luminal A
200039_s_at,PSMB2,10.989918909523,9.84668456062862,1.14323434889437,11.4145615166802,67.8597351616237,1.91381881300533e-17,1.72385574301592e-15,Higher in basal-like
228708_at,RAB27B,7.60224601167926,10.2592957793894,-2.65704976771011,-11.8467117813142,60.6388712706502,2.01974246386003e-17,1.81489284884044e-15,Higher in luminal A
45633_at,GINS3,5.84471274043457,4.63044353895851,1.21426920147606,11.8026456257826,61.263672253175,2.02152673972351e-17,1.81489284884044e-15,Higher in basal-like
228729_at,CCNB1,7.69368549121234,5.53951646293969,2.15416902827266,12.3374371112179,54.5891723472299,2.02656436448838e-17,1.81643289554757e-15,Higher in basal-like
213087_s_at,EEF1D,5.91726543641617,4.73685932635545,1.18040611006072,11.4569030437577,66.7325111640988,2.06509498262216e-17,1.84501892006618e-15,Higher in basal-like
228519_x_at,CIRBP,6.45806710953544,7.56046445562244,-1.102397346087,-12.6149801386484,51.6968717545561,2.0975409920923e-17,1.87084916382784e-15,Higher in luminal A
222752_s_at,TMEM206,8.44365569235949,7.03977375880563,1.40388193355386,11.6593789133582,63.069437592859,2.19988458408327e-17,1.95575105097159e-15,Higher in basal-like
201755_at,MCM5,7.66861183751951,6.43628112312268,1.23233071439683,11.3712229100065,67.7160994680509,2.33985169994871e-17,2.07275273058528e-15,Higher in basal-like
222565_s_at,PRKD3,7.55455337507497,6.24443741200789,1.31011596306708,11.3569711747983,67.9776441668358,2.34286454046951e-17,2.07275273058528e-15,Higher in basal-like
232855_at,"",3.89329204202943,6.63304958065571,-2.73975753862628,-16.6225700028955,32.0806526059282,2.52615235595509e-17,2.22411240035177e-15,Higher in luminal A
1558755_x_at,ZNF763,5.60334300923555,6.81734833283478,-1.21400532359923,-11.9279563664354,58.5849979505925,2.591051267213e-17,2.27758405200757e-15,Higher in luminal A
218584_at,TCTN1,6.98801704475568,8.05680538881252,-1.06878834405684,-11.3275556099752,67.977740764023,2.63151504347602e-17,2.30943956664609e-15,Higher in luminal A
227550_at,GFRA1,5.55975196726408,9.54293782040784,-3.98318585314376,-13.2520227991193,45.8958417955227,2.68546378814093e-17,2.35300853552252e-15,Higher in luminal A
214052_x_at,PRRC2C,7.32210437245476,6.04269989597422,1.27940447648054,11.5501892359346,63.921582707423,2.71121885133721e-17,2.37177425114979e-15,Higher in basal-like
205201_at,GLI3,7.08936690992207,8.68162161239975,-1.59225470247768,-11.3827022984228,66.7556788027113,2.74325173496539e-17,2.3959630768248e-15,Higher in luminal A
200853_at,H2AFZ,11.4676074130723,10.3191673226907,1.14844009038156,11.3610819751509,67.0658971686083,2.79385154179239e-17,2.43238587655253e-15,Higher in basal-like
219580_s_at,TMC5,4.63148062089406,8.9150695097732,-4.28358888887914,-11.6689380470158,61.9052565977397,2.81063686239036e-17,2.44310922815887e-15,Higher in luminal A
214404_x_at,SPDEF,7.25290801629399,9.29376507553284,-2.04085705923885,-12.2951028470577,53.9127853239317,2.86088670617397e-17,2.48284096285813e-15,Higher in luminal A
212914_at,CBX7,7.01582415912562,8.16827815811584,-1.15245399899022,-11.3802781992927,66.574542281524,2.87900666009435e-17,2.49460680096131e-15,Higher in luminal A
235386_at,"",4.99838042051994,6.2809191973995,-1.28253877687955,-12.0245479575381,56.9666152050137,2.8876079760915e-17,2.4981007293165e-15,Higher in luminal A
229130_at,"",5.96475684149205,8.38183284196894,-2.41707600047689,-11.3159233068421,67.7392182667703,2.8955301063435e-17,2.50099697573983e-15,Higher in luminal A
241937_s_at,WDR4,7.70896724791458,6.25678347151938,1.4521837763952,11.3079736741257,67.8800590303166,2.90154730505283e-17,2.50224130763034e-15,Higher in basal-like
209545_s_at,RIPK2,9.51264431140121,7.99071622805211,1.52192808334911,11.3165003041911,67.5078872141131,3.03195089901574e-17,2.61058134493993e-15,Higher in basal-like
223721_s_at,DNAJC12,4.24643766161635,8.09393310080316,-3.84749543918681,-13.7673919365328,42.3323351699195,3.12442117312026e-17,2.68597056038286e-15,Higher in luminal A
221276_s_at,SYNC,5.19690170870559,6.8763424178597,-1.67944070915411,-11.3004262700509,67.3359555320779,3.34810940658995e-17,2.86924579632141e-15,Higher in luminal A
210347_s_at,BCL11A,7.80069152588907,5.74784067628635,2.05285084960272,11.4778721840961,64.0737933202017,3.44035663639359e-17,2.93908592335656e-15,Higher in basal-like
214440_at,NAT1,6.36585765519273,11.0128359832301,-4.64697832803735,-13.956684517023,41.1037199749268,3.43867983612536e-17,2.93908592335656e-15,Higher in luminal A
201124_at,ITGB5,5.71304107060981,7.68545654387452,-1.97241547326472,-11.4509380834975,64.3151381193709,3.60744371581404e-17,3.07702004933124e-15,Higher in luminal A
226273_at,CLCN5,6.21666285617055,4.79155354073929,1.42510931543126,12.2414525255794,53.6271610451592,3.7166055386344e-17,3.16519326829962e-15,Higher in basal-like
1553749_at,FAM76B,5.30876012322807,3.99427720807387,1.3144829151542,11.322292356962,66.3350313383918,3.79749984450267e-17,3.22905604973847e-15,Higher in basal-like
226488_at,RCCD1,8.39717231211973,7.24713321466439,1.15003909745534,11.4501437182177,64.0874160332222,3.80926247173689e-17,3.23402834848159e-15,Higher in basal-like
201202_at,PCNA,10.7931953701369,9.56642329701076,1.22677207312618,11.2414585203041,67.7971898716807,3.83926403063727e-17,3.2544459050402e-15,Higher in basal-like
200848_at,AHCYL1,8.58883234628701,9.65151390604508,-1.06268155975807,-11.2381199553524,67.7252213270354,3.94823621330398e-17,3.34163800251385e-15,Higher in luminal A
225855_at,EPB41L5,5.69421207282051,7.41675603629437,-1.72254396347386,-11.3195792814861,66.1329390496241,4.0070694314743e-17,3.3861904353301e-15,Higher in luminal A
221685_s_at,SPDL1,7.6281926575563,6.34221919252815,1.28597346502816,11.5550471225947,62.1637459895656,4.01859044691075e-17,3.39068568958095e-15,Higher in basal-like
202199_s_at,SRPK1,7.71015554839595,6.4310617022347,1.27909384616125,11.7298372156389,59.574349279415,4.03007555242462e-17,3.39513683865664e-15,Higher in basal-like
229490_s_at,"",8.48997729063263,5.3954574037398,3.09451988689283,13.6521035367586,42.398300074812,4.06286081056625e-17,3.4122413950493e-15,Higher in basal-like
AFFX-HUMGAPDH/M33197_5_at,GAPDH,13.4762706605856,12.4335634109297,1.04270724965594,11.3597101509173,65.355644975882,4.05877701521827e-17,3.4122413950493e-15,Higher in basal-like
201185_at,HTRA1,8.8742312465834,11.2976270171393,-2.42339577055588,-11.2226801496199,67.8436206495988,4.09622205110716e-17,3.4244792147444e-15,Higher in luminal A
201761_at,MTHFD2,10.8847776524535,9.45134414214879,1.43343351030466,11.5285717923108,62.5010436490049,4.09302265177718e-17,3.4244792147444e-15,Higher in basal-like
204751_x_at,DSC2,8.47205322297963,5.79499302229798,2.67706020068165,11.2948355982809,66.4825123872477,4.09560480998863e-17,3.4244792147444e-15,Higher in basal-like
214428_x_at,C4B_2,7.71037262527754,11.2221709543631,-3.5117983290856,-11.253205186024,66.9310287609759,4.38580784106038e-17,3.65539700777403e-15,Higher in luminal A
227811_at,FGD3,7.08725830656154,9.1706412412528,-2.08338293469126,-13.0601130347414,45.9984082512749,4.39277490634693e-17,3.65563117206269e-15,Higher in luminal A
205296_at,RBL1,5.68114400308296,4.41157355996052,1.26957044312244,11.325259416508,65.5795354055208,4.41514600959274e-17,3.66866425645111e-15,Higher in basal-like
213441_x_at,SPDEF,7.8877154967163,9.21363523402703,-1.32591973731073,-11.8133939136318,58.0376960232197,4.47606215112786e-17,3.71363730065122e-15,Higher in luminal A
218741_at,CENPM,7.46374796760811,6.09927847380361,1.36446949380451,11.2039172978382,67.7637364139572,4.4846368915759e-17,3.71511397040776e-15,Higher in basal-like
224989_at,SMIM14,7.79052441448915,9.88191487524203,-2.09139046075288,-11.1883197673361,67.9859686335736,4.55967925373284e-17,3.77156525261487e-15,Higher in luminal A
219650_at,ERCC6L,5.64572293649049,4.30108395214273,1.34463898434775,11.4338233606126,63.4644848858246,4.66680396432487e-17,3.84852951356655e-15,Higher in basal-like
226452_at,PDK1,9.18549039384492,7.32964582767402,1.85584456617091,11.292596925216,65.8711922387584,4.70530636752998e-17,3.87443713320334e-15,Higher in basal-like
212492_s_at,KDM4B,8.30503164758536,10.0925356683363,-1.78750402075092,-13.6636404579782,41.9097361302101,4.90961333337761e-17,4.03052716219851e-15,Higher in luminal A
226198_at,TOM1L2,6.12824779602101,7.4197209140489,-1.29147311802789,-11.2733406252044,65.9953839480496,4.93772463126578e-17,4.04752764939215e-15,Higher in luminal A
202917_s_at,S100A8,10.2416132870128,5.63683842771761,4.60477485929518,12.0825436393305,54.333068560158,5.05876200571785e-17,4.14053611770394e-15,Higher in basal-like
222201_s_at,CASP8AP2,8.38588007645154,7.28047825913671,1.10540181731482,11.1588528585679,67.9976492485135,5.11341534518985e-17,4.17901321372579e-15,Higher in basal-like
219570_at,KIF16B,5.914714199013,7.33142726395854,-1.41671306494554,-11.1887905955261,67.2739590426982,5.2625425417977e-17,4.29447035034014e-15,Higher in luminal A
229865_at,LOC101928615,6.3106637750745,4.58850805969187,1.72215571538263,11.8818476651856,56.5234022671526,5.31979390053249e-17,4.33472029078411e-15,Higher in basal-like
201833_at,HDAC2,9.86495994105317,8.70207554341788,1.16288439763529,11.1965121015154,66.9235870178781,5.48687517968854e-17,4.46420982811712e-15,Higher in basal-like
241342_at,TMEM65,8.38596832870335,6.94391531228358,1.44205301641977,11.1823776499958,67.181993572741,5.49997833898234e-17,4.46822162977503e-15,Higher in basal-like
206550_s_at,NUP155,8.04121058742325,6.44885989065736,1.59235069676589,12.2413533564798,52.3395268820063,5.53249623321655e-17,4.48797079452693e-15,Higher in basal-like
242787_at,"",6.11837780254048,4.26740050538447,1.85097729715601,12.4882753130541,49.9320368908944,5.59511404425881e-17,4.53204237584964e-15,Higher in basal-like
229844_at,FOXP1,5.62973449185958,6.79252531166843,-1.16279081980885,-11.1495549005649,67.6137024484538,5.73350848368071e-17,4.63727183942666e-15,Higher in luminal A
59437_at,C9orf116,4.74631340506499,6.32234761685882,-1.57603421179383,-11.82362948754,56.9695126506909,5.75199165715428e-17,4.64534924453339e-15,Higher in luminal A
213422_s_at,MXRA8,8.06005511589888,9.88816434781803,-1.82810923191915,-11.2228247961146,66.1250233554364,5.84673242003196e-17,4.71489815730454e-15,Higher in luminal A
202933_s_at,YES1,10.2037921310082,8.9733096499017,1.23048248110651,11.2347816054809,65.8782605806062,5.87926676951656e-17,4.7341518501225e-15,Higher in basal-like
228915_at,DACH1,3.97024123855285,7.63756922807281,-3.66732798951996,-12.1256076563369,53.3372692438389,5.91221773389507e-17,4.75368389118696e-15,Higher in luminal A
212378_at,GART,9.17838801886707,8.1148074783886,1.06358054047847,11.151327683328,67.3768020242169,5.97388245761288e-17,4.79621179691607e-15,Higher in basal-like
224990_at,SMIM14,7.84474905649834,9.58596227182094,-1.7412132153226,-11.1702331172228,66.9951216445467,5.99478196500129e-17,4.80593407531445e-15,Higher in luminal A
203432_at,TMPO,8.44212587188432,7.04112357068546,1.40100230119886,11.1478214586067,67.3782982497108,6.05533369803824e-17,4.84736998448376e-15,Higher in basal-like
204798_at,MYB,7.38347381425982,10.0230001665341,-2.63952635227425,-11.1850119535747,66.629537615327,6.09990046348964e-17,4.87590727838152e-15,Higher in luminal A
230352_at,PRPS2,9.38195779116747,7.54352820149878,1.83842958966869,11.1119006662854,67.9999842768093,6.15951838247163e-17,4.91637470892899e-15,Higher in basal-like
202338_at,TK1,7.84643110070208,6.38791944012574,1.45851166057634,11.186028002471,66.5119565677531,6.22559456501772e-17,4.96187147000501e-15,Higher in basal-like
218164_at,SPATA20,7.18564001655475,8.74376825715458,-1.55812824059983,-11.1288435117118,67.5980566982903,6.24315932648204e-17,4.9686278919273e-15,Higher in luminal A
204015_s_at,DUSP4,6.58146139827321,9.19036238378189,-2.60890098550867,-11.7278508789383,57.7421315870678,6.52490837606522e-17,5.1853105444966e-15,Higher in luminal A
231969_at,STOX2,6.44357995509082,4.22305997591295,2.22051997917786,11.4949481931753,61.0151942617306,6.5930695408629e-17,5.23187339835528e-15,Higher in basal-like
204507_s_at,PPP3R1,5.7066373882388,4.35979817567165,1.34683921256714,11.1297794253947,67.1998762359663,6.74229472049784e-17,5.33480410771663e-15,Higher in basal-like
203422_at,POLD1,7.52503164313638,6.44885697382226,1.07617466931411,11.0807515683647,67.999947472361,6.97222554818188e-17,5.50876346599486e-15,Higher in basal-like
213007_at,FANCI,8.39250873506281,6.30524743099921,2.0872613040636,12.4272502167542,49.8147844910574,7.00985528025411e-17,5.53050270487581e-15,Higher in basal-like
211042_x_at,MIR6756,8.59172061677356,7.08698315018937,1.5047374665842,11.563156538559,59.417133707329,7.60996722768238e-17,5.99531640019502e-15,Higher in basal-like
226939_at,CPEB2,7.56080082063035,9.3488038506123,-1.78800302998195,-11.5664010948399,59.3575355727712,7.63457843658734e-17,6.00605145353112e-15,Higher in luminal A
201890_at,RRM2,10.1264841470694,7.24553518493985,2.8809489621296,13.0117978581447,44.8780955265203,7.78987976983667e-17,6.11942063815833e-15,Higher in basal-like
204061_at,PRKX,8.02874812388499,6.08012044443523,1.94862767944976,11.0828872795662,67.3944064068851,7.80205931418387e-17,6.12019502156389e-15,Higher in basal-like
208763_s_at,TSC22D3,8.63537782118109,10.2043312909425,-1.56895346976146,-11.3049811664903,63.1481369597909,8.14209683848996e-17,6.3777814418974e-15,Higher in luminal A
222781_s_at,C9orf40,7.59118381993739,5.94590519048418,1.64527862945321,11.3343221014193,62.6407646791752,8.17624209834771e-17,6.39536533229129e-15,Higher in basal-like
201798_s_at,MYOF,9.52940938199126,10.7560441810649,-1.22663479907365,-11.2937066078188,63.029410610701,8.72394624382594e-17,6.80430472013101e-15,Higher in luminal A
202854_at,HPRT1,9.95963127771079,8.75047967629713,1.20915160141366,11.0376939012174,67.6641023824915,8.84438550903703e-17,6.88841563684615e-15,Higher in basal-like
234978_at,SLC36A4,6.72578409647526,5.40653042823886,1.3192536682364,11.039530032834,67.5993669163728,8.89355850749609e-17,6.916860759564e-15,Higher in basal-like
201236_s_at,BTG2,8.59591971550159,10.9372180950893,-2.3412983795877,-11.7905567511084,55.7619148057038,8.95416050721243e-17,6.95410121778181e-15,Higher in luminal A
219315_s_at,TMEM204,6.92692722710762,8.32781439964709,-1.40088717253947,-11.2498247748402,63.5745555679038,9.12288913651562e-17,7.07509168140413e-15,Higher in luminal A
207688_s_at,INHBC,7.16574647271183,5.98236723569889,1.18337923701294,12.158543094536,51.4976761578441,9.36255682708839e-17,7.25067697621895e-15,Higher in basal-like
200790_at,ODC1,10.1933091474993,8.51816444855232,1.67514469894695,11.0061233346541,67.9882624407332,9.40803816230081e-17,7.27466730222942e-15,Higher in basal-like
222989_s_at,UBQLN1,8.23796358794594,6.95279822581037,1.28516536213557,11.036965811422,67.3610905077109,9.42014531317499e-17,7.27466730222942e-15,Higher in basal-like
223861_at,HORMAD1,7.70359578372527,3.33287961751437,4.3707161662109,13.652660202826,40.5063701760199,9.55570648082634e-17,7.36894572410691e-15,Higher in basal-like
204649_at,TROAP,7.58365447307433,6.23043318697671,1.35322128609762,11.1663688453378,64.6393044499427,9.96063704792298e-17,7.64884593532569e-15,Higher in basal-like
218239_s_at,GTPBP4,9.71757227454204,8.42038886021089,1.29718341433115,11.7073040711659,56.3246782168601,1.02123305154057e-16,7.83112441696782e-15,Higher in basal-like
210652_s_at,TTC39A,7.06146487678975,9.53315914434066,-2.47169426755092,-11.2933865422108,62.3051627608191,1.02815513961996e-16,7.87316278133355e-15,Higher in luminal A
223681_s_at,PATJ,7.60178461773199,9.00273395087971,-1.40094933314773,-11.2472937335516,63.0193464352196,1.04133724817237e-16,7.95624856549243e-15,Higher in luminal A
208511_at,PTTG3P,5.43274035829569,4.33061696037675,1.10212339791894,11.0258919691709,67.0576172282593,1.04557379207205e-16,7.97304701276696e-15,Higher in basal-like
201478_s_at,MIR664B,9.58932615004418,8.37490411637637,1.2144220336678,11.0107396898789,67.2454109418666,1.0694195126219e-16,8.14352532766054e-15,Higher in basal-like
235117_at,CHAC2,6.9882508242725,5.21860296341624,1.76964786085626,10.9720658007802,67.9960894546519,1.0760912402159e-16,8.18293304016753e-15,Higher in basal-like
213627_at,MAGED2,7.88979138985154,9.51897821939309,-1.62918682954155,-11.1355244983891,64.7884050337619,1.08659736027789e-16,8.23990439295337e-15,Higher in luminal A
228956_at,UGT8,6.81460515182845,3.22425813890235,3.5903470129261,13.0624403679444,43.7056880557604,1.08592129008101e-16,8.23990439295337e-15,Higher in basal-like
227512_at,MEX3A,8.53563088800238,6.84934317764633,1.68628771035605,10.9708168776521,67.7617515876464,1.13202153958892e-16,8.56061931909048e-15,Higher in basal-like
224903_at,UTP4,9.35344887826377,8.04725346825893,1.30619541000484,11.6095553552092,57.187966170447,1.13959010457883e-16,8.6059515148961e-15,Higher in basal-like
1553613_s_at,FOXC1,8.77857369279242,5.22308751447932,3.55548617831311,11.0528894624115,66.0760924075473,1.14618797162237e-16,8.64383825495904e-15,Higher in basal-like
219861_at,DNAJC17,6.03707451272422,7.04520328230699,-1.00812876958277,-11.2058331611218,63.2637263657964,1.15383540420507e-16,8.68952489323861e-15,Higher in luminal A
213564_x_at,LDHB,12.5912560188063,10.6707627647424,1.92049325406391,10.9587635814728,67.8402111330562,1.16969577742851e-16,8.79685235638295e-15,Higher in basal-like
221830_at,RAP2A,10.1462284938924,8.95669228215296,1.18953621173939,10.9446299756252,67.9856291411546,1.20312165258936e-16,9.0234123944202e-15,Higher in basal-like
38158_at,ESPL1,7.77210074547692,6.50017497727114,1.27192576820578,10.9732175860749,67.2851533777135,1.23112401203815e-16,9.20816762765882e-15,Higher in basal-like
202089_s_at,SLC39A6,8.9793468130398,11.4068297193789,-2.42748290633906,-12.0598476614965,51.575223921931,1.24966416595037e-16,9.33406943624815e-15,Higher in luminal A
213260_at,FOXC1,8.30440927032394,5.88900487661037,2.41540439371357,12.3277173284749,48.9668558244487,1.26003768400114e-16,9.39871219273699e-15,Higher in basal-like
234863_x_at,FBXO5,7.78803065635159,6.27073720652613,1.51729344982545,11.0450637956863,65.7543266340719,1.26200589184437e-16,9.40056841097968e-15,Higher in basal-like
216088_s_at,PSMA7,8.95428958981233,7.93981953109966,1.01447005871267,11.1207580487443,64.3277173160766,1.26794255374373e-16,9.41912488124166e-15,Higher in basal-like
234464_s_at,EME1,7.62204208522619,5.81535857631968,1.80668350890652,12.6725159412573,46.0840545302519,1.26649948184721e-16,9.41912488124166e-15,Higher in basal-like
222740_at,ATAD2,8.35160603345896,6.08166125966952,2.26994477378945,12.0252212615536,51.8110700170416,1.29803036136215e-16,9.60349255852172e-15,Higher in basal-like
212936_at,FAM172A,7.02884737246717,8.27392850183295,-1.24508112936579,-10.9235902757059,67.8665245951108,1.33906815320717e-16,9.89372314548673e-15,Higher in luminal A
221207_s_at,NBEA,5.44974695579158,7.31782372662513,-1.86807677083354,-10.9456641538023,67.2986233943718,1.3696804923151e-16,1.0106245737831e-14,Higher in luminal A
201479_at,MIR664B,10.2204034718982,9.01244482252551,1.20795864937273,11.0879822211959,64.544516854605,1.37363183702064e-16,1.01217413327632e-14,Higher in basal-like
213011_s_at,TPI1,11.7349078578076,10.5680914963685,1.16681636143907,11.1677349756602,63.0009502078069,1.41155897803083e-16,1.03814399836713e-14,Higher in basal-like
215207_x_at,NUS1,5.81988444983925,4.6015292374086,1.21835521243065,10.9234400554709,67.5932737081341,1.41267331465047e-16,1.03814399836713e-14,Higher in basal-like
225613_at,MAST4,5.96841234879087,8.20205554835659,-2.23364319956573,-11.2953290159323,60.833933829928,1.43042377576757e-16,1.04977744886029e-14,Higher in luminal A
227856_at,C4orf32,7.14018739417708,9.30057680100964,-2.16038940683257,-10.9815450778013,66.1487873504865,1.49343335150574e-16,1.09455051599969e-14,Higher in luminal A
204240_s_at,SMC2,7.38037974780506,5.60597849804426,1.77440124976081,10.9850687632855,66.0607421649862,1.49925976430965e-16,1.09734976725074e-14,Higher in basal-like
225996_at,LONRF2,4.42392871034566,7.53005642842093,-3.10612771807527,-10.8954791386281,67.78809362344,1.52092662230376e-16,1.11023582208889e-14,Higher in luminal A
201664_at,SMC4,10.5396174353679,9.0637011475771,1.47591628779078,11.1226942169328,63.3739866920974,1.54368653214261e-16,1.12534748193196e-14,Higher in basal-like
52940_at,SIGIRR,7.26473190856893,8.51067847983953,-1.24594657127059,-10.905409008675,67.4865940946909,1.54952068310195e-16,1.12809644938215e-14,Higher in luminal A
232997_at,"",4.96387704949838,7.42489577376154,-2.46101872426316,-10.9164234691612,67.1132251903492,1.59490557501799e-16,1.15959391375144e-14,Higher in luminal A
205284_at,URB2,7.51887150117997,6.48273819584847,1.0361333053315,10.9986669445347,65.1662707459807,1.70494775384695e-16,1.23631324193079e-14,Higher in basal-like
243341_at,"",5.75769213081315,4.19879166834483,1.55890046246832,11.6708885414943,54.8368147767428,1.73083955065875e-16,1.2517678893157e-14,Higher in basal-like
1554052_at,CNOT1,6.62745510058368,5.24858805578098,1.3788670448027,11.3592537334323,59.0088478696779,1.74809430529447e-16,1.25924975154118e-14,Higher in basal-like
233884_at,HIVEP3,4.15541208589324,6.36622782668488,-2.21081574079165,-12.1564951083757,49.5572478089493,1.74779635642105e-16,1.25924975154118e-14,Higher in luminal A
228346_at,ZNF844,5.94653790885599,7.21009675871928,-1.2635588498633,-10.8500055723372,67.9979671487495,1.75244366526028e-16,1.26072180786982e-14,Higher in luminal A
228252_at,PIF1,5.63857101132665,4.48588581279517,1.15268519853148,11.32471239737,59.496275952927,1.7608547269798e-16,1.26510817605283e-14,Higher in basal-like
200822_x_at,TPI1,11.640063357505,10.4684227315518,1.17164062595315,11.3531342642094,59.0286892063988,1.77838365985236e-16,1.27602528349643e-14,Higher in basal-like
215722_s_at,SNRPA1,8.20592679081069,7.05904726985454,1.14687952095615,10.9808839122242,65.0820713169748,1.85848664143171e-16,1.3300099099513e-14,Higher in basal-like
203696_s_at,RFC2,8.04986255585647,6.98050907852988,1.06935347732659,11.1564864132736,61.6812328397585,1.97128197440571e-16,1.40888682288408e-14,Higher in basal-like
233436_at,MTBP,5.4128655824939,4.02645274157198,1.38641284092191,10.8810322168988,66.4731857297504,2.07918145382381e-16,1.48406326354852e-14,Higher in basal-like
212985_at,APBB2,7.4475619181567,9.22396212135411,-1.77640020319741,-10.8210756378063,67.5746668517826,2.13225690485648e-16,1.51996279365095e-14,Higher in luminal A
206227_at,CILP,7.21886537952342,10.8046324325836,-3.58576705306022,-11.1514156688536,61.3771021766352,2.15029185123185e-16,1.5268468437156e-14,Higher in luminal A
229580_at,CLSTN2,4.29141299940409,8.41726617523119,-4.12585317582711,-12.3946479709162,46.8290298723898,2.1532466530786e-16,1.52696187752364e-14,Higher in luminal A
1555272_at,RSPH10B2,7.23823779643032,6.08399213571214,1.15424566071818,10.8879260314661,66.036182587091,2.20526718414472e-16,1.56182620846001e-14,Higher in basal-like
201030_x_at,LDHB,11.9986303845441,9.99630781796192,2.00232256658218,10.8734299797122,66.1372747677209,2.28844821553133e-16,1.61238281165174e-14,Higher in basal-like
228674_s_at,EML4,8.10706662492908,6.77820379314215,1.32886283178693,11.6225975738661,54.3855791055377,2.304433059013e-16,1.61947143318169e-14,Higher in basal-like
230147_at,F2RL2,5.3259695916118,8.63409694051561,-3.30812734890381,-10.8217467642811,66.8452301455306,2.44521177174846e-16,1.71180478387128e-14,Higher in luminal A
213923_at,RAP2B,9.34193576043672,8.2027169074432,1.13921885299352,10.8280186012059,66.6014335606581,2.50018419277262e-16,1.74805077672433e-14,Higher in basal-like
210053_at,TAF5,7.08607671186225,5.88932195835368,1.19675475350857,10.7728980263033,67.7222630653559,2.51391990085404e-16,1.75540958594118e-14,Higher in basal-like
218877_s_at,TRMT11,8.63303459671914,7.43704919765317,1.19598539906597,10.7592888925375,67.890207103972,2.57249307047701e-16,1.7940186049532e-14,Higher in basal-like
212423_at,ZCCHC24,7.50447694436642,9.57318395361296,-2.06870700924654,-10.8462658417868,66.068145057572,2.58122296067683e-16,1.79781357165612e-14,Higher in luminal A
211864_s_at,MYOF,8.31123433740406,9.62830190914501,-1.31706757174095,-10.7892687948946,67.2078335878492,2.59548488845823e-16,1.80315293870971e-14,Higher in luminal A
212800_at,STX6,6.83513598819007,5.4245986780365,1.41053731015357,10.7700654822844,67.6141241620882,2.59482575380148e-16,1.80315293870971e-14,Higher in basal-like
203749_s_at,RARA,5.82332643793701,7.06141393590546,-1.23808749796846,-10.8398089635376,66.1070750534883,2.6275196715644e-16,1.82309185333482e-14,Higher in luminal A
223315_at,NTN4,5.66234601246648,9.31475686585445,-3.65241085338797,-10.7822523697982,67.2299201592473,2.6578509132479e-16,1.84179972980772e-14,Higher in luminal A
223377_x_at,CISH,7.44668144368867,8.75018484669913,-1.30350340301045,-10.9063827672926,64.669400371603,2.69807005419239e-16,1.8673035469996e-14,Higher in luminal A
238045_at,TMEM65,5.97164786959414,4.76801505276044,1.2036328168337,11.2183033448442,59.1705453833995,2.79473222793259e-16,1.93175707411143e-14,Higher in basal-like
226456_at,RMI2,8.30729277900792,6.50255517723125,1.80473760177667,10.9932721858408,62.8699472726495,2.80991760361052e-16,1.93980107294703e-14,Higher in basal-like
235938_at,ARMC9,5.7103072840368,7.12388018299253,-1.41357289895573,-10.7704522892795,67.1248408971444,2.84183108670192e-16,1.95935831860564e-14,Higher in luminal A
209753_s_at,TMPO,6.33446211088857,4.51096751441327,1.8234945964753,11.8455372953801,51.0608703254368,2.88928636462757e-16,1.98956841292207e-14,Higher in basal-like
208777_s_at,PSMD11,10.2514895190634,9.12721302290539,1.12427649615806,10.8788537380379,64.8241270312888,2.90953244563755e-16,1.99906248539782e-14,Higher in basal-like
219037_at,RRP15,8.81639964322183,7.65740189970034,1.1589977435215,10.7335927795932,67.7742951308019,2.91404261703167e-16,1.99906248539782e-14,Higher in basal-like
243806_at,"",4.3874339760804,6.78454148375951,-2.39710750767911,-12.4183205388232,45.7897831034495,2.91101637673108e-16,1.99906248539782e-14,Higher in luminal A
235786_at,"",7.21450489570681,9.0014109109741,-1.78690601526729,-11.3079623475067,57.6523723561366,2.92190842443987e-16,2.00194665546679e-14,Higher in luminal A
226711_at,FOXN2,8.60800159536065,7.3747941033943,1.23320749196635,11.4169190955762,56.0800750091216,2.96282719598765e-16,2.02744151364987e-14,Higher in basal-like
218966_at,MYO5C,8.16468031576587,10.0134721706858,-1.8487918549199,-11.6195198620843,53.4856892533116,2.98514679488676e-16,2.04016126263042e-14,Higher in luminal A
223486_at,GTPBP8,7.54338554286571,6.48037802189559,1.06300752097011,10.70437797026,67.9115577047206,3.19403959397297e-16,2.17748272818543e-14,Higher in basal-like
229948_at,"",5.27903228806962,6.34460681653937,-1.06557452846975,-11.8834097124317,50.3197397066974,3.21089352201445e-16,2.18624661663935e-14,Higher in luminal A
218585_s_at,DTL,8.66950576571978,6.12372510263654,2.54578066308325,12.2198304171047,47.1354161443978,3.23258199493711e-16,2.19827637528839e-14,Higher in basal-like
237469_at,TOP2A,4.73675306603952,3.44755382318405,1.28919924285546,12.0539801531195,48.5823228826593,3.28032839083782e-16,2.22797459340445e-14,Higher in basal-like
202511_s_at,ATG5,9.29878113147809,8.24580481371421,1.05297631776388,10.903345677501,63.7557234230631,3.29011908905315e-16,2.23185187585584e-14,Higher in basal-like
214153_at,ELOVL5,6.06281856720802,7.22577923115895,-1.16296066395093,-11.0497660595234,61.0773011971258,3.35295973720243e-16,2.26884992118246e-14,Higher in luminal A
201655_s_at,HSPG2,9.02557265473066,10.2911092300629,-1.2655365753322,-10.7004125735635,67.7168522592093,3.3643775625184e-16,2.27376196824096e-14,Higher in luminal A
222027_at,NUCKS1,7.31745241017973,5.44978941829475,1.86766299188498,11.0544652303639,60.9156377208082,3.4152331681472e-16,2.30243987014116e-14,Higher in basal-like
219978_s_at,NUSAP1,7.65373161817897,5.39054210674938,2.2631895114296,10.842857655211,64.5846923871537,3.51034594973544e-16,2.36364734977568e-14,Higher in basal-like
225827_at,AGO2,9.5754964522073,8.0859703211714,1.4895261310359,10.7282413630088,66.6476982662449,3.67919013288262e-16,2.47428930523194e-14,Higher in basal-like
202908_at,WFS1,6.96315551467835,8.30779125741913,-1.34463574274078,-11.1171814555143,59.4578907340299,3.77184425915903e-16,2.5334838436059e-14,Higher in luminal A
225418_at,NECTIN2,8.05653988316818,9.31290594693,-1.25636606376183,-11.0183836567136,61.0078713212806,3.82559158125435e-16,2.56552854728178e-14,Higher in luminal A
228318_s_at,CRIPAK,8.00471683129582,9.38193872309069,-1.37722189179487,-10.6875268802791,67.298125843906,3.82893698140271e-16,2.56552854728178e-14,Higher in luminal A
234944_s_at,MTFR2,5.44439515101612,4.131860445196,1.31253470582012,11.528518488572,53.6203760551918,3.89394737286743e-16,2.60589440160988e-14,Higher in basal-like
218147_s_at,GLT8D1,7.66858590892358,8.75704491176097,-1.08845900283739,-10.7595467733191,65.6700286024561,3.92208667858162e-16,2.61831610685531e-14,Higher in luminal A
204444_at,KIF11,7.73414043834503,5.32341459893345,2.41072583941158,12.6427871564089,43.2905762470991,3.96698724156616e-16,2.64506131015402e-14,Higher in basal-like
223084_s_at,CCNDBP1,8.02455834544318,9.12949933351154,-1.10494098806836,-10.6825860515232,67.1883121920885,3.98591033484657e-16,2.65444150496633e-14,Higher in luminal A
204315_s_at,GTSE1,6.47965078356202,4.71031075675041,1.76934002681161,11.0514391083992,60.1700742529741,4.0795476941548e-16,2.71349477102085e-14,Higher in basal-like
223666_at,SNX5,5.93998801650738,4.66542881098832,1.27455920551906,11.027046306572,60.5663228007307,4.08498267208267e-16,2.71380835475237e-14,Higher in basal-like
213304_at,FAM179B,7.58337671088078,8.71664673524681,-1.13327002436604,-11.1253531542294,58.9392096653609,4.12875773966314e-16,2.73956103660294e-14,Higher in luminal A
208696_at,CCT5,10.922713002369,9.84855269341035,1.07416030895867,10.6467589652982,67.7456075957213,4.15062720571128e-16,2.75073384814866e-14,Higher in basal-like
218921_at,SIGIRR,6.3260737477401,7.4769847214638,-1.1509109737237,-10.8779905562719,62.9149425711819,4.31314041252174e-16,2.85497520647247e-14,Higher in luminal A
202352_s_at,PSMD12,9.90792932797854,8.6920688724326,1.21586045554594,10.7239309484933,65.8677943650988,4.34279423324391e-16,2.8676603224953e-14,Higher in basal-like
210008_s_at,MRPS12,6.76458383743928,5.73095028621842,1.03363355122086,10.8931047476692,62.6082444834773,4.3414349855056e-16,2.8676603224953e-14,Higher in basal-like
215807_s_at,PLXNB1,7.36900095097132,8.53560055087432,-1.16659959990301,-11.0089647449844,60.5612711995472,4.37221151198364e-16,2.88360270708933e-14,Higher in luminal A
209773_s_at,RRM2,9.89438753140615,6.87079954195298,3.02358798945317,12.6758245871267,42.7858956554827,4.42097812373076e-16,2.90874824205751e-14,Higher in basal-like
220238_s_at,KLHL7,5.30245410757886,3.63539450801599,1.66705959956287,11.3229047361651,55.7046891916869,4.51442794701342e-16,2.95954853720574e-14,Higher in basal-like
208029_s_at,LAPTM4B,11.0138182889525,9.359071882561,1.65474640639146,10.6165602313333,67.9196040639152,4.54009733837253e-16,2.97281223922776e-14,Higher in basal-like
206214_at,PLA2G7,7.10563242226614,4.88859536584042,2.21703705642572,10.6241980751052,67.6632173097604,4.61326777619167e-16,3.0171102352067e-14,Higher in basal-like
242839_at,"",6.44544545051043,5.36817598051507,1.07726946999536,10.6625983426311,66.7537269810434,4.68088061756823e-16,3.05767201631473e-14,Higher in basal-like
204060_s_at,PRKY,7.90304500289659,6.43864161098065,1.46440339191594,10.6032431060579,67.7496068514274,4.94018492900773e-16,3.21553108325593e-14,Higher in basal-like
224838_at,FOXP1,9.09871426527305,10.3504100505844,-1.25169578531132,-11.044569866355,59.4271385399692,4.94856535300879e-16,3.21715589388532e-14,Higher in luminal A
205624_at,CPA3,4.96953483127999,8.58821054487047,-3.61867571359048,-11.6091915180288,51.7682767683267,5.01574349597374e-16,3.25309342399008e-14,Higher in luminal A
205034_at,CCNE2,7.96112001496551,5.6030979971226,2.35802201784292,10.8389231778757,62.768744220997,5.1584824192223e-16,3.34170647240497e-14,Higher in basal-like
212667_at,SPARC,9.42711825546482,11.4641224525269,-2.03700419706205,-10.676190163752,65.8837974315357,5.22570324019551e-16,3.37971059769557e-14,Higher in luminal A
242283_at,DNAH14,6.84664378209091,5.30833307399594,1.53831070809497,10.8690092762158,62.1556964809468,5.22951104828615e-16,3.37971059769557e-14,Higher in basal-like
225421_at,PM20D2,8.79223514230014,6.44093026854029,2.35130487375985,11.2986041639625,55.1187734313777,5.70155666895576e-16,3.67609210937684e-14,Higher in basal-like
235429_at,EIF3E,6.92133752587515,5.55350010585603,1.36783742001912,10.6291231299958,66.3749636293965,5.73857636167053e-16,3.69560262160584e-14,Higher in basal-like
219440_at,RAI2,5.1523010390919,7.89359339916577,-2.74129236007387,-13.490361726584,37.4912110802992,5.80592520518341e-16,3.73457600698121e-14,Higher in luminal A
1569453_a_at,LOC692247,5.2307214114228,7.67863499494491,-2.44791358352211,-14.2094633242028,34.4090640039964,5.82702494385814e-16,3.74155256710426e-14,Higher in luminal A
220085_at,HELLS,7.52225218691272,5.28960391613116,2.23264827078156,10.9898088328298,59.5864233202494,5.83072623382865e-16,3.74155256710426e-14,Higher in basal-like
226978_at,PPARA,7.13766553996764,5.7715516669116,1.36611387305604,10.6439464493792,65.9713747591245,5.83730103290341e-16,3.74155256710426e-14,Higher in basal-like
202599_s_at,NRIP1,8.49340893219729,10.0740228960757,-1.58061396387842,-10.5584219506935,67.7644320873371,5.90060774088188e-16,3.7777017357461e-14,Higher in luminal A
201535_at,UBL3,7.80106231508422,9.05107507715719,-1.25001276207297,-10.8864642538133,61.1678821325223,6.03960784445466e-16,3.86217027948022e-14,Higher in luminal A
219646_at,DEF8,7.4304442020878,6.16968193913461,1.26076226295319,10.8743259744512,61.3634953703873,6.06136282811903e-16,3.87155388583421e-14,Higher in basal-like
219304_s_at,PDGFD,6.19775179857275,8.37162225298549,-2.17387045441274,-10.5466992709409,67.8388562890262,6.10376715320551e-16,3.88231303558752e-14,Higher in luminal A
228750_at,COL14A1,4.29283860005286,7.68627049715725,-3.39343189710439,-11.7033852200661,49.9803390546771,6.27220793504236e-16,3.9737308093678e-14,Higher in luminal A
223038_s_at,FAM60A,8.17363552124902,5.96577757743459,2.20785794381442,11.3575650791948,53.9560479243845,6.31451294031442e-16,3.99590272004272e-14,Higher in basal-like
216228_s_at,WDHD1,5.4054185078266,4.18049480689239,1.22492370093421,10.8643535851418,61.3351583370017,6.33010608190752e-16,4.00113930668548e-14,Higher in basal-like
218259_at,MKL2,8.80266346813612,9.85059029262136,-1.04792682448524,-10.5873186866503,66.7226136382823,6.3530967561674e-16,4.01103423953179e-14,Higher in luminal A
228204_at,PSMB4,8.66482655697033,7.62915107057011,1.03567548640022,10.7713392276965,62.9724257764029,6.40178437946257e-16,4.03711142960918e-14,Higher in basal-like
213346_at,TEX30,7.60382066315075,6.18763702572531,1.41618363742544,10.5400372109753,67.7081589875379,6.41846065504288e-16,4.04296470408375e-14,Higher in basal-like
225344_at,NCOA7,10.3624475956567,8.56130178414156,1.80114581151519,10.6157167107259,66.0458107103591,6.43577818566266e-16,4.04920796664103e-14,Higher in basal-like
230656_s_at,UTP4,9.13363521856384,7.71815852796382,1.41547669060002,10.879045783518,60.8992109243403,6.57774296002917e-16,4.12429009563756e-14,Higher in basal-like
224521_s_at,CCDC77,6.34034819873499,4.62841186100061,1.71193633773439,11.1318666820831,56.8575409114879,6.60762202800719e-16,4.13528799570392e-14,Higher in basal-like
210074_at,CTSV,7.93530396958147,6.08279734095103,1.85250662863045,11.0811657959119,57.3887209312027,6.96350051799046e-16,4.35119303795575e-14,Higher in basal-like
222722_at,OGN,4.9067458458136,8.87781595736875,-3.97107011155516,-11.6349893746201,50.3196263232551,7.03812883656582e-16,4.39280472761685e-14,Higher in luminal A
227211_at,PHF19,7.43526163028709,5.72674177560836,1.70851985467873,10.9994877700254,58.5089232699587,7.18751994030423e-16,4.48093104602205e-14,Higher in basal-like
215223_s_at,LOC100129518,9.52201984729022,7.15247446986739,2.36954537742282,10.4962375867247,67.9938622771365,7.27844733702185e-16,4.5324499789484e-14,Higher in basal-like
209869_at,ADRA2A,5.05493461711187,7.53397962785684,-2.47904501074497,-10.490835512768,67.9990170115401,7.4322957995907e-16,4.62298945213449e-14,Higher in luminal A
210983_s_at,MCM7,9.5736621283959,8.19442188834904,1.37924024004685,10.5403010125848,66.6838450645083,7.71722929494691e-16,4.79476717842298e-14,Higher in basal-like
226302_at,ATP8B1,7.05760046033819,8.86990088037191,-1.81230042003373,-10.4847885694427,67.7890784466866,7.9042186733087e-16,4.89980902452555e-14,Higher in luminal A
235709_at,GAS2L3,7.41923494388584,5.82532132580382,1.59391361808202,10.4969155974339,67.5176316258868,7.89945864877969e-16,4.89980902452555e-14,Higher in basal-like
236949_at,"",5.36221035162964,7.05116488358621,-1.68895453195657,-10.8991649695563,59.581345203392,8.13719688759125e-16,5.03851913736185e-14,Higher in luminal A
225911_at,NPNT,6.85654695175233,10.0514429834681,-3.19489603171577,-10.5425783788274,66.3103455560044,8.18883814191916e-16,5.06475933721075e-14,Higher in luminal A
225804_at,CYB5D2,6.22022654249806,7.46735176293039,-1.24712522043233,-11.1061893766286,56.3060936698776,8.2657238115216e-16,5.10653615135529e-14,Higher in luminal A
202311_s_at,COL1A1,8.00511247161772,10.5218242286077,-2.51671175698998,-10.4629360387017,67.9176215620295,8.43957769030074e-16,5.20805767739496e-14,Higher in luminal A
225968_at,PRICKLE2,5.36819804787652,7.26946393523377,-1.90126588735725,-10.4617370060827,67.8581011469679,8.56987440522205e-16,5.28250150062588e-14,Higher in luminal A
214191_at,ICA1,4.80780672312531,5.82911278183582,-1.02130605871051,-11.9831013463894,46.3023527958356,8.60837570809783e-16,5.30025835405686e-14,Higher in luminal A
221676_s_at,CORO1C,9.63395100694523,8.18835339045504,1.44559761649019,11.578038361972,50.1703988247889,8.81218459234817e-16,5.41355272569254e-14,Higher in basal-like
218193_s_at,GOLT1B,8.34778875868624,6.98978832629073,1.35800043239551,10.8087368442979,60.7212188297273,8.87961340107252e-16,5.44885367793087e-14,Higher in basal-like
216841_s_at,LOC100129518,7.99103339432765,5.62575470698582,2.36527868734182,10.4699785863128,67.4386786138221,8.9281342288822e-16,5.47248586282662e-14,Higher in basal-like
206273_at,PRELID3A,5.87745559445186,4.74549686043824,1.13195873401362,10.7824562763011,61.1490738407104,8.94831222635099e-16,5.47871188102733e-14,Higher in basal-like
214056_at,MCL1,7.45499737906798,6.08656631915175,1.36843105991623,10.5127931354887,66.4242168779798,9.02855652727514e-16,5.50771363504271e-14,Higher in basal-like
220694_at,ASAP1-IT1,7.74376478911558,6.51453358677638,1.2292312023392,10.4485510509485,67.8669289692722,9.02471976228827e-16,5.50771363504271e-14,Higher in basal-like
202589_at,TYMS,10.6691254397881,8.26498242796278,2.4041430118253,11.6505784465834,49.3124620213743,9.05208714084699e-16,5.51139047244776e-14,Higher in basal-like
221960_s_at,RAB2A,6.86525788673898,5.38713895434487,1.47811893239411,10.4439485115293,67.8046312341599,9.29519711327903e-16,5.64056495192598e-14,Higher in basal-like
204284_at,PPP1R3C,5.92363836759094,9.14443228820529,-3.22079392061435,-11.0880281451135,56.0548146912972,9.36336456673979e-16,5.675631459939e-14,Higher in luminal A
244691_at,SETD5,5.75126034213581,4.57712799183818,1.17413235029763,11.0331529349672,56.8333489799024,9.41998281142762e-16,5.70362746638766e-14,Higher in basal-like
201291_s_at,TOP2A,9.98343725489941,7.16174603775091,2.82169121714849,12.0603328337546,45.3481876140786,9.51341651683026e-16,5.75382796523998e-14,Higher in basal-like
215359_x_at,LOC101060181,7.80215964280499,8.82503041556663,-1.02287077276164,-10.9796454820223,57.5445741505441,9.64216796325058e-16,5.8252545126047e-14,Higher in luminal A
218807_at,VAV3,8.41112368678258,10.8212738003816,-2.410150113599,-10.6866914479394,62.4887951599357,9.75234548608098e-16,5.87882568303724e-14,Higher in luminal A
222600_s_at,UBA6,8.65665597566732,7.4169701349622,1.23968584070512,10.5473014217266,65.2099488049841,9.85725225992489e-16,5.93552056510345e-14,Higher in basal-like
211761_s_at,CACYBP,10.8204437028204,9.7492426755539,1.07120102726646,10.5234587938335,65.6938815507942,9.89608589411892e-16,5.95234869373985e-14,Higher in basal-like
223864_at,ANKRD30A,4.72742908087289,10.5562666935627,-5.82883761268979,-13.115163758063,38.2324090824156,9.94691135871397e-16,5.97634481909546e-14,Higher in luminal A
1555993_at,CACNA1D,4.65468847053645,6.66121786026117,-2.00652938972472,-12.3422565899875,43.007387642981,1.00175021098534e-15,6.01215068996965e-14,Higher in luminal A
212330_at,TFDP1,10.2489871963217,9.092562015575,1.15642518074667,10.7098623325216,61.8833048763317,1.00999082549548e-15,6.04832950536312e-14,Higher in basal-like
203909_at,SLC9A6,8.02388686905996,6.5920516784931,1.43183519056685,10.49444788982,66.19731813869,1.01219329961193e-15,6.05488716151888e-14,Higher in basal-like
216977_x_at,SNRPA1,9.18501108168341,8.03989629319902,1.14511478848439,10.5098932879834,65.8272838964498,1.01878302559838e-15,6.08764611197722e-14,Higher in basal-like
219544_at,BORA,7.50398715073218,6.21966032646771,1.28432682426447,10.4311138226068,67.4627636241454,1.03955272009431e-15,6.19145370056168e-14,Higher in basal-like
228811_at,"",5.19373772362202,6.43120240564035,-1.23746468201833,-11.5459741094428,49.8916700032952,1.05875458475954e-15,6.29895613946984e-14,Higher in luminal A
218564_at,RFWD3,6.67715482891297,5.27782451655947,1.3993303123535,10.6789162197893,62.0938734131008,1.08800348173236e-15,6.46593373518658e-14,Higher in basal-like
1053_at,RFC2,8.01613398692252,6.95514902018425,1.06098496673827,10.5020992030184,65.5950708928233,1.09657768161592e-15,6.50275322585146e-14,Higher in basal-like
215624_at,TSC2,4.50963161892715,5.65224876572107,-1.14261714679393,-11.1532878743893,54.4710211219273,1.106553735205e-15,6.54062978079279e-14,Higher in luminal A
234222_at,"",3.99646368891536,7.11884633379995,-3.12238264488459,-13.4869453095345,36.1829947528017,1.105198318607e-15,6.54062978079279e-14,Higher in luminal A
AFFX-DapX-3_at,"",8.88403213845759,10.3722539844327,-1.48822184597512,-11.5768784650235,49.3979055692129,1.11149031147222e-15,6.56271412308248e-14,Higher in luminal A
241370_at,LOC286052,7.84148083350103,6.27144059246802,1.57004024103301,10.4136647783758,67.4637644238048,1.11505268752918e-15,6.57664570557257e-14,Higher in basal-like
1555281_x_at,ARMC8,5.55346003650225,4.34190765530623,1.21155238119602,10.8073133879383,59.6686581013781,1.11906721311208e-15,6.59321119363178e-14,Higher in basal-like
225064_at,RABEP1,7.2717078587455,9.03847181429311,-1.76676395554761,-11.8618709274589,46.4411979937274,1.17576573011247e-15,6.89753125471022e-14,Higher in luminal A
210766_s_at,CSE1L,9.88105838396546,8.81328387523186,1.0677745087336,10.3815764900346,67.8392309843419,1.18886807909609e-15,6.96691985258079e-14,Higher in basal-like
203859_s_at,PALM,6.56119616638972,7.57582699454208,-1.01463082815236,-10.377067598004,67.9199170104111,1.1939807443097e-15,6.98938942132042e-14,Higher in luminal A
205471_s_at,DACH1,3.77011290981095,6.92138324042556,-3.15127033061461,-11.1956191772198,53.6023390594872,1.19682464860108e-15,6.99854413500149e-14,Higher in luminal A
AFFX-r2-Bs-dap-3_at,"",8.87288362683951,10.3430093385876,-1.47012571174812,-11.0620924987141,55.390114254508,1.20546411591321e-15,7.04153317708918e-14,Higher in luminal A
204128_s_at,RFC3,6.95412453503751,5.26692320578993,1.68720132924758,10.5379297907621,64.2870827728326,1.21692687463078e-15,7.10090468201046e-14,Higher in basal-like
219922_s_at,LTBP3,8.32760838882309,9.63919894575506,-1.31159055693197,-10.3834107021628,67.6485609719763,1.21977907603568e-15,7.10995959299048e-14,Higher in luminal A
224699_s_at,ESYT2,9.58599664615182,8.40505103409516,1.18094561205666,10.5052078419556,64.9183443244709,1.22810764466687e-15,7.15088237190216e-14,Higher in basal-like
201821_s_at,TIMM17A,9.79404143805713,8.7880993552415,1.00594208281562,10.3704141879638,67.7709631046718,1.25856414108146e-15,7.32042493762009e-14,Higher in basal-like
212780_at,SOS1,8.25759542955744,7.20819055970288,1.04940486985455,10.4085464847418,66.8426404055347,1.26992113429513e-15,7.37863315808565e-14,Higher in basal-like
205376_at,INPP4B,4.73772459312169,7.26596206073031,-2.52823746760863,-11.7138431484785,47.5626873769804,1.27757496806877e-15,7.41522413791506e-14,Higher in luminal A
204863_s_at,IL6ST,6.53310584629957,8.66836223269528,-2.13525638639572,-10.3717705934254,67.4479706104223,1.32382464748029e-15,7.66738480942636e-14,Higher in luminal A
233105_at,"",4.77760299005241,6.0864273060974,-1.30882431604499,-11.1188714323423,54.2305960937422,1.32276907739082e-15,7.66738480942636e-14,Higher in luminal A
221833_at,LOC100507577,6.49987038347563,8.35314739975847,-1.85327701628284,-11.0459493755485,55.2229070690488,1.32824852475333e-15,7.68486646464426e-14,Higher in luminal A
201725_at,CDC123,9.7855275085998,8.74822587246973,1.03730163613007,10.9467482304304,56.569159224562,1.36126171426705e-15,7.85923803881216e-14,Higher in basal-like
226004_at,CABLES2,7.67813493476664,6.63604918640683,1.04208574835982,10.3375762722846,67.9998805707381,1.38207156011233e-15,7.97096651362253e-14,Higher in basal-like
201312_s_at,SH3BGRL,10.2539951564194,11.9531879929807,-1.69919283656135,-11.5802659101739,48.6022570362379,1.39653909225729e-15,8.04591937504397e-14,Higher in luminal A
200747_s_at,NUMA1,8.63890645628672,9.80634817959152,-1.1674417233048,-11.3086078517217,51.5919297135469,1.40385820120148e-15,8.07957338428324e-14,Higher in luminal A
204306_s_at,CD151,8.12395748430995,9.20662596878551,-1.08266848447557,-10.3318515350569,67.948016843547,1.42714026156404e-15,8.20493099905509e-14,Higher in luminal A
221046_s_at,GTPBP8,8.50332590700425,7.44933335349195,1.0539925535123,10.5667662625648,62.8665010332593,1.43132253891546e-15,8.22033191336165e-14,Higher in basal-like
226692_at,MIR1282,7.45770340372382,8.49693867733607,-1.03923527361225,-10.4947886590225,64.2593831448803,1.44738721996675e-15,8.3038715898932e-14,Higher in luminal A
230906_at,GALNT10,6.49169910204743,8.0204386806602,-1.52873957861277,-10.760751219663,59.2207074564132,1.46339961401549e-15,8.37815433469076e-14,Higher in luminal A
225655_at,UHRF1,9.16281650475641,7.09295048819864,2.06986601655776,10.9676747228136,55.9150938476363,1.47629898820442e-15,8.44316393097038e-14,Higher in basal-like
227020_at,YPEL2,7.31919874988516,8.53994123098414,-1.22074248109898,-11.083476712288,54.0896550506871,1.54675714442555e-15,8.82765624963122e-14,Higher in luminal A
1555279_at,ARMC8,5.18069844256317,4.10918196711896,1.07151647544421,11.1317061440604,53.342479794241,1.58822031211772e-15,9.05484312461278e-14,Higher in basal-like
228790_at,FAM110B,5.37170417099701,7.40027003921166,-2.02856586821465,-10.4690715002519,64.2690220390551,1.59727074008083e-15,9.09695601186658e-14,Higher in luminal A
209535_s_at,"",6.26545437965195,4.45283936880737,1.81261501084457,11.2549299043031,51.745998644856,1.60549696527538e-15,9.11923180491584e-14,Higher in basal-like
218353_at,RGS5,6.5541673571857,9.03846264197396,-2.48429528478826,-10.5672593205439,62.2708533208222,1.60618568415802e-15,9.11923180491584e-14,Higher in luminal A
201923_at,PRDX4,11.1577280027322,9.98700362047736,1.17072438225488,10.9442305877036,55.8887136296713,1.61297547944798e-15,9.14828157041684e-14,Higher in basal-like
1566342_at,SOD2,8.98806145102175,7.0321012827658,1.95596016825595,10.4033832423814,65.5565077657699,1.63171725069053e-15,9.24498867165853e-14,Higher in basal-like
213647_at,DNA2,6.90328119611841,5.54109401079004,1.36218718532838,10.2957284529833,67.9621341658304,1.64839225172289e-15,9.32221477242411e-14,Higher in basal-like
218218_at,APPL2,6.62428861891362,8.02725759100085,-1.40296897208722,-10.3186805119086,67.4172874910438,1.64875750981877e-15,9.32221477242411e-14,Higher in luminal A
226076_s_at,MBD6,5.85439408402862,7.0718556430262,-1.21746155899759,-10.3340542132064,67.0423551481181,1.65354486752783e-15,9.33962454876901e-14,Higher in luminal A
208627_s_at,YBX1,11.9331159609324,10.7272899656708,1.20582599526152,10.4104694951926,65.3186407514805,1.65653720185656e-15,9.34687012502654e-14,Higher in basal-like
215397_x_at,"",5.0002315305835,7.61995222703319,-2.61972069644969,-14.1640708238176,32.6748908059214,1.67918742528707e-15,9.46490437913099e-14,Higher in luminal A
203975_s_at,CHAF1A,6.79415322384687,5.65365208169361,1.14050114215326,10.4959395989006,63.3282895887092,1.71950760080316e-15,9.68219135673663e-14,Higher in basal-like
234095_at,"",4.80166507319006,6.09777162542835,-1.29610655223829,-11.1289789224497,53.0248304815622,1.73980933759607e-15,9.7864275239779e-14,Higher in luminal A
219258_at,TIPIN,6.71061231293187,5.3784904678494,1.33212184508247,10.2933451492602,67.6895393644483,1.74336670641341e-15,9.79635916476394e-14,Higher in basal-like
203570_at,LOXL1,7.78758989904327,9.76233435133084,-1.97474445228757,-10.5823112828517,61.5608716198616,1.74734565196122e-15,9.80863691180487e-14,Higher in luminal A
219698_s_at,METTL4,7.08023891667938,6.07113604363499,1.00910287304439,10.294407016186,67.6215029936489,1.75614596300612e-15,9.84792620793431e-14,Higher in basal-like
213488_at,SNED1,6.18498483380315,7.62939579135595,-1.44441095755281,-10.3438429410057,66.2736961752277,1.81896097539172e-15,1.01792928689399e-13,Higher in luminal A
219208_at,FBXO11,4.66676397683322,3.35562054729514,1.31114342953808,11.4163994074402,49.3245984931243,1.88240392314341e-15,1.0491379663391e-13,Higher in basal-like
225676_s_at,DCAF13,9.93366054452818,8.66330640782277,1.27035413670541,10.2681340547713,67.8423278449057,1.88148063000034e-15,1.0491379663391e-13,Higher in basal-like
212771_at,FAM171A1,9.10056448263029,7.22317999534405,1.87738448728624,10.266409621673,67.8304015732068,1.89851151335816e-15,1.05703785125109e-13,Higher in basal-like
218875_s_at,FBXO5,7.24418838710946,5.48414774177597,1.76004064533349,11.2604212597281,51.0490119651381,1.90682950309459e-15,1.06058904457474e-13,Higher in basal-like
228810_at,CCNYL1,6.69740836998882,5.43436373557704,1.26304463441178,10.2628459724463,67.841556965836,1.92253068734811e-15,1.06823542002803e-13,Higher in basal-like
1569867_at,EME2,5.32529651055644,6.79330103944101,-1.46800452888458,-11.261024547059,50.9905409387986,1.93389650269185e-15,1.07261356441197e-13,Higher in luminal A
203702_s_at,TTLL4,8.40944651332451,6.60819122379328,1.80125528953123,11.0274822429694,53.9605916150491,1.93433374396013e-15,1.07261356441197e-13,Higher in basal-like
218418_s_at,KANK2,7.57813444838493,9.01268205305274,-1.43454760466781,-10.3536918489279,65.6820580523536,1.94263972576352e-15,1.07612793319271e-13,Higher in luminal A
213626_at,CBR4,7.28885031963108,8.58956762940337,-1.30071730977229,-10.258508650807,67.7766503160473,1.97821708418869e-15,1.09362001090007e-13,Higher in luminal A
212508_at,MOAP1,8.11554523209421,9.17533080070414,-1.05978556860993,-10.3349718555049,65.8709900310195,2.02347580951602e-15,1.1175105038918e-13,Higher in luminal A
232596_at,DIAPH3,5.38423039590205,3.87954244889645,1.5046879470056,11.4165264325101,48.9068378389776,2.12578213347616e-15,1.17282682288405e-13,Higher in basal-like
222794_x_at,MTPAP,9.43330549052021,8.41133404677421,1.021971443746,10.3806143220454,64.5882682005805,2.12854251446856e-15,1.1731659473646e-13,Higher in basal-like
226030_at,ACADSB,5.85995792920196,7.97513171842277,-2.11517378922081,-11.3911116803125,49.149110486161,2.14544393360298e-15,1.18129050422702e-13,Higher in luminal A
225092_at,RABEP1,7.84445650364697,9.76535131505198,-1.92089481140501,-10.7784356818373,57.1356174666558,2.1755823070753e-15,1.19667970462115e-13,Higher in luminal A
222848_at,CENPK,6.36254811858484,4.58242172615811,1.78012639242673,10.6462872891696,59.2917161687074,2.19613298610496e-15,1.20555794192057e-13,Higher in basal-like
208808_s_at,HMGB2,11.5520146915919,10.0791445129256,1.47287017866629,10.3090877346055,65.4592240359817,2.41245927364859e-15,1.32165541870478e-13,Higher in basal-like
219173_at,MYO15B,5.72056627421847,6.9835470494058,-1.26298077518733,-10.7832901815415,56.5790133245221,2.42576046337507e-15,1.3270209627709e-13,Higher in luminal A
219481_at,TTC13,8.91922384884801,7.90205044912841,1.0171733997196,10.4791513793313,61.8796455691872,2.42710738504051e-15,1.3270209627709e-13,Higher in basal-like
205908_s_at,OMD,4.18816514472403,7.05767257716294,-2.86950743243892,-11.5021105990406,47.5700881829615,2.43131400373041e-15,1.327992938601e-13,Higher in luminal A
225611_at,MAST4,6.71600973556325,8.70928488889271,-1.99327515332946,-10.492701998052,61.5483213299055,2.46021785373027e-15,1.34243923306091e-13,Higher in luminal A
235956_at,CEP126,4.43743683582991,6.7492704337041,-2.31183359787419,-12.0225518993967,42.8971423155153,2.51456981643888e-15,1.37072886055629e-13,Higher in luminal A
212764_at,ZEB1,7.22467284254286,9.1354872405413,-1.91081439799845,-10.2175180022302,67.265790117126,2.5456305908559e-15,1.38489903039847e-13,Higher in luminal A
213651_at,INPP5J,5.86245860244508,7.08908330523522,-1.22662470279014,-11.2325190265377,50.2925795763972,2.57152170010527e-15,1.3975939259767e-13,Higher in luminal A
203758_at,CTSO,7.1131187717247,8.52730758516216,-1.41418881343745,-10.3123604112316,64.9777405909382,2.5949211109108e-15,1.40891074219511e-13,Higher in luminal A
206023_at,NMU,7.00665260067236,4.69656851283842,2.31008408783394,11.3065468849041,49.395327666049,2.61155713269413e-15,1.41653656974258e-13,Higher in basal-like
211709_s_at,CLEC11A,6.54227660934257,8.14038370981969,-1.59810710047712,-10.2191901894567,67.0385490820872,2.62761322616122e-15,1.42383303409678e-13,Higher in luminal A
213110_s_at,COL4A5,6.30900001213279,9.10201835377724,-2.79301834164445,-10.3596444610233,63.8249384475532,2.65827749078537e-15,1.43759962224224e-13,Higher in luminal A
232968_at,FANK1,5.09555534347074,7.08315372455399,-1.98759838108325,-10.9431400992464,53.8328080303292,2.6639159830685e-15,1.43922535942955e-13,Higher in luminal A
224185_at,"",6.67540066067981,5.4197225605212,1.25567810015861,10.230375619538,66.6523918499524,2.6827084675779e-15,1.44794753667149e-13,Higher in basal-like
239794_at,"",7.05640478347296,6.01486033509196,1.04154444838099,10.1859184272876,67.454451807902,2.80249990453456e-15,1.50962248552145e-13,Higher in basal-like
211063_s_at,NCK1,9.23055235670409,8.06943911975254,1.16111323695155,10.5095076726421,60.5508984199256,2.81686028208005e-15,1.51548537772944e-13,Higher in basal-like
223132_s_at,TRIM8,7.74468703817322,8.82967389831608,-1.08498686014286,-10.2936400333135,64.8832493890092,2.84146623957905e-15,1.52610183348708e-13,Higher in luminal A
219933_at,GLRX2,8.79449660734897,7.75399904828078,1.04049755906818,10.3449958798934,63.5996717724617,2.9338121404255e-15,1.57260959586043e-13,Higher in basal-like
221946_at,C9orf116,5.88609914715518,7.14326457571686,-1.25716542856168,-11.4957420511453,46.9943210363447,2.95733894285758e-15,1.58366803820508e-13,Higher in luminal A
219275_at,PDCD5,8.58704660346608,7.48543569411671,1.10161090934936,10.2071094085391,66.5391157597931,3.002972397152e-15,1.60496105390308e-13,Higher in basal-like
223556_at,HELLS,6.47737763036339,4.8141609620232,1.66321666834019,10.1996710698787,66.6715031034055,3.02512387939723e-15,1.61522117291058e-13,Higher in basal-like
227274_at,SYNJ2BP-COX16,7.57982947967782,8.6052520930661,-1.02542261338828,-10.2131524310971,66.3250138290398,3.04034225195097e-15,1.62176305000409e-13,Higher in luminal A
225836_s_at,RHNO1,7.2879997641813,5.89994595475249,1.3880538094288,10.5902458778026,58.6264013702375,3.10672841082367e-15,1.65394718463276e-13,Higher in basal-like
221024_s_at,SLC2A10,7.2441355891612,9.33182414111032,-2.08768855194912,-10.1478657952407,67.7061760653036,3.13633853331984e-15,1.66808666643251e-13,Higher in luminal A
205356_at,USP13,9.15559467933366,7.7980878735185,1.35750680581516,10.1379714735946,67.8911216282972,3.16718736714403e-15,1.68285684449563e-13,Higher in basal-like
218027_at,MRPL15,10.2314457674601,8.90786209969274,1.32358366776738,10.2263872900012,65.662389989868,3.23324580026612e-15,1.7146238033904e-13,Higher in basal-like
223479_s_at,CHCHD5,6.17090213352362,7.55625654507368,-1.38535441155006,-10.1950818497796,66.3308824142111,3.26538335468525e-15,1.72831398758389e-13,Higher in luminal A
203560_at,GGH,9.18329099618946,6.67202242754164,2.51126856864781,10.7480045548392,55.79485786224,3.28915231541898e-15,1.73921085924113e-13,Higher in basal-like
210639_s_at,ATG5,8.0848091546241,6.84962621491747,1.23518293970663,10.255078486693,64.7845923321785,3.36693331613053e-15,1.77643400255636e-13,Higher in basal-like
219786_at,TESMIN,5.22487086742677,6.74978685439074,-1.52491598696397,-10.1866868226456,66.1957543711163,3.45588572634321e-15,1.8185808670627e-13,Higher in luminal A
201111_at,CSE1L,9.42491569693112,8.30168366790874,1.12323202902239,10.1033816657905,67.9252233634907,3.62600596988214e-15,1.90626804233948e-13,Higher in basal-like
1555270_a_at,WFS1,5.89531552709291,7.15251162133265,-1.25719609423973,-10.8498437615948,53.8716485515189,3.63294873645826e-15,1.90808330610812e-13,Higher in luminal A
210886_x_at,TP53TG1,6.34860162152608,7.75646490530165,-1.40786328377557,-10.2450428589245,64.5057418811376,3.68074309757242e-15,1.92904408892718e-13,Higher in luminal A
232944_at,"",4.48247176109689,7.21411822105549,-2.73164645995861,-14.0032264970326,31.8524101645665,3.67891472538379e-15,1.92904408892718e-13,Higher in luminal A
219561_at,COPZ2,6.94908781374421,8.36729501653077,-1.41820720278656,-10.2475991866181,64.3647404020862,3.73669035413612e-15,1.95505784796548e-13,Higher in luminal A
227533_at,RALGPS2,5.87590508562504,8.03071162785992,-2.15480654223488,-10.0914994838669,67.8625903535014,3.84483690772107e-15,2.00608721386275e-13,Higher in luminal A
232398_at,CCDC150,5.4646106288409,3.88221231870996,1.58239831013094,10.8513329749728,53.6170738454924,3.84522981276298e-15,2.00608721386275e-13,Higher in basal-like
210154_at,ME2,7.55287914026885,6.09304344097243,1.45983569929641,10.4593446547369,59.903263494571,3.87263052479459e-15,2.01845637696038e-13,Higher in basal-like
1567213_at,PNN,6.44781988009906,5.43827620523172,1.00954367486734,10.1218769130991,67.0376120172244,3.89237587544018e-15,2.02681572371135e-13,Higher in basal-like
201125_s_at,ITGB5,9.28334979546777,10.7071209150887,-1.42377111962094,-10.3815528504413,61.2976759288125,3.93997579552082e-15,2.04964963482494e-13,Higher in luminal A
214761_at,ZNF423,5.96361030623841,7.64472278741836,-1.68111248117995,-10.2420736983787,64.1332820810738,3.97997194300688e-15,2.06848826980894e-13,Higher in luminal A
212921_at,SMYD2,7.16340932061112,5.80603991061066,1.35736941000046,10.3505698134286,61.8441124701768,3.99161539021823e-15,2.07256952953639e-13,Higher in basal-like
212142_at,MCM4,6.39533201712217,4.50850412326762,1.88682789385456,10.4016325160313,60.8239716132715,4.00473184512175e-15,2.07740715020903e-13,Higher in basal-like
1554408_a_at,TK1,8.81555468064581,7.23628942838343,1.57926525226238,10.2345378720403,64.1591330980979,4.08045040901766e-15,2.11467892050276e-13,Higher in basal-like
229172_at,HSPA12B,5.07534740376402,6.45132817336662,-1.3759807696026,-10.6920979030336,55.6884189539582,4.10558671414302e-15,2.12569084844479e-13,Higher in luminal A
203022_at,RNASEH2A,8.67410257022789,7.3172235374838,1.35687903274409,10.0786896463218,67.7620379064088,4.11745093666135e-15,2.12981674514626e-13,Higher in basal-like
206533_at,CHRNA5,5.56754945692369,3.91450513408805,1.65304432283564,11.0819659801915,50.3396085709133,4.13228810114626e-15,2.13547119026627e-13,Higher in basal-like
220296_at,"",5.76503442844975,7.103518910643,-1.33848448219324,-10.5018308217929,58.7674672163461,4.17389771174557e-15,2.15493727469017e-13,Higher in luminal A
227452_at,LINC00673,6.97961063138623,4.69996778258186,2.27964284880438,11.3965213304501,46.8153588367078,4.22342763464951e-15,2.1784519426836e-13,Higher in basal-like
1553510_s_at,CNOT9,7.68616111665553,6.5107136802306,1.17544743642493,10.1007787689895,66.9767711287254,4.28169714552059e-15,2.20434831856251e-13,Higher in basal-like
228816_at,ATP6AP1L,5.62352462058894,6.89418525881202,-1.27066063822308,-10.1527009975805,65.6988547491394,4.30942011741422e-15,2.21653381862298e-13,Higher in luminal A
205116_at,LAMA2,5.26819681380489,7.29936564623334,-2.03116883242845,-11.0040730515179,51.0814229042604,4.37483309609729e-15,2.24595304722178e-13,Higher in luminal A
233520_s_at,CMYA5,5.77685296305021,7.45939988782148,-1.68254692477127,-10.1270301009312,66.2195027173908,4.371473193336e-15,2.24595304722178e-13,Higher in luminal A
204127_at,RFC3,8.57588883022117,7.0654401179038,1.51044871231737,10.0767141925429,67.4331000006109,4.37901688228835e-15,2.24599200787163e-13,Higher in basal-like
212239_at,PIK3R1,7.35721148729789,8.71846949214328,-1.36125800484539,-10.0491652066736,67.9968617299915,4.47116903008682e-15,2.29110746691656e-13,Higher in luminal A
227703_s_at,SYTL4,5.24049294501165,7.36585047187451,-2.12535752686286,-10.2936311479432,62.3809975841509,4.48753599836883e-15,2.29734111152449e-13,Higher in luminal A
206373_at,ZIC1,7.47042835701665,4.21582270317137,3.25460565384528,10.1867121377804,64.6393987391934,4.52377545578742e-15,2.31372706309801e-13,Higher in basal-like
202147_s_at,IFRD1,8.45093158201742,7.20079121236783,1.25014036964958,10.0633511228493,67.545443491966,4.53945616778321e-15,2.31957725208922e-13,Higher in basal-like
235088_at,C4orf46,5.96158391907772,4.38406205668099,1.57752186239673,10.8404711995112,52.9299363248737,4.72208911946775e-15,2.40839759894495e-13,Higher in basal-like
225356_at,SFT2D2,10.3139283646389,8.99011640341144,1.32381196122748,10.1333443285723,65.5798109759714,4.75081837876593e-15,2.42079212356969e-13,Higher in basal-like
241453_at,PTK2,5.1814734579,3.56642519351536,1.61504826438464,10.8346710730336,52.9254013888957,4.82134496012339e-15,2.45444167313544e-13,Higher in basal-like
244310_at,"",5.97622133449419,7.20661712559551,-1.23039579110132,-10.031878190814,67.9258112041367,4.85305114892361e-15,2.46828438667347e-13,Higher in luminal A
204045_at,TCEAL1,6.63619401337843,8.3902813567585,-1.75408734338007,-10.8535082028384,52.6283601588681,4.86818475829415e-15,2.4736803128228e-13,Higher in luminal A
225291_at,PNPT1,9.56924799926722,8.47336219737089,1.09588580189633,10.1027237027972,65.8318016458188,5.14386485779083e-15,2.60891290445003e-13,Higher in basal-like
227363_s_at,EMC8,9.48534354021933,8.30350351136475,1.18184002885458,10.6189885404663,55.7806850652098,5.20768689608164e-15,2.63883485674943e-13,Higher in basal-like
204417_at,GALC,7.51261069948224,8.64384755389475,-1.13123685441252,-10.1961010299284,63.6016046690816,5.24020727589421e-15,2.65285493342144e-13,Higher in luminal A
219087_at,ASPN,8.51114056052342,11.9510970932611,-3.43995653273765,-10.1566721493686,64.4539611276024,5.2608529041573e-15,2.66084303917484e-13,Higher in luminal A
59375_at,MYO15B,6.22828829641255,7.35857262946208,-1.13028433304953,-10.6228287023684,55.5008350795238,5.47121971784918e-15,2.75958429957015e-13,Higher in luminal A
217764_s_at,RAB31,9.13885852977452,10.8124456387383,-1.67358710896381,-10.3859723191662,59.4565558615328,5.56933795900526e-15,2.8020561959204e-13,Higher in luminal A
229983_at,TIGD2,7.98991148284522,6.48752073373986,1.50239074910536,10.0399218169289,66.8718601896901,5.5708003382999e-15,2.8020561959204e-13,Higher in basal-like
1554080_at,CNOT9,6.59862973058244,5.47635572528124,1.1222740053012,10.0835852742316,65.803076700612,5.57989393300649e-15,2.80405055870524e-13,Higher in basal-like
210241_s_at,TP53TG1,6.08084157633694,7.43412720152524,-1.3532856251883,-9.99990087881307,67.7281334788498,5.70678410377272e-15,2.86255431994288e-13,Higher in luminal A
201412_at,LRP10,9.27052004383779,10.29980416236,-1.0292841185222,-9.99206327610885,67.8210121415481,5.80556209954178e-15,2.90410894595102e-13,Higher in luminal A
208795_s_at,MCM7,8.96871082853845,7.73868022470564,1.23003060383281,10.0442169752094,66.4502094612614,5.86745739650618e-15,2.93238787160855e-13,Higher in basal-like
203835_at,LRRC32,6.71638646471687,7.980205965687,-1.26381950097013,-10.2937825268356,60.9264134326624,5.90454104647506e-15,2.94822631704131e-13,Higher in luminal A
227562_at,LAMTOR3,6.01538843062901,7.27260317752602,-1.25721474689701,-10.161569762807,63.5197666577084,6.08504744461884e-15,3.03042287026725e-13,Higher in luminal A
1556474_a_at,LOC285097,3.59628638156845,7.37051845168482,-3.77423207011638,-13.6362461392988,32.2582814548943,6.1095821346576e-15,3.03950321394362e-13,Higher in luminal A
210115_at,RPL39L,7.08929924339577,5.80318394694213,1.28611529645364,9.96942927213512,67.9902708361454,6.19930617209451e-15,3.08133695417516e-13,Higher in basal-like
217906_at,KLHDC2,9.16411730015779,10.4067346905121,-1.24261739035434,-10.2552127629375,61.3465177488412,6.31249263861384e-15,3.1347460037803e-13,Higher in luminal A
219542_at,NEK11,6.18147863047692,7.38619342270042,-1.20471479222349,-10.1185986524437,64.051819252143,6.55625405082919e-15,3.24989293045409e-13,Higher in luminal A
221584_s_at,KCNMA1,6.95930278231364,8.67692272818537,-1.71761994587173,-10.3939985060773,58.3863786975942,6.71450314120562e-15,3.32532118881718e-13,Higher in luminal A
205131_x_at,CLEC11A,5.94224060179736,7.31737918854001,-1.37513858674264,-10.3045604821477,59.9351906879669,6.86760639072267e-15,3.39806678201595e-13,Higher in luminal A
214697_s_at,PTBP3,7.6416329661752,6.21701044942834,1.42462251674686,9.93876653743982,67.9919990942975,7.02566812391091e-15,3.46686285807608e-13,Higher in basal-like
218309_at,CAMK2N1,7.55201030533653,9.69360544262783,-2.14159513729129,-9.97969013748025,66.8249032527558,7.16161883901707e-15,3.52758117138071e-13,Higher in luminal A
203009_at,BCAM,5.25417515632719,6.45320628170244,-1.19903112537525,-11.4653272414458,44.4697210395044,7.17225129417182e-15,3.52963851943154e-13,Higher in luminal A
201695_s_at,PNP,8.95488861790324,7.56283649791622,1.39205211998702,10.1629040272887,62.5569592516302,7.19523026742313e-15,3.53458414080287e-13,Higher in basal-like
204407_at,TTF2,7.05367708817062,5.75411574029703,1.29956134787359,10.4856431735153,56.4732285808403,7.19460207001951e-15,3.53458414080287e-13,Higher in basal-like
230700_at,RTN4RL1,5.31360051149209,6.81699875413379,-1.50339824264169,-9.96686581880498,66.9235528851675,7.42432612195494e-15,3.64058323513799e-13,Higher in luminal A
204170_s_at,CKS2,10.615748142161,8.63253858234544,1.98320955981552,10.5613708298071,55.078815815339,7.47268219680568e-15,3.65540250675083e-13,Higher in basal-like
225195_at,DPH3,7.46044085542315,6.1678098562946,1.29263099912855,10.0941499287683,63.7011398946717,7.67249395276001e-15,3.74547863274244e-13,Higher in basal-like
204913_s_at,SOX11,7.3022292251823,4.10153885807472,3.20069036710758,10.4325607876906,57.0506539746562,7.70080553899007e-15,3.75594596649672e-13,Higher in basal-like
229127_at,JAM2,4.5820139920979,6.17336298413861,-1.59134899204071,-10.4524048645307,56.6770219437188,7.76066516913426e-15,3.77168327219925e-13,Higher in luminal A
212569_at,SMCHD1,8.51238606776024,7.45964163757918,1.05274443018107,10.2944671937808,59.4704958056916,7.81208699304053e-15,3.79330245421395e-13,Higher in basal-like
204231_s_at,FAAH,6.04288535644952,7.269259906006,-1.22637454955649,-9.91381402893405,67.9321298388773,7.8539573474205e-15,3.8102494939682e-13,Higher in luminal A
209189_at,FOS,8.05406767103362,10.959132216446,-2.9050645454124,-10.2470233192939,60.2936794723349,7.95523002438982e-15,3.8559592338964e-13,Higher in luminal A
212736_at,C16orf45,6.0051856117537,8.0238538642243,-2.0186682524706,-11.4330291033556,44.4340942867874,7.97247994374024e-15,3.85964179623913e-13,Higher in luminal A
225516_at,SLC7A2,5.94191519471566,9.93762505850364,-3.99570986378798,-11.7818219838049,41.5279000666593,7.9769460077736e-15,3.85964179623913e-13,Higher in luminal A
213089_at,LOC100272216,8.68282811981872,10.2032821380402,-1.52045401822152,-10.194650952732,61.2842793965479,8.04619276411162e-15,3.88626845740109e-13,Higher in luminal A
241577_at,"",5.25878436104253,7.12739105057716,-1.86860668953463,-13.3847987432142,32.6903630394048,8.12613099677443e-15,3.92141405338607e-13,Higher in luminal A
226608_at,C16orf87,6.19519653977029,4.92212224732969,1.27307429244059,10.2015830919274,61.0099405214897,8.24894143863047e-15,3.97716819362541e-13,Higher in basal-like
242890_at,"",6.76073212219548,4.88677922913573,1.87395289305975,9.95205426910549,66.6116492898086,8.28831670926915e-15,3.99263185972944e-13,Higher in basal-like
218057_x_at,EMC8,9.29278699315478,8.116055378148,1.17673161500678,10.284157871571,59.3550831470122,8.30483974471184e-15,3.99706965706091e-13,Higher in basal-like
201976_s_at,MYO10,9.20691203629347,7.51128112746721,1.69563090882626,9.89977162550191,67.8843749705816,8.38047937614455e-15,4.02638585141215e-13,Higher in basal-like
218156_s_at,TSR1,8.26400319625727,7.03970816114889,1.22429503510838,10.0986088952687,63.0665784014494,8.43007293886382e-15,4.04665704945022e-13,Higher in basal-like
218692_at,SYBU,5.46694615289522,8.18434796550172,-2.7174018126065,-9.96880936398884,66.0739939707147,8.45247354202124e-15,4.05385079745624e-13,Higher in luminal A
228053_s_at,TOMM5,10.4316681985251,9.38041378911078,1.05125440941432,9.93620611970812,66.8440792174063,8.51369248845787e-15,4.07963310084517e-13,Higher in basal-like
1559391_s_at,"",7.69956224351563,6.18772658540413,1.5118356581115,9.9809865178068,65.7012330342421,8.5564929328997e-15,4.0965521112635e-13,Higher in basal-like
204817_at,ESPL1,7.52634938818535,6.34139542721323,1.18495396097212,9.88849967466614,67.9985995286655,8.62186086502882e-15,4.12423659488583e-13,Higher in basal-like
57703_at,SENP5,6.65054420861427,5.28880523697251,1.36173897164175,10.1005010422002,62.6749462826908,8.97095993938069e-15,4.28373130729816e-13,Higher in basal-like
201621_at,NBL1,8.1611578243723,9.79364909338414,-1.63249126901184,-10.1851997971411,60.5268784362869,9.61318017112488e-15,4.56250543277997e-13,Higher in luminal A
223961_s_at,CISH,6.17393338256926,7.67499922283791,-1.50106584026866,-10.4620494465826,55.5113957127123,9.64593622702302e-15,4.57408120739362e-13,Higher in luminal A
220255_at,FANCE,7.10822955649613,6.00130645909654,1.10692309739959,10.2542677631673,59.1359974361261,9.69179623925311e-15,4.5918454019165e-13,Higher in basal-like
228396_at,PRKG1,6.49712078065154,7.93922672024501,-1.44210593959347,-9.95378731340331,65.5057841621228,9.85204830371983e-15,4.66372935935828e-13,Higher in luminal A
232347_x_at,"",7.98400791507096,9.02977456497571,-1.04576664990475,-9.85862904769234,67.8322422178747,9.99728004126133e-15,4.72838482920383e-13,Higher in luminal A
204624_at,ATP7B,5.04102431661379,6.83464209798696,-1.79361778137318,-10.3489662126925,57.2372631963271,1.00296672986944e-14,4.73960293479789e-13,Higher in luminal A
226806_s_at,NFIA,7.49334398372173,9.43565048642929,-1.94230650270756,-10.0160032376032,63.7271062655124,1.03787481481462e-14,4.89187978448184e-13,Higher in luminal A
224450_s_at,RIOK1,8.50631758222983,7.19459202243258,1.31172555979725,10.2249837575365,59.3229571340534,1.04227806991527e-14,4.90840253855449e-13,Higher in basal-like
205683_x_at,TPSAB1,6.29682156143416,9.69408756782049,-3.39726600638634,-10.5839963616723,53.2678350746815,1.04590723406827e-14,4.92125456305358e-13,Higher in luminal A
227350_at,HELLS,7.95260571582243,6.37561005830028,1.57699565752215,9.84131976032656,67.991560178691,1.04719290252247e-14,4.92306723520345e-13,Higher in basal-like
235410_at,NPHP3,6.63457210922068,7.76089136891325,-1.12631925969257,-10.0945890234858,61.7626615220672,1.08118721448041e-14,5.07415544649925e-13,Higher in luminal A
204573_at,CROT,7.20079177658397,8.68680169802824,-1.48600992144428,-10.8733279682717,49.2001542994507,1.10131747765747e-14,5.15535386052418e-13,Higher in luminal A
201162_at,IGFBP7,11.0238380991149,12.2958541974545,-1.2720160983396,-9.88677340979331,66.1355374784889,1.16421516410899e-14,5.43582101602555e-13,Higher in luminal A
228256_s_at,EPB41L4A,5.40880930405731,7.52301114377605,-2.11420183971874,-9.85377090354027,66.9570553292305,1.16830699935912e-14,5.44791311720983e-13,Higher in luminal A
233123_at,SLC40A1,5.81721950519623,8.73907578412677,-2.92185627893055,-11.9833772589341,39.0691270407176,1.16879782103103e-14,5.44791311720983e-13,Higher in luminal A
205009_at,TFF1,4.66411656369066,10.2363722520436,-5.57225568835296,-11.6905598563749,41.1219429012286,1.18300250444844e-14,5.50473718559305e-13,Higher in luminal A
208694_at,PRKDC,9.99911905875318,8.84769268067302,1.15142637808016,9.87081708646221,66.360700915757,1.19784708633152e-14,5.56907223173262e-13,Higher in basal-like
218820_at,C14orf132,5.98458303233862,8.17572162555819,-2.19113859321957,-9.81806400334858,67.6767755451611,1.20875752051781e-14,5.61502272169168e-13,Higher in luminal A
204823_at,NAV3,4.99486402241425,7.20591982195363,-2.21105579953938,-10.2761751268821,57.6161541363047,1.21032961968204e-14,5.61755279763288e-13,Higher in luminal A
221223_x_at,CISH,7.48345203703024,8.65483071277952,-1.17137867574928,-10.0933719118513,61.1517777863167,1.21390678487263e-14,5.62937688404672e-13,Higher in luminal A
210153_s_at,ME2,8.69672848969469,7.67179176556959,1.0249367241251,9.88873086094932,65.7716273988536,1.22456102496746e-14,5.67397237627933e-13,Higher in basal-like
222583_s_at,NUP50,6.64217710866708,5.4128191582662,1.22935795040088,9.81389665936356,67.6313334545858,1.23812763342803e-14,5.72712591858525e-13,Higher in basal-like
233214_at,"",7.30071721898429,8.36225836749389,-1.0615411485096,-9.80127275525614,67.9711191788208,1.23793072921337e-14,5.72712591858525e-13,Higher in luminal A
208952_s_at,LARP4B,8.47781997878885,7.35724934735797,1.12057063143088,9.81452382794622,67.42598134207,1.27452471129765e-14,5.88552690795598e-13,Higher in basal-like
218728_s_at,CNIH4,9.07090931121017,7.9829170541086,1.08799225710156,10.1969006958353,58.7025090590351,1.30593966096802e-14,6.02550641041573e-13,Higher in basal-like
AFFX-DapX-M_at,"",8.42640823110776,9.91368108028137,-1.48727284917361,-10.7327594431713,50.2975198189245,1.30790879015812e-14,6.02950363422388e-13,Higher in luminal A
228505_s_at,TMEM170A,5.87170014351801,4.35675660591452,1.51494353760349,10.391952404914,55.1620187838894,1.33480376030474e-14,6.13796430569063e-13,Higher in basal-like
215062_at,"",7.10889695353318,5.70594330687815,1.40295364665504,9.7776306889139,67.9989761970626,1.35828933717394e-14,6.23024073070344e-13,Higher in basal-like
218374_s_at,C12orf4,7.39172629879316,6.03724083295955,1.35448546583361,9.78419890660829,67.8230070880225,1.35788354807737e-14,6.23024073070344e-13,Higher in basal-like
230093_at,RSPH1,4.61340717501767,7.07596549324562,-2.46255831822796,-10.7992971961008,49.2038411689071,1.39699238939467e-14,6.39703173284366e-13,Higher in luminal A
210567_s_at,SKP2,6.1173620176173,4.24399220025305,1.87336981736425,11.2226583365958,44.5811589655383,1.41234586788512e-14,6.46192555034467e-13,Higher in basal-like
215623_x_at,SMC4,5.87297908995402,4.7135874964767,1.15939159347732,9.91150830509399,64.2723769078318,1.42912437529785e-14,6.52776735333416e-13,Higher in basal-like
217023_x_at,TPSB2,6.38526768234388,8.88133073446725,-2.49606305212337,-10.7690522638978,49.4640537355371,1.43937559940858e-14,6.56910358077332e-13,Higher in luminal A
222180_at,"",6.7871878205264,5.45561125189774,1.33157656862866,9.81598799081385,66.5484928376992,1.45161259967969e-14,6.61390990729061e-13,Higher in basal-like
225837_at,RHNO1,8.36028488296827,7.17302624700856,1.18725863595971,9.8153458214366,66.4415292528621,1.47994202208722e-14,6.73737136199992e-13,Higher in basal-like
229053_at,SYT17,4.44271904804557,6.94148976757976,-2.49877071953419,-10.8057469604458,48.8488265040397,1.50269176048554e-14,6.82956542016182e-13,Higher in luminal A
244811_at,PHIP,7.11279144671784,5.74774031216461,1.36505113455322,9.87079321495114,64.9129639853768,1.51192964297828e-14,6.86584329151476e-13,Higher in basal-like
204799_at,ZBED4,7.3408918997935,6.02945785355973,1.31143404623377,9.78029744249895,67.2143083972506,1.51387596588615e-14,6.86897663359547e-13,Higher in basal-like
1552680_a_at,KNL1,4.81750530569839,3.490953622928,1.32655168277039,11.1061341622306,45.4675252652132,1.52741983563095e-14,6.91894610713521e-13,Higher in basal-like
1553227_s_at,BRWD1,5.15103300413856,6.28778971269378,-1.13675670855522,-9.75709635860448,67.7707910233433,1.52942522768169e-14,6.92229505989206e-13,Higher in luminal A
218487_at,ALAD,7.05532205689704,8.12554781728597,-1.07022576038893,-9.76976474501377,67.3911894360781,1.53821837603586e-14,6.95633496358648e-13,Higher in luminal A
210084_x_at,TPSAB1,5.76366984296553,9.09665038946265,-3.33298054649712,-10.4582972041336,53.4592798144747,1.54438932355544e-14,6.97846993928873e-13,Higher in luminal A
219396_s_at,MIR631,6.03780339553864,7.45284778522801,-1.41504438968937,-10.5914655296141,51.476074282754,1.56149005627078e-14,7.04991484943064e-13,Higher in luminal A
216952_s_at,LMNB2,7.38399829442878,6.23011939231295,1.15387890211583,9.74929943075509,67.824812046989,1.56629554496161e-14,7.05995127129232e-13,Higher in basal-like
227212_s_at,PHF19,7.63058546094915,5.98853607509959,1.64204938584956,9.97499855503614,62.2773573968341,1.56561828985274e-14,7.05995127129232e-13,Higher in basal-like
1552921_a_at,FIGNL1,6.34567951494625,4.8840678977753,1.46161161717096,9.80504280364462,66.2372567609197,1.59304540557498e-14,7.16870432508739e-13,Higher in basal-like
225100_at,FBXO45,8.14573086464163,6.63385355780983,1.5118773068318,9.79161257463673,66.5350608570327,1.60560317793025e-14,7.21927251260991e-13,Higher in basal-like
229620_at,SEPP1,3.26691653841484,4.457774635057,-1.19085809664215,-10.4285387077416,53.7223721264647,1.61356046752507e-14,7.24908944633796e-13,Higher in luminal A
214594_x_at,ATP8B1,8.38295649233769,9.56384745118942,-1.18089095885173,-11.0975695753204,45.3538564030987,1.6214499431592e-14,7.27855300839319e-13,Higher in luminal A
228805_at,SIMC1,7.50380639579161,6.31608486634777,1.18772152944384,9.74098741784433,67.8047914604568,1.62548714472496e-14,7.29068988005228e-13,Higher in basal-like
202273_at,PDGFRB,7.6924506603849,9.14488277927813,-1.45243211889323,-9.73130118418846,67.9964239001705,1.64353707685888e-14,7.35673429023901e-13,Higher in luminal A
228401_at,ATAD2,7.96920335966293,6.19676934009263,1.7724340195703,10.363702798401,54.6628440059045,1.64424861502918e-14,7.35673429023901e-13,Higher in basal-like
218308_at,TACC3,7.7215682745994,6.3935772527013,1.3279910218981,9.96795575802494,62.1359371308694,1.64918435466515e-14,7.37278451278143e-13,Higher in basal-like
208092_s_at,FAM49A,6.43627955621693,5.21042245422897,1.22585710198796,9.83189982094211,65.1985666577701,1.68620138171211e-14,7.5286499646381e-13,Higher in basal-like
241595_at,"",6.460831798315,7.5753454941826,-1.1145136958676,-9.83599576374258,65.0473462746287,1.69967523285401e-14,7.57991381372699e-13,Higher in luminal A
223993_s_at,CNIH4,10.919167531671,9.84818966018595,1.07097787148507,9.88205535755187,63.6985589418594,1.7663236414059e-14,7.87072087154585e-13,Higher in basal-like
239376_at,DCLRE1C,7.13932343207597,5.81266747652681,1.32665595554916,9.93296104072639,62.4626501541129,1.78482013905761e-14,7.94666458493282e-13,Higher in basal-like
217979_at,TSPAN13,10.5059088153598,11.7151630045599,-1.20925418920008,-9.71022798780433,67.881052632481,1.82322389345275e-14,8.10445255077473e-13,Higher in luminal A
225330_at,IGF1R,7.4764645440788,9.97382920592256,-2.49736466184377,-10.2050994898261,56.8225640555803,1.84233935319972e-14,8.18277044160802e-13,Higher in luminal A
213094_at,ADGRG6,6.21357316692716,3.98603523071433,2.22753793621283,9.77651975939306,66.0100418163579,1.85213859643425e-14,8.21961670130216e-13,Higher in basal-like
232079_s_at,NECTIN2,6.39604540635913,8.03808254558652,-1.64203713922739,-10.5060232667975,51.8980395086429,1.8832165834104e-14,8.34399243905701e-13,Higher in luminal A
236139_at,"",5.81968270715343,4.56353907513698,1.25614363201646,10.2602487330464,55.7021704977418,1.90196780766154e-14,8.42025019302793e-13,Higher in basal-like
228067_at,KIAA1211L,6.20711221420283,7.91004074378644,-1.70292852958362,-9.70181148887487,67.8141502600068,1.90620795181424e-14,8.43219415578023e-13,Higher in luminal A
218979_at,RMI1,8.48705853963267,7.39437755881244,1.09268098082024,9.74372298579757,66.5667970646145,1.94007795202053e-14,8.57508181299291e-13,Higher in basal-like
207331_at,CENPF,4.83532789520152,3.68129179817263,1.15403609702889,10.7601089456519,48.3421173929131,1.9896140626462e-14,8.77983445320264e-13,Higher in basal-like
209653_at,KPNA4,7.4056930686203,5.87966367944824,1.52602938917207,9.90134793664063,62.5348847930974,1.99352722825429e-14,8.79000816167768e-13,Higher in basal-like
232914_s_at,SYTL2,7.76453062217873,9.99683863494377,-2.23230801276504,-10.7636703837024,48.2869391343288,1.99618068189424e-14,8.79461553445345e-13,Higher in luminal A
1555905_a_at,TCAIM,6.07179811716144,4.68292830647572,1.38886981068572,9.69176774136418,67.7203792688986,2.01430354070072e-14,8.8673144998238e-13,Higher in basal-like
211695_x_at,MUC1,5.88551328403585,7.93140839931606,-2.04589511528021,-9.82489607713465,64.2407008148328,2.02460239197203e-14,8.90548155921728e-13,Higher in luminal A
210175_at,GCFC2,6.75534542852905,5.7140830009904,1.04126242753865,9.86264905571486,63.3027554024656,2.0366967679767e-14,8.9393621616072e-13,Higher in basal-like
218856_at,TNFRSF21,9.05156051816784,7.540036862381,1.51152365578684,9.69149404117428,67.6519349235543,2.03720992288296e-14,8.9393621616072e-13,Higher in basal-like
201360_at,CST3,9.60629903384374,11.2742961794342,-1.66799714559048,-9.87017358932201,63.1132824749832,2.04130086874648e-14,8.95013031264744e-13,Higher in luminal A
205907_s_at,OMD,4.35965733900013,7.2419972813816,-2.88233994238147,-10.7146155916937,48.7625871572764,2.06082853658529e-14,9.02128104385914e-13,Higher in luminal A
218295_s_at,NUP50,7.24449836651092,5.85049638533807,1.39400198117285,9.70274678348202,67.2318935397116,2.07176427279423e-14,9.06189692920195e-13,Higher in basal-like
212527_at,DESI1,7.06734585380597,5.93159109564312,1.13575475816285,9.67494615650457,67.9779774628676,2.07757393694236e-14,9.08004436469414e-13,Higher in basal-like
204359_at,LOC100506718,5.61837632120312,7.70867681943377,-2.09030049823065,-9.9498329724965,61.2141093492693,2.07996588559406e-14,9.08323760342292e-13,Higher in luminal A
1561166_a_at,"",4.82301416759385,6.14145168061429,-1.31843751302044,-9.74034701763929,66.1424621075475,2.09970729690641e-14,9.16213060322092e-13,Higher in luminal A
214051_at,TMSB15B,7.99043535695745,6.11866063714907,1.87177471980838,9.88348462632433,62.6021020563258,2.11282620353287e-14,9.21202333956615e-13,Higher in basal-like
224944_at,TMPO,9.54929157204342,8.46998077611274,1.07931079593068,9.67069047237643,67.9588316956996,2.12022201213326e-14,9.23690346720206e-13,Higher in basal-like
216450_x_at,HSP90B1,7.45413805447871,5.98924664569965,1.46489140877906,9.8987628942804,62.2000487093694,2.13269633649061e-14,9.26937294112856e-13,Higher in basal-like
225981_at,HID1,6.1402108194191,7.24334368280372,-1.10313286338462,-10.2153593507716,55.9325183989506,2.12997975519901e-14,9.26937294112856e-13,Higher in luminal A
216958_s_at,IVD,6.83171978057311,7.96459395086523,-1.13287417029212,-9.67776344345395,67.7068843634816,2.13767429105773e-14,9.28334724889447e-13,Higher in luminal A
224523_s_at,CMSS1,8.9767877781276,7.69753651553256,1.27925126259504,9.67794034967328,67.4934949982398,2.20492306917612e-14,9.55262827315405e-13,Higher in basal-like
242590_at,"",5.72250430553912,7.08473510024127,-1.36223079470216,-10.4840164971097,51.5483849049968,2.20379308475589e-14,9.55262827315405e-13,Higher in luminal A
218486_at,KLF11,7.8175204477474,6.5968978331775,1.2206226145699,9.72464612648633,66.1983171719971,2.21811680025584e-14,9.60218021013367e-13,Higher in basal-like
236946_at,"",6.51261182115891,5.24079695786059,1.27181486329832,9.74760122403655,65.5260093003954,2.24452312626751e-14,9.70880553233199e-13,Higher in basal-like
227733_at,TMEM63C,5.20775942260722,6.46663369471362,-1.25887427210639,-10.1340093178873,57.1234613065036,2.24745533252513e-14,9.71380397674399e-13,Higher in luminal A
242024_at,"",5.28614950971471,7.11408298366894,-1.82793347395423,-9.75804500422787,65.2343392568474,2.25338327818128e-14,9.73173228551036e-13,Higher in luminal A
203744_at,HMGB3,8.89319138224495,7.22563051126985,1.66756087097509,10.0718020031482,58.2709970016415,2.25864693473328e-14,9.74676567928508e-13,Higher in basal-like
228033_at,E2F7,6.17229685389009,4.23038556950177,1.94191128438832,9.88866402459533,61.9954881289961,2.29734842345264e-14,9.90595623440641e-13,Higher in basal-like
219494_at,RAD54B,7.1633882246638,5.64766076351792,1.51572746114588,9.66942051807771,67.4086298892344,2.31218645573715e-14,9.95534117429919e-13,Higher in basal-like
219682_s_at,TBX3,5.8122035428015,8.48268036723031,-2.67047682442882,-10.0258798507308,59.0494622818791,2.31244321744124e-14,9.95534117429919e-13,Higher in luminal A
204052_s_at,SFRP4,5.43372827899116,8.34194764832688,-2.90821936933572,-10.0568647392686,58.3980602743769,2.33007093137558e-14,1.00233381725381e-12,Higher in luminal A
219983_at,HRASLS,7.01023726201978,4.8604667084494,2.14977055357038,9.65318239144257,67.6188274116163,2.39542914837853e-14,1.0272163818635e-12,Higher in basal-like
228854_at,"",4.33361914865083,7.54501551200237,-3.21139636335154,-11.1868765072062,43.2295609767265,2.3944702352613e-14,1.0272163818635e-12,Higher in luminal A
239948_at,NUP153,5.17827471994234,4.17063137541367,1.00764334452867,9.97707570593049,59.8593464148323,2.3921388127563e-14,1.0272163818635e-12,Higher in basal-like
226822_at,STOX2,6.72296516904771,5.4902490120077,1.23271615704,10.0107807528304,59.1582408028081,2.39785230822898e-14,1.02744964696254e-12,Higher in basal-like
235444_at,FOXP1,6.34562847772001,7.67548114814215,-1.32985267042214,-9.89392781276187,61.6053260727792,2.40821759543326e-14,1.03108298379259e-12,Higher in luminal A
226921_at,UBR1,7.70456005377332,8.75776710560226,-1.05320705182894,-9.83880323428482,62.8323998029114,2.41949321988861e-14,1.0351000923115e-12,Higher in luminal A
225468_at,PATL1,7.93070252296687,6.84798302897499,1.08271949399188,9.63430297540882,67.9988703226821,2.44813060865477e-14,1.04446728668089e-12,Higher in basal-like
237246_at,"",5.31297862909922,4.0852120258311,1.22776660326812,9.63479282209379,67.9825515337612,2.4490298336075e-14,1.04446728668089e-12,Higher in basal-like
201266_at,TXNRD1,9.22702323315882,8.15707725999804,1.06994597316078,9.72904667288419,65.4307691826426,2.45451616376194e-14,1.04599120228904e-12,Higher in basal-like
213381_at,VSTM4,4.71746896878265,5.79509339384537,-1.07762442506273,-10.0287500828231,58.6195510803237,2.48052172258747e-14,1.05625019612516e-12,Higher in luminal A
1553145_at,TAPT1-AS1,6.18706035735104,7.46167301745228,-1.27461266010125,-9.69346164910843,66.2396629721519,2.50055166906285e-14,1.06312334763617e-12,Higher in luminal A
212311_at,SEL1L3,7.51143815534333,5.53444790446886,1.97699025087446,9.96451101447473,59.8304263493928,2.52184194985166e-14,1.07132869739195e-12,Higher in basal-like
209505_at,NR2F1,5.06228702524771,7.37593470052909,-2.31364767528138,-9.99177751706224,59.2433018651268,2.53476477199192e-14,1.07516108540464e-12,Higher in luminal A
223258_s_at,G2E3,6.85393056652603,5.65027740895358,1.20365315757245,9.95376673509219,60.0126527833389,2.54101147663283e-14,1.07697521306124e-12,Higher in basal-like
218886_at,PAK1IP1,7.83665410790379,6.65221601447295,1.18443809343084,9.86865313393379,61.8213217389942,2.55796955867942e-14,1.08332289404181e-12,Higher in basal-like
232078_at,NECTIN2,6.03380538215655,7.77615638942351,-1.74235100726696,-10.1717313647911,55.8009585014834,2.56031988842766e-14,1.08347902399212e-12,Higher in luminal A
201014_s_at,PAICS,9.56795407247508,8.04267145828675,1.52528261418833,9.68002795796089,66.4242242995231,2.56731319449162e-14,1.08559821275197e-12,Higher in basal-like
AFFX-r2-Bs-dap-M_at,"",8.32399222047931,9.80266626085137,-1.47867404037206,-10.4057869743476,51.9762453105824,2.59906400949971e-14,1.098174843272e-12,Higher in luminal A
223179_at,YPEL3,7.37383141793764,8.54338115308217,-1.16954973514453,-9.67685505418729,66.4082800355513,2.60686431561248e-14,1.09892294877496e-12,Higher in luminal A
1553528_a_at,TAF5,6.45347751482112,5.30283820878658,1.15063930603455,9.68531052192628,66.0242490532377,2.6708754691199e-14,1.12301752125972e-12,Higher in basal-like
218039_at,NUSAP1,9.2195222110879,6.75781657611618,2.46170563497172,11.1785134307939,42.9233726551525,2.70341434843185e-14,1.13524715438181e-12,Higher in basal-like
203664_s_at,POLR2D,7.07443218993076,6.06836320469408,1.00606898523668,9.98542919108139,59.0136427976124,2.70889772940994e-14,1.13667677172286e-12,Higher in basal-like
1555679_a_at,RTN4IP1,6.37888885834974,5.16701299949099,1.21187585885874,9.71250149481056,65.0491600556883,2.78422143899888e-14,1.1664927753047e-12,Higher in basal-like
221881_s_at,CLIC4,7.44166643351617,5.7392247423678,1.70244169114838,9.70161460681594,65.3335538864679,2.78219902552265e-14,1.1664927753047e-12,Higher in basal-like
203405_at,PSMG1,8.83552694855594,7.35059425730489,1.48493269125105,9.72680984683632,64.6566781388396,2.79710805384604e-14,1.17009856804921e-12,Higher in basal-like
238738_at,"",6.65411009410357,5.46399154558901,1.19011854851456,9.60218062688673,67.9956799943728,2.79553701261812e-14,1.17009856804921e-12,Higher in basal-like
218982_s_at,MRPS17,8.52407814585369,7.48226094146144,1.04181720439225,9.68573551041398,65.6014429030936,2.84515808225924e-14,1.18838058172287e-12,Higher in basal-like
219502_at,NEIL3,5.91428283234473,4.28017412056559,1.63410871177914,10.7037475039203,47.6008470049227,2.89983473865545e-14,1.21029362088539e-12,Higher in basal-like
229072_at,RAB30,4.95883460893253,7.49324309503489,-2.53440848610236,-11.1097373598425,43.3172775430412,2.91350636364683e-14,1.21414603988102e-12,Higher in luminal A
212865_s_at,COL14A1,5.28193184599719,8.3980528875193,-3.1161210415221,-9.95411164350972,59.1380095920693,2.97736492921196e-14,1.23981285228228e-12,Higher in luminal A
243918_at,"",5.98153110555951,4.55786171848609,1.42366938707342,9.6063542019183,67.4210527531184,2.98798347737609e-14,1.24328764555204e-12,Higher in basal-like
211814_s_at,CCNE2,6.46070983260392,4.11851248743298,2.34219734517093,10.3964810665265,51.446728153312,3.03400513206629e-14,1.25989089009411e-12,Higher in basal-like
216474_x_at,TPSB2,6.21633878559572,9.69986895803715,-3.48353017244143,-10.1540486826383,55.2683567405189,3.04427204998314e-14,1.26286475214589e-12,Higher in luminal A
232166_at,CEP126,4.11417324530433,5.9857885077054,-1.87161526240107,-11.5747032880086,39.33752348081,3.07307703610056e-14,1.27384751287944e-12,Higher in luminal A
213428_s_at,COL6A1,10.4270729441352,12.0985224849206,-1.67144954078539,-9.7611817371997,63.1970774447662,3.08781543119128e-14,1.27898718712412e-12,Higher in luminal A
224204_x_at,ARNTL2,7.11048474290177,5.18036635368937,1.93011838921241,10.107474882673,55.9523988239108,3.12933399832685e-14,1.29422342177398e-12,Higher in basal-like
209049_s_at,ZMYND8,8.46906758504749,9.63804708357174,-1.16897949852425,-10.2338138681706,53.7894301688908,3.13764806942939e-14,1.29668108991725e-12,Higher in luminal A
226582_at,LOC400043,6.83134170405126,8.22215094405395,-1.39080924000269,-9.57566480528872,67.9356857052663,3.14519846688678e-14,1.29881968411657e-12,Higher in luminal A
212813_at,JAM3,6.8861037296017,8.36646227043095,-1.48035854082926,-9.57824108835882,67.771626843367,3.18662138357169e-14,1.3139406044252e-12,Higher in luminal A
206632_s_at,APOBEC3B,8.21809613160774,5.32453374798224,2.8935623836255,9.56446107274412,67.9966448185171,3.26499181741036e-14,1.34422761759723e-12,Higher in basal-like
244568_at,"",5.29991352094513,4.08412213283946,1.21579138810568,9.74415413473938,63.1407237725345,3.33214562678062e-14,1.37084320650286e-12,Higher in basal-like
204345_at,COL16A1,8.06988969506981,9.67174580013683,-1.60185610506703,-9.54744966727586,67.9980582870885,3.50139524565378e-14,1.43507335124528e-12,Higher in luminal A
205251_at,PER2,7.66774284863832,8.87258817509012,-1.2048453264518,-9.59776182286266,66.5924739341058,3.4967258864372e-14,1.43507335124528e-12,Higher in luminal A
212359_s_at,ZSWIM8,8.0387841721039,9.09618188593648,-1.05739771383258,-9.63561765849887,65.5677593820734,3.49957379499719e-14,1.43507335124528e-12,Higher in luminal A
208152_s_at,DDX21,9.8927095622214,8.84415193411219,1.04855762810922,9.92751594881842,58.6676538097273,3.58759968012442e-14,1.46930346450039e-12,Higher in basal-like
AFFX-r2-Bs-thr-3_s_at,"",7.43920363198978,8.84053641856145,-1.40133278657168,-10.8667259207226,44.988330934721,3.6221411031785e-14,1.48233955700812e-12,Higher in luminal A
220892_s_at,PSAT1,7.52078671742495,5.24378437088415,2.27700234654079,10.816986797301,45.4635797517918,3.67532243684418e-14,1.50185541281357e-12,Higher in basal-like
219414_at,CLSTN2,4.18620195712654,6.30340803146954,-2.117206074343,-10.6934048346917,46.7657950542866,3.75043114453927e-14,1.53140270969145e-12,Higher in luminal A
209053_s_at,WHSC1,7.60351483285128,6.43188087413632,1.17163395871497,9.62987645983947,65.2068228330173,3.78442469681982e-14,1.54413000222853e-12,Higher in basal-like
231938_at,SGO1,5.48678402311011,4.34389419176669,1.14288983134341,10.9012357632767,44.471618838143,3.7972253147825e-14,1.5481975696177e-12,Higher in basal-like
209541_at,IGF1,5.52734058925025,8.65331492089507,-3.12597433164482,-9.76433834426378,61.8604036444811,3.80682382002022e-14,1.55095448852165e-12,Higher in luminal A
226846_at,PHYHD1,5.57617993624204,7.72727221974273,-2.15109228350069,-9.83450044733243,60.2840672018846,3.80989448802363e-14,1.55104974782347e-12,Higher in luminal A
207724_s_at,SPAST,5.87615222538836,4.76413597959953,1.11201624578883,9.77710291260779,61.4958926989938,3.85303333210269e-14,1.56744492137436e-12,Higher in basal-like
202709_at,FMOD,7.43006762812425,9.29775714234564,-1.86768951422139,-9.68648924786015,63.6422917398706,3.85733471668017e-14,1.56802807163188e-12,Higher in luminal A
215708_s_at,PRIM2B,6.363893416871,4.73201914791508,1.63187426895591,9.61486959160534,65.4335560865186,3.88310532276569e-14,1.57733122973413e-12,Higher in basal-like
225520_at,LOC101928195,8.19932249979334,6.49245354004407,1.70686895974927,9.71252432963098,62.9390550017534,3.89909381177714e-14,1.58264999375587e-12,Higher in basal-like
1569490_at,FNDC3B,4.85095930204131,3.73161141827767,1.11934788376365,10.0968425838767,54.9039776316614,4.02576875052111e-14,1.63164496986465e-12,Higher in basal-like
204497_at,ADCY9,7.02746613549312,8.52331357035783,-1.49584743486472,-10.1262334891237,54.3119698165991,4.10066223156163e-14,1.65831144608456e-12,Higher in luminal A
203256_at,CDH3,9.48712924688958,7.27570699648528,2.2114222504043,9.50900734064876,67.9270223284985,4.14429934174009e-14,1.67224772331837e-12,Higher in basal-like
201727_s_at,ELAVL1,7.46784296921664,6.43707334948705,1.03076961972959,9.50582989098051,67.9885078058685,4.16253094532203e-14,1.67795715731626e-12,Higher in basal-like
225866_at,RPF2,9.39271268271665,8.32267636914605,1.0700363135706,9.52735157166499,67.3648103771992,4.16458685409816e-14,1.67795715731626e-12,Higher in basal-like
201860_s_at,PLAT,6.48222198927997,9.44704347364453,-2.96482148436457,-9.88414942970146,58.694776934551,4.19886374284529e-14,1.69052190824791e-12,Higher in luminal A
205933_at,SETBP1,6.35993571209868,8.30900917980786,-1.94907346770918,-9.52309843064416,67.3591772438361,4.24130187795654e-14,1.70509691306819e-12,Higher in luminal A
237968_at,ATL2,5.6138116210008,3.70474820152784,1.90906341947295,10.9617142897303,43.4146106451152,4.35623047661433e-14,1.74616496560769e-12,Higher in basal-like
227650_at,HSPA14,7.59303760882658,6.10794499131656,1.48509261751002,9.54872394754095,66.4402190532848,4.36575699635072e-14,1.74822757384715e-12,Higher in basal-like
244396_at,G3BP1,5.23138969505824,4.03644742555491,1.19494226950332,9.57272078598028,65.7754694261683,4.37140308450369e-14,1.74840134341799e-12,Higher in basal-like
220094_s_at,MCUR1,9.4743641303757,8.31576840973803,1.15859572063767,9.52789296254681,66.9997113858075,4.38022584266254e-14,1.75064947330098e-12,Higher in basal-like
229088_at,ENPP1,4.78081432482402,6.75935010025054,-1.97853577542653,-10.0154544246569,55.9223428784929,4.39048924600764e-14,1.75346968243585e-12,Higher in luminal A
204510_at,CDC7,7.76700745063708,5.90107153086306,1.86593591977402,9.74500086810791,61.4314807022362,4.40988566304461e-14,1.75993064691214e-12,Higher in basal-like
222992_s_at,NDUFB9,11.8454685298734,10.8307384127296,1.01473011714387,9.49746918369402,67.6992370342744,4.48876485752403e-14,1.79010370959246e-12,Higher in basal-like
227359_at,OSCP1,5.46437609276517,6.77368836561897,-1.3093122728538,-10.019832199297,55.6578458194788,4.55505764005726e-14,1.8138949487992e-12,Higher in luminal A
201791_s_at,DHCR7,8.32907043675998,6.74937305898979,1.57969737777019,9.60452435626442,64.6447790491156,4.5666206302709e-14,1.81717600407614e-12,Higher in basal-like
223785_at,FANCI,6.08983622575152,4.62363839939723,1.46619782635428,10.2949348001868,51.1394752815713,4.59303215863118e-14,1.8250293115782e-12,Higher in basal-like
229381_at,C1orf64,5.29017796319674,7.5784355395112,-2.28825757631446,-12.3049275264874,33.9413686271597,4.59898102613339e-14,1.82606599567061e-12,Higher in luminal A
209882_at,RIT1,8.29851530444626,7.19642815714427,1.10208714730199,9.47892088811593,67.9417438773718,4.68193513404164e-14,1.85765459690658e-12,Higher in basal-like
228073_at,NANP,7.8276815161002,6.80692197822098,1.02075953787922,9.62279764743745,63.9463582357851,4.731841706193e-14,1.87362920544991e-12,Higher in basal-like
229543_at,FAM26F,5.83390912166432,3.99401134568986,1.83989777597446,10.1307833244854,53.5568736150558,4.7324772432123e-14,1.87362920544991e-12,Higher in basal-like
227103_s_at,ECE2,7.43650308974267,5.96724590297357,1.4692571867691,9.97125780651058,56.2849849052549,4.79935935660588e-14,1.89325377216758e-12,Higher in basal-like
235123_at,"",8.70263278468153,10.4510610579347,-1.74842827325313,-9.70648950985876,61.6915688042511,4.90112030560073e-14,1.92644682033587e-12,Higher in luminal A
210754_s_at,LYN,8.80114865405617,7.25205102566635,1.54909762838982,9.49618115256258,67.0780929828594,4.93093996539376e-14,1.93399671885153e-12,Higher in basal-like
AFFX-ThrX-3_at,"",6.89660707598817,8.24354400061655,-1.34693692462838,-10.6340321102335,46.4418293732287,4.92886864716486e-14,1.93399671885153e-12,Higher in luminal A
203851_at,IGFBP6,6.05689615565418,7.487657031363,-1.43076087570882,-9.76783915613249,60.214018675364,4.97359266557082e-14,1.9493274479576e-12,Higher in luminal A
220917_s_at,WDR19,6.7381616418155,8.08697947663329,-1.34881783481779,-10.0379710739724,54.8409053918633,5.03161725725457e-14,1.96783743591126e-12,Higher in luminal A
219463_at,LAMP5,5.6468616564651,8.01883963622157,-2.37197797975647,-11.0185297503336,42.3566454901339,5.12329447294982e-14,1.99940132268759e-12,Higher in luminal A
228971_at,SLC25A3,6.217936682439,7.50025042303973,-1.28231374060073,-9.61216109632965,63.690398402117,5.13766693541227e-14,2.00215210045378e-12,Higher in luminal A
236322_at,"",7.83376268823166,6.24828597617888,1.58547671205278,9.58503834144347,64.3351248642023,5.17710891091601e-14,2.01608568165479e-12,Higher in basal-like
203637_s_at,MID1,7.90406291186903,5.54180676644142,2.3622561454276,9.59716499104631,64.0007316851571,5.19492078229406e-14,2.02014433692694e-12,Higher in basal-like
1558511_s_at,ESYT2,8.95588889797259,7.79397173928315,1.16191715868945,9.66996410101885,62.0607178579287,5.31523664900793e-14,2.06399548142407e-12,Higher in basal-like
243241_at,"",3.64336321970657,8.23103125565103,-4.58766803594446,-13.6697696583892,28.3345923512727,5.31959828749417e-14,2.06422311120471e-12,Higher in luminal A
221870_at,EHD2,7.40741713278291,8.47173467534093,-1.06431754255803,-9.4418624409028,67.9833489745424,5.42388706759918e-14,2.10170818866751e-12,Higher in luminal A
240723_at,"",5.30156061168892,7.20790413917861,-1.90634352748968,-11.5489028300426,37.9765119592987,5.4348014607072e-14,2.10444596221081e-12,Higher in luminal A
218806_s_at,VAV3,7.07405765017285,9.45104567367529,-2.37698802350245,-9.68291535446053,61.5173047356242,5.52789058339869e-14,2.13746405691176e-12,Higher in luminal A
228597_at,MIS18A,8.10341469639933,6.85791009894611,1.24550459745322,9.44697902923417,67.6838054608665,5.5377972330922e-14,2.1397813690411e-12,Higher in basal-like
1568596_a_at,TROAP,7.0166323132798,5.96817534228992,1.04845697098988,9.61554334550901,63.1218506716223,5.54489551565457e-14,2.14101103332213e-12,Higher in basal-like
201433_s_at,PTDSS1,10.0182352834636,8.78448805151415,1.23374723194948,9.43822797407532,67.9105727390036,5.56200220588139e-14,2.14610070999693e-12,Higher in basal-like
200889_s_at,SSR1,9.27165731086794,7.99623420244839,1.27542310841955,9.47413772917536,66.7479172320667,5.65786296529498e-14,2.18154906648451e-12,Higher in basal-like
227545_at,BARD1,7.94383136521442,6.62694838495952,1.3168829802549,9.57906749761307,63.8361240302255,5.72670897773741e-14,2.20653850146436e-12,Higher in basal-like
206173_x_at,GABPB1,6.38332878195859,5.36748730476742,1.01584147719117,9.43251389415106,67.8245487872725,5.76337287712543e-14,2.2175398455794e-12,Higher in basal-like
223126_s_at,C1orf21,6.05262691864701,7.97091508434789,-1.91828816570087,-9.43071620563632,67.8057322144046,5.82150689461436e-14,2.23833255599887e-12,Higher in luminal A
200665_s_at,SPARC,11.7521538587713,12.9967936932255,-1.24463983445418,-9.44964935445902,67.156674600555,5.89992117723466e-14,2.26370659905477e-12,Higher in luminal A
238656_at,RAD50,6.05152394360173,7.22638467566825,-1.17486073206651,-9.44966172713647,67.1469705699752,5.9077396427193e-14,2.26511686511696e-12,Higher in luminal A
230856_at,ARSG,5.20508368286301,6.95134593076985,-1.74626224790685,-11.1230231013785,40.9174386462363,6.05683533381106e-14,2.31902991509888e-12,Higher in luminal A
208767_s_at,LAPTM4B,10.8931237099971,9.28030725220402,1.61281645779306,9.45776603298965,66.6883976162713,6.10082682230244e-14,2.33423867396351e-12,Higher in basal-like
235193_at,FAM214A,4.27368619943478,6.15234962269905,-1.87866342326427,-11.1466401649568,40.6941725278039,6.10699894814987e-14,2.33496620622444e-12,Higher in luminal A
224762_at,SERINC2,6.63363828529329,8.04731230258632,-1.41367401729303,-9.44360498252113,66.9364880591826,6.23968947157182e-14,2.38403229810055e-12,Higher in luminal A
211725_s_at,BID,8.12825780688363,6.78268904717377,1.34556875970987,9.40262434546012,67.9976014314599,6.36553720025249e-14,2.42872118927987e-12,Higher in basal-like
232668_at,"",4.41759646936245,6.92016153593145,-2.502565066569,-10.263771953437,50.1777064846255,6.37531091793457e-14,2.42909613264624e-12,Higher in luminal A
222443_s_at,RBM8A,9.84348210248774,8.79616684374354,1.04731525874421,9.4701127452836,66.0161316330147,6.3925562262068e-14,2.43393462164246e-12,Higher in basal-like
204086_at,PRAME,8.06730507876285,5.18076799572283,2.88653708304002,9.4584481151316,66.3340513260231,6.40151591842852e-14,2.43564984579039e-12,Higher in basal-like
205019_s_at,VIPR1,6.42540556776566,7.63892804249618,-1.21352247473053,-9.42232884996288,67.2820180713107,6.48404323118993e-14,2.46362101226761e-12,Higher in luminal A
206832_s_at,SEMA3F,5.03643849682684,6.11810039999309,-1.08166190316625,-10.1022133079841,52.4073364478211,6.68923182992458e-14,2.53805517211052e-12,Higher in luminal A
225623_at,CIPC,7.26571152150332,8.27917692391223,-1.01346540240891,-9.39114192430014,67.8607628257325,6.8018527794446e-14,2.57787979197174e-12,Higher in luminal A
242532_at,"",4.42954191588461,6.00356810082428,-1.57402618493968,-9.74377228640131,58.9155300603971,6.83833771536686e-14,2.58744715977635e-12,Higher in luminal A
226464_at,C3orf58,9.58169965206129,8.15441198778296,1.42728766427834,9.39148674915522,67.6575125423787,6.98563285056746e-14,2.63588320293151e-12,Higher in basal-like
214667_s_at,TP53I11,5.88037635042343,7.02338397971125,-1.14300762928782,-9.57139571029316,62.7273771275399,7.0222675819764e-14,2.64605430768132e-12,Higher in luminal A
229534_at,ACOT4,6.14759400417202,7.60569356980348,-1.45809956563145,-9.53557050836976,63.5139363526083,7.15319781545598e-14,2.69353368154308e-12,Higher in luminal A
208941_s_at,SEPHS1,8.72693694012574,7.54246300456853,1.18447393555721,9.37351392453122,67.9559864340328,7.22037628523961e-14,2.71508991331139e-12,Higher in basal-like
239973_at,"",5.62935243389017,3.40899208541029,2.22036034847988,10.530865485617,46.2062507527244,7.24610681356635e-14,2.71915504483006e-12,Higher in basal-like
226021_at,RDH10,9.31200707180479,6.71805276393445,2.59395430787034,9.3857290464402,67.4316999409824,7.38062730787279e-14,2.76394382231469e-12,Higher in basal-like
210758_at,PSIP1,6.36445602588073,4.92529192500275,1.43916410087798,10.011963471496,53.3268709406588,7.53586371320662e-14,2.81821715813661e-12,Higher in basal-like
205347_s_at,TMSB15B,7.86296646364577,4.94994592789256,2.91302053575321,9.75081056797259,58.0412595896295,7.78305509438925e-14,2.90271853537334e-12,Higher in basal-like
203227_s_at,TSPAN31,7.9156889212669,8.94819053934901,-1.03250161808211,-9.41970030670508,66.0421013484485,7.81519285129925e-14,2.90875200234708e-12,Higher in luminal A
217465_at,NCKAP1,5.80855522351649,4.67501386612242,1.13354135739406,9.67442790073135,59.6584419599639,7.81345102317466e-14,2.90875200234708e-12,Higher in basal-like
228799_at,NCK1-AS1,6.71488781317718,5.66785300414647,1.04703480903071,9.38591415710878,66.9189060186502,7.92158881164498e-14,2.94634604269857e-12,Higher in basal-like
204115_at,GNG11,7.11197481434384,8.59950624899168,-1.48753143464784,-9.41824033398786,65.9483651809317,7.96817858353298e-14,2.95964785363224e-12,Higher in luminal A
221864_at,ORAI3,7.14377508292774,8.29342202292992,-1.14964694000219,-9.47090611603889,64.3599645649538,8.13575868549632e-14,3.01984118214196e-12,Higher in luminal A
207847_s_at,MUC1,8.20176690250908,11.0166051497756,-2.81483824726648,-9.61951506793149,60.6323805442499,8.1786679283992e-14,3.03370874481157e-12,Higher in luminal A
207134_x_at,TPSB2,6.34423414109144,9.70613252385935,-3.36189838276792,-10.0614611972775,52.1064222635075,8.21798235887721e-14,3.04622498624821e-12,Higher in luminal A
235944_at,HMCN1,5.95332065512351,8.50877006004758,-2.55544940492406,-9.41356863698392,65.8494428127188,8.23693561444821e-14,3.05118194254713e-12,Higher in luminal A
219031_s_at,NIP7,8.31981119293096,7.10181072483802,1.21800046809294,9.43349675168728,65.2615311758328,8.2746170077821e-14,3.06099245534835e-12,Higher in basal-like
227966_s_at,CCDC74B,6.20979553524877,9.21683988842321,-3.00704435317445,-10.3551601530749,47.7560943130394,8.47994656094528e-14,3.13270998797083e-12,Higher in luminal A
218073_s_at,NDC1,7.16404081870072,5.68213411709195,1.48190670160877,9.4794168940353,63.7621797893069,8.60588484653599e-14,3.1749443588688e-12,Higher in basal-like
232912_at,GPR180,5.73784785019981,4.53475071969737,1.20309713050244,9.33663627681482,67.7721354059816,8.6222870584202e-14,3.1788506063326e-12,Higher in basal-like
1555971_s_at,FBXO28,8.71971615934481,7.48226522108043,1.23745093826438,9.54994493174999,61.796122623591,8.85639483633385e-14,3.26076355337746e-12,Higher in basal-like
207001_x_at,TSC22D3,6.61829982935245,7.65741462013011,-1.03911479077765,-9.49992887132403,63.0480950906562,8.85074518390006e-14,3.26076355337746e-12,Higher in luminal A
223308_s_at,WDR5,7.34739760063885,6.19429874146449,1.15309885917436,9.3279924622871,67.645941121434,9.09035999056221e-14,3.34240371542696e-12,Higher in basal-like
212381_at,USP24,7.95620968697321,6.95402176937527,1.00218791759794,9.39688595494117,65.6235034359029,9.10404179273867e-14,3.34518471114239e-12,Higher in basal-like
212400_at,FAM102A,8.07482808095541,9.19400786493791,-1.1191797839825,-9.51181806932587,62.5210418383945,9.16709315953753e-14,3.36383099662896e-12,Higher in luminal A
239295_at,SRSF12,4.98434675865014,3.98412288182756,1.00022387682258,9.95644600177297,53.2220598633321,9.35880245044131e-14,3.42957455749248e-12,Higher in basal-like
1555785_a_at,XRN1,5.63431276692833,4.28557300863553,1.34873975829279,9.76902779028314,56.6211407433051,9.43029660393139e-14,3.45114770294477e-12,Higher in basal-like
228151_at,ARL15,7.00963377757281,8.36312809566217,-1.35349431808936,-9.31729429198117,67.6520777088927,9.49257635167071e-14,3.46929553494383e-12,Higher in luminal A
235134_at,"",6.7836339425559,5.38178577546163,1.40184816709426,9.38581788332954,65.6396615053203,9.4993698713079e-14,3.46945923656486e-12,Higher in basal-like
225569_at,CASC7,8.98464841015908,7.68725337393063,1.29739503622845,9.42682226506443,64.4605537680619,9.5613084452553e-14,3.48974992819982e-12,Higher in basal-like
204775_at,CHAF1B,7.05386050666115,5.90528681479251,1.14857369186864,9.44214051313022,64.0248262101884,9.59574285744818e-14,3.4999815926016e-12,Higher in basal-like
223571_at,C1QTNF6,5.56015366036873,6.82422120166238,-1.26406754129365,-9.87352288984689,54.3988597629787,9.89243435611107e-14,3.60579232280249e-12,Higher in luminal A
219455_at,CFAP69,5.62427000074141,7.62913234969214,-2.00486234895073,-11.3786196497756,37.5296309915888,9.9506624254125e-14,3.62218687156743e-12,Higher in luminal A
209494_s_at,PATZ1,6.80242606986501,7.94384557401787,-1.14141950415286,-9.29488145372186,67.9686870515826,9.97749156418576e-14,3.62953660194183e-12,Higher in luminal A
1554885_a_at,PRIM2B,5.37736498290604,3.98796791031714,1.3893970725889,9.54638669878183,61.1147725861706,1.00204986466885e-13,3.63706046899983e-12,Higher in basal-like
227068_at,PGK1,8.82657799177923,7.80799234681527,1.01858564496396,9.39587449851909,64.995882004264,1.00094309364705e-13,3.63706046899983e-12,Higher in basal-like
227833_s_at,MBD6,7.94466433879767,9.20957048309233,-1.26490614429466,-9.58601513484947,60.184599299151,1.00203129581166e-13,3.63706046899983e-12,Higher in luminal A
238756_at,GAS2L3,7.23239516516727,5.23615929124936,1.99623587391791,10.5542772132399,44.7429823452318,1.00247830393832e-13,3.63706046899983e-12,Higher in basal-like
231806_s_at,STK36,6.8619463201958,7.99201843048949,-1.13007211029369,-9.56585270511767,60.646024425204,1.00328170791761e-13,3.63747501110199e-12,Higher in luminal A
203989_x_at,F2R,7.3353315007092,8.84902391712552,-1.51369241641632,-9.2930876496781,67.8547612499174,1.02069556726215e-13,3.69160959080139e-12,Higher in luminal A
240552_at,"",6.25532499637671,5.23666969039075,1.01865530598596,9.89934058612366,53.7825283775424,1.02088956585125e-13,3.69160959080139e-12,Higher in basal-like
1553622_a_at,FSIP1,3.14535249157791,7.19232364908921,-4.04697115751129,-13.3061574710127,28.3412433915159,1.02972082259786e-13,3.71832002573243e-12,Higher in luminal A
203453_at,SCNN1A,6.13125326774968,9.13020126598242,-2.99894799823274,-9.85227939437619,54.577480894269,1.03031638573107e-13,3.71832002573243e-12,Higher in luminal A
227417_at,MARC2,5.13991003056766,6.72618760431975,-1.58627757375209,-9.34399250863857,66.0876425561323,1.0563743265264e-13,3.80482650216278e-12,Higher in luminal A
231993_at,ITGBL1,5.29141522724345,7.1031219250143,-1.81170669777085,-9.51558118841004,61.5334489376321,1.05583103716715e-13,3.80482650216278e-12,Higher in luminal A
226785_at,ATP11C,8.49827972972573,7.32785630782849,1.17042342189724,9.39297163084852,64.6352732374758,1.06735851950709e-13,3.83933072724014e-12,Higher in basal-like
204430_s_at,SLC2A5,5.95292013425568,4.3971443510899,1.55577578316578,9.63635479779727,58.583739082421,1.08620121584948e-13,3.9019744728364e-12,Higher in basal-like
218350_s_at,GMNN,9.10679008292264,7.4525144251202,1.65427565780244,10.0715396009718,50.6510266348512,1.09244113725231e-13,3.91764999311814e-12,Higher in basal-like
230033_at,DNAAF3,5.20760618640791,6.30858543359204,-1.10097924718412,-9.8698822768168,53.9642777472427,1.09271444709742e-13,3.91764999311814e-12,Higher in luminal A
203120_at,TP53BP2,9.232305952242,7.8668489387355,1.3654570135065,9.64016977054847,58.4404254636513,1.09772068855917e-13,3.93301957057487e-12,Higher in basal-like
228528_at,MIR29C,5.2828627293902,7.94928491979604,-2.66642219040584,-10.7928202836582,41.9257326272325,1.12055223428154e-13,4.01219341253065e-12,Higher in luminal A
220658_s_at,ARNTL2,6.58060953217995,4.35043221473604,2.2301773174439,10.2994183101667,47.195985655413,1.16651971614939e-13,4.17131886726409e-12,Higher in basal-like
213582_at,ATP11A,4.62190044194592,3.55659955596024,1.06530088598567,9.84412399952681,54.0435146589561,1.17877390624877e-13,4.20963183044751e-12,Higher in basal-like
226907_at,PPP1R14C,7.8329604458639,4.80647944210336,3.02648100376055,10.5638057824442,44.0159233590299,1.19246869961506e-13,4.25575888717058e-12,Higher in basal-like
210783_x_at,CLEC11A,6.08442797503338,7.12888194847127,-1.04445397343789,-9.58640302080575,59.1019513211872,1.20019582707222e-13,4.2805418685697e-12,Higher in luminal A
218868_at,ACTR3B,7.37366041479593,5.5689840217482,1.80467639304773,9.42505598403226,62.9746966089784,1.2031091595021e-13,4.28813515617844e-12,Higher in basal-like
207223_s_at,PTBP3,6.48613142883621,4.8471665975494,1.63896483128681,9.38387272330484,64.0589140734121,1.20472102585906e-13,4.29108287223742e-12,Higher in basal-like
217122_s_at,SLC35E2B,9.5014143111154,10.6946693398385,-1.19325502872311,-9.26039257090953,67.6055824873901,1.20804896076923e-13,4.30013521680061e-12,Higher in luminal A
203428_s_at,ASF1A,8.58137774424089,7.35734583519465,1.22403190904624,9.26342401980885,67.2972453767843,1.24355394015444e-13,4.4207614875126e-12,Higher in basal-like
206101_at,ECM2,6.06555371810652,8.00298470904985,-1.93743099094333,-9.25069277201571,67.6722614977279,1.24624471723457e-13,4.42596801292629e-12,Higher in luminal A
229644_at,PREP,5.86017023123172,4.67366408653517,1.18650614469655,9.99468165864998,51.1132563326648,1.28153886348928e-13,4.54692649975835e-12,Higher in basal-like
226643_s_at,NUDCD2,5.55625488467704,4.50792719374857,1.04832769092847,9.71356141102371,55.9841077455323,1.3005596265719e-13,4.61142007670677e-12,Higher in basal-like
212713_at,MFAP4,5.23387519758094,7.75660294521292,-2.52272774763198,-10.4479211497592,44.9690551858049,1.30539653204693e-13,4.62557066686106e-12,Higher in luminal A
201872_s_at,ABCE1,9.29192345009084,8.27012289540814,1.02180055468271,9.5862334513489,58.439892771896,1.3448126179817e-13,4.76215219482832e-12,Higher in basal-like
223461_at,TBC1D7,8.28786031325875,7.18092353125081,1.10693678200795,9.22776646421643,67.7267600613757,1.36017465911388e-13,4.81032014793345e-12,Higher in basal-like
45297_at,EHD2,6.77492559229834,7.88064322389077,-1.10571763159243,-9.23824378144655,67.3758448761601,1.36496286576643e-13,4.82101709856456e-12,Higher in luminal A
243209_at,KCNQ4,5.70998064634233,4.07496710132,1.63501354502234,10.0249953676572,50.3423436933673,1.36951436380244e-13,4.83397016403475e-12,Higher in basal-like
234785_at,"",5.5788166980685,7.48297902034748,-1.90416232227897,-9.47134066901874,60.9044297923934,1.38596981177857e-13,4.8857446459699e-12,Higher in luminal A
210547_x_at,ICA1,7.45092359001038,8.53193529463119,-1.08101170462081,-9.21176358048888,67.8978317225933,1.42078097006141e-13,4.98915860874167e-12,Higher in luminal A
228400_at,SHROOM3,7.33429481129033,8.74269676760161,-1.40840195631128,-9.27119349707986,66.056741664756,1.42696246843226e-13,5.00764909894312e-12,Higher in luminal A
204725_s_at,NCK1,8.87484230900354,7.58802161486462,1.28682069413892,9.34416954961165,63.9267895572249,1.43937920341616e-13,5.04151556353481e-12,Higher in basal-like
223296_at,SLC25A33,8.59949731430718,7.41831485313363,1.18118246117355,9.34750283233678,63.8434157507549,1.43781764716107e-13,5.04151556353481e-12,Higher in basal-like
225286_at,ARSD,7.47583625440332,8.69341083851339,-1.21757458411006,-9.20382971448564,67.9625295844048,1.45580619602387e-13,5.09252743234838e-12,Higher in luminal A
218440_at,MCCC1,8.75761448252703,7.67057333884773,1.0870411436793,9.2074200041646,67.7924303900291,1.46678138293805e-13,5.12436243528037e-12,Higher in basal-like
210469_at,DLG5,6.33120703971299,7.89186196229564,-1.56065492258265,-9.20070904318098,67.8834539825179,1.49013885409101e-13,5.1963239820217e-12,Higher in luminal A
229886_at,C5orf34,6.71981971158652,5.63815318821872,1.0816665233678,9.61493528118984,57.2367737886918,1.4902306362707e-13,5.1963239820217e-12,Higher in basal-like
204826_at,CCNF,7.56012144687116,6.55602733274201,1.00409411412915,9.18937418076878,67.9999796240717,1.53811894751161e-13,5.34625896091527e-12,Higher in basal-like
224509_s_at,RTN4IP1,6.86799148721533,5.62281945368079,1.24517203353454,9.25149112378653,66.0818540178279,1.54089386788085e-13,5.35250141209564e-12,Higher in basal-like
213364_s_at,SNX1,7.47477179677251,8.67232956953605,-1.19755777276353,-9.20646677889958,67.4366661490745,1.54348492018528e-13,5.35809765150032e-12,Higher in luminal A
209156_s_at,COL6A2,9.84054521556616,11.6333202817148,-1.79277506614861,-9.20621787218516,67.3740108449375,1.55796839838669e-13,5.40494430087513e-12,Higher in luminal A
203287_at,LAD1,7.66084853078154,6.04502465535118,1.61582387543036,9.64581783138805,56.3237992129323,1.56616043924856e-13,5.42991896105994e-12,Higher in basal-like
215726_s_at,CYB5A,9.02087860163042,10.7623101995209,-1.74143159789044,-9.23743802180012,66.3732134305844,1.56805616286298e-13,5.43304630573724e-12,Higher in luminal A
232440_at,ZDHHC13,6.04358108520997,5.03522402640763,1.00835705880234,9.19151730583756,67.5715214188598,1.61272277241712e-13,5.58426963786612e-12,Higher in basal-like
202134_s_at,WWTR1,7.32584288329523,5.79385893384157,1.53198394945366,9.36357295330777,62.6229706104376,1.61743564573714e-13,5.59704391966317e-12,Higher in basal-like
221974_at,LOC101930404,4.05641643644536,5.80657680167874,-1.75016036523338,-9.18992437074237,67.4987111502444,1.63902458760121e-13,5.66816377780495e-12,Higher in luminal A
223397_s_at,NIP7,7.57770907470026,6.45532412324071,1.12238495145955,9.32284713419276,63.5804789067912,1.64863090918484e-13,5.69778097090272e-12,Higher in basal-like
1552277_a_at,MSANTD3,7.72816947466574,6.57779357516077,1.15037589950497,9.18105647657225,67.6753487084007,1.66113844625192e-13,5.73738120965407e-12,Higher in basal-like
221959_at,FAM110B,5.37412483671539,7.17061333573482,-1.79648849901943,-9.50207598792444,59.0126975844692,1.67759680722616e-13,5.78326642087579e-12,Higher in luminal A
235747_at,LINC00849,7.04111248848002,8.45885674218785,-1.41774425370783,-9.16941590418711,67.9346064053524,1.68507227510435e-13,5.8053765999578e-12,Higher in luminal A
226522_at,PODN,6.12152040420682,8.14740267811233,-2.02588227390551,-10.7475530524463,41.0090608489029,1.69078364553946e-13,5.81688841112582e-12,Higher in luminal A
218730_s_at,OGN,3.76813362905851,7.24367696483337,-3.47554333577486,-10.2919685326062,45.7753766178621,1.71280466105184e-13,5.88608389962346e-12,Higher in luminal A
209960_at,HGF,4.68311072686133,6.04402135647766,-1.36091062961633,-10.1166375940126,48.035145198136,1.7160031674591e-13,5.89337143095643e-12,Higher in luminal A
230788_at,GCNT2,9.0774746023776,6.88171241754126,2.19576218483634,9.17918593485758,67.4672884253617,1.72042175746076e-13,5.90483738789497e-12,Higher in basal-like
219317_at,POLI,6.73774103808289,7.9159457276169,-1.17820468953402,-9.29169916741844,64.0008790893667,1.75612731803503e-13,6.01605646074971e-12,Higher in luminal A
230163_at,GFRA1,4.95247244809999,8.04151385679394,-3.08904140869396,-10.9457287278754,39.1620729013464,1.76455456629038e-13,6.03736050762993e-12,Higher in luminal A
219582_at,OGFRL1,8.51902421462426,6.94254526789424,1.57647894673002,9.43397494988328,60.2689621840526,1.77232709727848e-13,6.06016160373364e-12,Higher in basal-like
201896_s_at,PSRC1,7.45023160500532,6.28316511009207,1.16706649491325,9.3906292535646,61.251386789315,1.79481423304572e-13,6.13321676198591e-12,Higher in basal-like
209024_s_at,SYNCRIP,10.1499869796905,8.78859031119621,1.36139666849432,9.16392740292292,67.487359838618,1.82746395673436e-13,6.23699075121417e-12,Higher in basal-like
235113_at,LRR1,8.03925080655363,6.65034508131718,1.38890572523646,9.18744887824107,66.7557393227646,1.82744358985348e-13,6.23699075121417e-12,Higher in basal-like
227478_at,SETBP1,6.08303140847875,8.10012315517377,-2.01709174669502,-9.18650953452191,66.6977621336971,1.84876926861951e-13,6.30576792026024e-12,Higher in luminal A
217445_s_at,GART,6.26467486404414,5.07024328139032,1.19443158265382,9.32354105147356,62.7646927638116,1.85458007918904e-13,6.3146718414364e-12,Higher in basal-like
212801_at,MIR1178,7.52989942387918,6.33150472679435,1.19839469708483,9.35937799698124,61.8217336553718,1.85688576632191e-13,6.3176869492004e-12,Higher in basal-like
209740_s_at,PNPLA4,4.6122731345172,6.15759414080534,-1.54532100628813,-9.49594309491144,58.4560397783041,1.88486428097525e-13,6.4009288548026e-12,Higher in luminal A
200638_s_at,YWHAZ,11.705570508764,10.5218811590284,1.18368934973563,9.31390931949151,62.9010477913644,1.8879829520609e-13,6.40356500644725e-12,Higher in basal-like
225544_at,TBX3,6.93848642015043,8.91404766685992,-1.97556124670948,-10.1246592850458,47.502702826846,1.89858817798969e-13,6.43554300257818e-12,Higher in luminal A
208358_s_at,UGT8,6.65915498355657,4.29734753795145,2.36180744560512,10.5558123454379,42.3902160626159,1.94302880030253e-13,6.57802474653502e-12,Higher in basal-like
238623_at,"",5.61414844991485,7.91495890404846,-2.3008104541336,-9.29633373391836,63.0949207028726,1.96707406725581e-13,6.6553078358423e-12,Higher in luminal A
212174_at,AK2,8.50813140848257,7.3049584216038,1.20317298687877,9.35935846961327,61.4021000507122,1.9805105187255e-13,6.696624156544e-12,Higher in basal-like
227742_at,CLIC6,5.03993022359133,9.51443302167589,-4.47450279808456,-9.64242500730216,55.0544952296259,2.00249630500584e-13,6.7667790776387e-12,Higher in luminal A
232948_at,"",5.30390223433024,7.07621953858313,-1.77231730425288,-11.5913185303074,34.3370152804724,2.03240530926394e-13,6.85936791876578e-12,Higher in luminal A
1555501_s_at,RSRC1,7.24280645507785,5.91354570174421,1.32926075333364,9.34998289609446,61.4019755976673,2.05428990426563e-13,6.92757365536887e-12,Higher in basal-like
203535_at,S100A9,9.49763669556119,6.31423138157961,3.18340531398157,10.2436721372212,45.6550384756767,2.0551485082777e-13,6.92757365536887e-12,Higher in basal-like
40016_g_at,MAST4,7.25943635181344,8.99202611475514,-1.73258976294169,-9.45932950239945,58.7577205890921,2.05831439548791e-13,6.93397039884789e-12,Higher in luminal A
231698_at,LOC647115,5.36583420879879,4.12622084188281,1.23961336691598,9.91614700591359,50.155402007767,2.06152510769958e-13,6.94051017632232e-12,Higher in basal-like
215589_at,"",5.28620865795157,4.24864460535324,1.03756405259833,9.16175017343741,66.6115924665289,2.06997180155016e-13,6.96465896921568e-12,Higher in basal-like
1564906_at,SNHG4,4.9403400599583,3.81908391823887,1.12125614171942,9.9546685947325,49.5315099270725,2.07776714207887e-13,6.98229369964118e-12,Higher in basal-like
209434_s_at,PPAT,7.47597898228108,6.3126067708478,1.16337221143328,9.19685019572543,65.50988344523,2.08153288121194e-13,6.99065173711689e-12,Higher in basal-like
205613_at,SYT17,5.81997165286054,7.86853635104351,-2.04856469818297,-9.64190343711345,54.7974307721302,2.10486197792948e-13,7.06466105852021e-12,Higher in luminal A
1552472_a_at,ACAP2,6.47729362671872,5.14765801643155,1.32963561028717,9.27358035987015,63.0821212766358,2.15691381160338e-13,7.22163274031935e-12,Higher in basal-like
215729_s_at,VGLL1,7.05317260928851,3.1711744127101,3.88199819657841,10.6250845080069,41.3268979765205,2.17663297677838e-13,7.2742914428703e-12,Higher in basal-like
220954_s_at,MIR6840,7.86956273974186,9.15871054210346,-1.2891478023616,-9.36540884498978,60.4933159639148,2.22813877863648e-13,7.42826144646033e-12,Higher in luminal A
226439_s_at,NBEA,4.8909205809681,6.40091430122819,-1.50999372026009,-9.10510517793274,67.7992140808136,2.23847376780952e-13,7.45816899786626e-12,Higher in luminal A
220559_at,EN1,7.37725500985529,4.16028359650213,3.21697141335316,10.1818607035842,45.9995312508829,2.28757043441858e-13,7.617108008638e-12,Higher in basal-like
1560741_at,SNURF,6.54013866561199,8.09366260491461,-1.55352393930262,-9.14720439796804,66.2754880339303,2.29760401328874e-13,7.64586119455643e-12,Higher in luminal A
204623_at,TFF3,5.65937853828936,9.37584800525318,-3.71646946696382,-9.78030592227107,51.840624394301,2.29973768022342e-13,7.64830642738538e-12,Higher in luminal A
219969_at,TXLNG,5.46795629807023,4.31150228193272,1.1564540161375,9.57993616793823,55.5018854198297,2.31455902580001e-13,7.68357709384431e-12,Higher in basal-like
200052_s_at,ILF2,11.1824146727732,9.94649932306367,1.23591534970948,9.4042632903365,59.2633558723696,2.33557684654416e-13,7.74864466533994e-12,Higher in basal-like
223499_at,C1QTNF5,7.01057901682124,8.42088129598849,-1.41030227916725,-9.19957886295113,64.5556840883593,2.34903656860676e-13,7.78857334072618e-12,Higher in luminal A
221524_s_at,RRAGD,8.52905650747569,6.79729900389192,1.73175750358377,9.36411312120038,60.1756656639516,2.35411258303811e-13,7.80067305924899e-12,Higher in basal-like
235020_at,TAF4B,7.29656289917545,5.44588052852929,1.85068237064616,9.24367964885877,63.2769199700986,2.36112510528025e-13,7.81917111636571e-12,Higher in basal-like
226537_at,HINT3,6.2998389941737,4.64479173954216,1.65504725463154,9.12764907350692,66.6674784220331,2.36316799907884e-13,7.82119917370674e-12,Higher in basal-like
213891_s_at,TCF4,9.20069747182921,10.5885516925834,-1.38785422075416,-9.11469539579293,66.8112532959895,2.44564370332432e-13,8.07987389490046e-12,Higher in luminal A
218252_at,CKAP2,8.35715704477566,6.75098214394032,1.60617490083534,9.61610760245761,54.4924835702457,2.445759724931e-13,8.07987389490046e-12,Higher in basal-like
1554830_a_at,STEAP3,5.85163740785247,4.21122904239917,1.6404083654533,9.45965269509288,57.6241848093649,2.48651789935358e-13,8.20626363647935e-12,Higher in basal-like
213543_at,SGCD,4.7987285665446,6.40164613410709,-1.60291756756249,-9.60206703020366,54.6106388994024,2.51663847437044e-13,8.29398484546134e-12,Higher in luminal A
205226_at,PDGFRL,6.42519214330743,8.46685838526398,-2.04166624195655,-9.08462603845088,67.4904637968475,2.53495440327247e-13,8.34931518065796e-12,Higher in luminal A
203856_at,VRK1,7.96376588824622,6.86963600158769,1.09412988665853,9.12443533176246,66.1677414815764,2.55815170189738e-13,8.41558028286637e-12,Higher in basal-like
222815_at,RLIM,6.32230123582901,5.22700421189764,1.09529702393137,9.16325591020392,64.9899455732293,2.56118712499271e-13,8.42049946235576e-12,Higher in basal-like
208351_s_at,MAPK1,7.37251405426873,6.31200662282294,1.06050743144579,9.13253995276384,65.8920800030574,2.56757467947866e-13,8.43642701926057e-12,Higher in basal-like
203682_s_at,IVD,6.55028267523557,7.76649289378277,-1.21621021854719,-9.20562813404499,63.7138092852131,2.58114350692014e-13,8.47591719164317e-12,Higher in luminal A
204147_s_at,TFDP1,7.94514643011784,6.83805946126858,1.10708696884925,9.09142157198684,67.1203481826593,2.58528547508773e-13,8.48442277013334e-12,Higher in basal-like
210543_s_at,PRKDC,9.22606730438182,7.90826910462478,1.31779819975704,9.06672624966641,67.7686757447328,2.63459468613967e-13,8.64105965594998e-12,Higher in basal-like
203105_s_at,DNM1L,8.54564280011512,7.5002271388114,1.04541566130372,9.10972947677178,66.252551622562,2.68631974125013e-13,8.7948821468773e-12,Higher in basal-like
1559258_a_at,CT83,6.39773407044855,3.07267200642446,3.32506206402409,10.6378122943944,40.4997889116579,2.69984289878568e-13,8.83386657636788e-12,Higher in basal-like
226817_at,DSC2,10.403786479823,8.40015912143149,2.0036273583915,9.0898631875715,66.7453735679438,2.73176021232884e-13,8.93295392398799e-12,Higher in basal-like
219700_at,PLXDC1,6.60843471031014,8.05184724783066,-1.44341253752051,-9.10784499315056,66.1624245732429,2.7395535522238e-13,8.95308370997227e-12,Higher in luminal A
1557155_a_at,"",6.64027451474659,3.97922249193134,2.66105202281525,9.53802901181863,55.39144400733,2.75133692330297e-13,8.98085649442329e-12,Higher in basal-like
216840_s_at,LAMA2,5.17847573257747,7.34401742874864,-2.16554169617117,-10.0401008305127,47.0766295501271,2.76309309614761e-13,9.01384934557699e-12,Higher in luminal A
221561_at,SOAT1,7.97843165860275,6.4549325437818,1.52349911482095,9.04938029530511,67.856296449097,2.79979797242769e-13,9.11726945458512e-12,Higher in basal-like
225496_s_at,SYTL2,7.88449625366129,9.90982770366395,-2.02533145000266,-10.0037333863786,47.5018624454938,2.81080151128385e-13,9.14765313270504e-12,Higher in luminal A
228284_at,TLE1,7.72906149159877,5.7266284129958,2.00243307860297,9.59385149998779,54.0377587479187,2.8852755361277e-13,9.37886087620582e-12,Higher in basal-like
228243_at,"",5.10416280927192,6.12957728438482,-1.0254144751129,-9.07931128901765,66.5704716971985,2.91847871199957e-13,9.47552396547366e-12,Higher in luminal A
212295_s_at,SLC7A1,9.45709978949554,8.337189946357,1.11990984313854,9.05030673920287,67.4784297595063,2.92593807043551e-13,9.4941046884903e-12,Higher in basal-like
239903_at,TPBG,4.29166232116311,6.04577871630327,-1.75411639514016,-9.40524443890194,57.8297245638338,2.94585243465307e-13,9.55305349137938e-12,Higher in luminal A
211000_s_at,IL6ST,6.38586864409034,8.60540405100035,-2.21953540691001,-9.04559099053517,67.5043143682596,2.97376630375378e-13,9.63214885413138e-12,Higher in luminal A
225904_at,CCSAP,8.82825400777953,7.59636376851504,1.23189023926449,9.21630134964302,62.3894791985108,2.9935670390617e-13,9.68480934086973e-12,Higher in basal-like
1555460_a_at,SLC39A6,7.57216691351524,10.0461776162622,-2.47401070274701,-9.99559727461246,47.340309243683,2.99771504487775e-13,9.69249379530994e-12,Higher in luminal A
228720_at,SORCS2,5.07691223868436,6.54550659652481,-1.46859435784045,-9.67574884379992,52.2424490942173,3.05344465982705e-13,9.86102107359975e-12,Higher in luminal A
231859_at,C14orf132,5.52822272777185,7.19642910719311,-1.66820637942126,-9.79852177961592,50.159208998529,3.06856321147896e-13,9.90399607955206e-12,Higher in luminal A
223079_s_at,GLS,7.50900329904548,5.34476242515298,2.1642408738925,9.20533505050619,62.4779683715529,3.08601411258081e-13,9.95444375252836e-12,Higher in basal-like
229841_at,"",7.80845387276547,6.40744986254204,1.40100401022344,9.02764075970455,67.7877791460867,3.0905564007546e-13,9.96321764217322e-12,Higher in basal-like
209122_at,PLIN2,10.1083488102524,8.41877145465784,1.6895773555946,9.0888060236264,65.8013108765567,3.10596871953152e-13,1.00011095253466e-11,Higher in basal-like
AFFX-HUMRGE/M10098_5_at,"",11.0432577700852,7.61385373911975,3.42940403096546,9.03717319737141,67.3643060689074,3.13433768395039e-13,1.00865163549139e-11,Higher in basal-like
223492_s_at,LRRFIP1,6.48706688433581,7.57366018327134,-1.08659329893553,-9.09791926738346,65.3091801672398,3.19585895405305e-13,1.02603398891868e-11,Higher in luminal A
201790_s_at,DHCR7,8.54425815865742,7.05263631942785,1.49162183922956,9.15374737522793,63.628886771746,3.21395232519892e-13,1.03063251249414e-11,Higher in basal-like
200785_s_at,LRP1,6.23519554347026,7.67705758052774,-1.44186203705748,-10.1321378751224,45.2195166408503,3.25516525284562e-13,1.04323657795624e-11,Higher in luminal A
35436_at,GOLGA2,7.92454917246483,9.07478685893775,-1.15023768647292,-9.01868913762548,67.5195845847269,3.31748120511562e-13,1.06134163188822e-11,Higher in luminal A
227290_at,CDYL2,7.02452190480854,8.52152990887459,-1.49700800406605,-9.01430241807233,67.6473146722012,3.32442012289559e-13,1.06293959192583e-11,Higher in luminal A
222393_s_at,NAA50,9.00921085586271,7.76309712775707,1.24611372810564,9.02175051940138,67.3622093567481,3.34150629900795e-13,1.06777824020023e-11,Higher in basal-like
204580_at,MMP12,7.36908373900255,4.00052030828039,3.36856343072215,9.50597318751454,54.8410796733887,3.41533325712597e-13,1.08945942726583e-11,Higher in basal-like
232238_at,ASPM,4.68783136514412,3.19945611435095,1.48837525079317,9.94128246332751,47.5389261972741,3.41474482745744e-13,1.08945942726583e-11,Higher in basal-like
227309_at,YOD1,7.70210268558606,6.2070026803466,1.49510000523946,9.15103066551657,63.1687464793583,3.46655920882063e-13,1.1051552463106e-11,Higher in basal-like
201629_s_at,ACP1,8.88264969800719,7.56130000018839,1.3213496978188,9.09162070448771,64.8507413094838,3.48699104378069e-13,1.10972779580157e-11,Higher in basal-like
201984_s_at,EGFR,7.03283455029359,5.7571027562809,1.27573179401269,9.02978368217375,66.7514891240779,3.49418097144576e-13,1.11136907861429e-11,Higher in basal-like
225142_at,KDM7A,6.0797024338772,4.61698213942264,1.46272029445456,9.11655162207218,64.0780529226824,3.50433041286582e-13,1.11394921699674e-11,Higher in basal-like
229268_at,OTULIN,7.61917908173726,6.51423344127348,1.10494564046378,9.62958122844187,52.346227873951,3.51704401085907e-13,1.11669210971963e-11,Higher in basal-like
235707_at,SMIM13,5.08785876170118,3.96144146782985,1.12641729387133,9.57705003108551,53.307672185436,3.51697886542635e-13,1.11669210971963e-11,Higher in basal-like
228245_s_at,LOC100509445,9.31335783605671,6.22351208152447,3.08984575453224,8.99222477867993,67.9099663674734,3.52560312020229e-13,1.1187600150729e-11,Higher in basal-like
1554415_at,TAF5L,6.56596339545198,5.56561882571896,1.00034456973302,9.06562500053435,65.449755654951,3.57617087921624e-13,1.13349068302115e-11,Higher in basal-like
207998_s_at,CACNA1D,5.2755767839568,6.39403546284506,-1.11845867888826,-10.3981417378527,41.8711182917573,3.58236571997279e-13,1.13479632525789e-11,Higher in luminal A
228654_at,SPIN4,8.03063951602809,6.77722066335058,1.25341885267751,8.98553541677958,67.9998966400921,3.5847336277841e-13,1.13488888881931e-11,Higher in basal-like
218618_s_at,LOC101928615,10.6755567929878,9.60059984251005,1.07495695047774,9.03643207899399,66.0987565843345,3.69919319746505e-13,1.1666074384173e-11,Higher in basal-like
212430_at,RBM38,7.24221085777016,6.13097309977023,1.11123775799993,8.97666426584565,67.9907020706825,3.7236099794988e-13,1.17274409924595e-11,Higher in basal-like
205158_at,RNASE4,6.89545275443018,8.66768092375804,-1.77222816932786,-8.98131971094345,67.6361779612678,3.81660109657423e-13,1.1999578203289e-11,Higher in luminal A
220340_at,GREB1L,4.70240888062852,7.0005563813685,-2.29814750073999,-10.6944807471291,38.868142216885,3.8541728201433e-13,1.21107413184675e-11,Higher in luminal A
AFFX-r2-Bs-thr-M_s_at,"",6.71975049709653,8.12928035583933,-1.40952985874279,-9.50923357059583,54.0814332697642,3.87805664930951e-13,1.21717995006313e-11,Higher in luminal A
231862_at,CBX5,8.33515613064298,6.70570912584376,1.62944700479922,9.03788855407685,65.6815213047687,3.88309964920781e-13,1.21806353023773e-11,Higher in basal-like
216641_s_at,LAD1,7.14688828995453,5.6202156215124,1.52667266844213,9.15958819972856,62.1270141353194,3.88939445039612e-13,1.21933854114339e-11,Higher in basal-like
213380_x_at,LOC102724562,5.97326295079733,7.1598009972001,-1.18653804640277,-9.09523633412332,63.926617468529,3.89761787727419e-13,1.22121637501413e-11,Higher in luminal A
229030_at,CAPN8,4.12065432223145,7.87950593379001,-3.75885161155855,-11.4394756516767,33.6053814464757,3.92416667004209e-13,1.22845030610428e-11,Higher in luminal A
229461_x_at,NEGR1,4.42108100832419,6.97762111881659,-2.5565401104924,-9.04974395856355,65.1892924961939,3.94851127666644e-13,1.23433307062171e-11,Higher in luminal A
228640_at,PCDH7,5.71448192995256,8.24273457935642,-2.52825264940386,-9.14309220119102,62.4707699731342,3.95088603051025e-13,1.23436967838942e-11,Higher in luminal A
230361_at,MROH1,5.97583314194548,4.36719716205213,1.60863597989335,9.26736335343151,59.2081863854256,3.97427061749745e-13,1.24025825349129e-11,Higher in basal-like
239392_s_at,POGK,8.21744194440072,6.49542302853191,1.72201891586881,9.32793490438462,57.6347704472,4.06814552713384e-13,1.26594113088243e-11,Higher in basal-like
223231_at,TATDN1,9.28328887548652,8.17628831055979,1.10700056492673,8.95807338029483,67.8336956359439,4.10132871205912e-13,1.27481607351809e-11,Higher in basal-like
213519_s_at,LAMA2,5.80672891834718,7.94356250656604,-2.13683358821885,-9.89035117397115,47.4415164275221,4.12323814530979e-13,1.2801706166656e-11,Higher in luminal A
205996_s_at,AK2,7.81421592341893,6.69570134660719,1.11851457681174,9.23033606175103,59.8671566978383,4.1351479436705e-13,1.28313969250956e-11,Higher in basal-like
221539_at,EIF4EBP1,9.27317190070512,8.00119513559887,1.27197676510625,8.95268775516972,67.9075314754693,4.15613781228166e-13,1.288921355e-11,Higher in basal-like
239606_at,"",8.2266543075567,6.07101488756628,2.15563941999043,8.98747814022049,66.746510793169,4.160949190384e-13,1.289681955693e-11,Higher in basal-like
206686_at,PDK1,6.18170944789968,4.75094837099073,1.43076107690895,8.97567313395528,66.9830485732215,4.23964175341701e-13,1.31258444432659e-11,Higher in basal-like
226346_at,MEX3A,7.70462304288587,6.19693374094249,1.50768930194339,8.95674250509446,67.5995342138597,4.2451164732694e-13,1.31353561503115e-11,Higher in basal-like
203474_at,IQGAP2,6.27982531845482,8.01548172574848,-1.73565640729367,-9.00268485607118,65.811289509152,4.40745121353702e-13,1.35838441431869e-11,Higher in luminal A
220988_s_at,C1QTNF3,7.14934169690207,9.11634713009976,-1.96700543319769,-9.00469674252554,65.6412672537386,4.46896602631883e-13,1.37579232820373e-11,Higher in luminal A
205345_at,BARD1,8.85150176247779,7.5838473635165,1.26765439896129,9.13402630076253,61.781576096239,4.52133764299319e-13,1.38956793496713e-11,Higher in basal-like
206326_at,GRP,5.1223732903758,7.74209046352707,-2.61971717315127,-9.17201499426626,60.6951784573426,4.57149940903411e-13,1.40261913686274e-11,Higher in luminal A
223423_at,GPR160,7.19538769378528,9.4946418818867,-2.29925418810142,-9.21226295204123,59.6345102751735,4.59436708135751e-13,1.40814447755626e-11,Higher in luminal A
244414_at,"",9.13249849047968,7.46873632549317,1.66376216498651,8.93748924032548,67.4293758610816,4.6953150261332e-13,1.43738157364968e-11,Higher in basal-like
228624_at,TMEM144,6.28708140928337,7.70156511319298,-1.41448370390962,-9.12984321663992,61.5782165800409,4.73359168535385e-13,1.44828833462071e-11,Higher in luminal A
221522_at,ANKRD27,9.1170559670134,8.11120112566998,1.00585484134342,8.93437256038537,67.3947147454351,4.77669230930986e-13,1.45902598889115e-11,Higher in basal-like
208978_at,CRIP2,7.79379234881505,9.7989335222251,-2.00514117341006,-8.98571189615709,65.6279698104647,4.83684766362996e-13,1.4764602019897e-11,Higher in luminal A
219572_at,CADPS2,6.33481046811417,7.95363637640143,-1.61882590828726,-9.04018749156308,63.9555613069209,4.84187131626435e-13,1.4764602019897e-11,Higher in luminal A
216320_x_at,MST1,6.92438786254288,7.96849591339892,-1.04410805085604,-9.16090283964139,60.5837218645264,4.85316984096266e-13,1.47908060788536e-11,Higher in luminal A
202626_s_at,LYN,8.654334048156,7.01367646057828,1.64065758757772,8.95434751343366,66.5678032769224,4.87723876293574e-13,1.48393449840574e-11,Higher in basal-like
202192_s_at,GAS7,7.01958173202751,8.39013272141626,-1.37055098938876,-9.02572696764233,64.3006416713622,4.89860510665e-13,1.48902342814973e-11,Higher in luminal A
222309_at,C6orf62,5.18817341317884,3.90375597582183,1.284417437357,8.92339139115579,67.5580148246489,4.89941133468927e-13,1.48902342814973e-11,Higher in basal-like
207741_x_at,TPSAB1,6.12904161725667,8.92972836339875,-2.80068674614208,-9.56982035239472,51.6159551804539,5.00283606322266e-13,1.51876769437367e-11,Higher in luminal A
207357_s_at,GALNT10,6.09636378135961,7.59392789506476,-1.49756411370515,-9.02541505960259,64.1253834639663,5.02155545529928e-13,1.5236045755743e-11,Higher in luminal A
204675_at,SRD5A1,8.68527624700626,6.53779971717865,2.14747652982762,8.9400713915947,66.682893379618,5.09783395205947e-13,1.54589057864033e-11,Higher in basal-like
AFFX-HUMRGE/M10098_M_at,"",9.99575853969061,7.0511192739892,2.94463926570141,8.95040578699893,66.3245127146025,5.1115271229612e-13,1.54918373308151e-11,Higher in basal-like
219867_at,CHODL,5.66307582764093,4.07996895282588,1.58310687481506,10.0949516310325,43.8445862919793,5.19220087568371e-13,1.57276223201112e-11,Higher in basal-like
202446_s_at,PLSCR1,10.5705520030925,9.06807765903769,1.50247434405481,8.96888939856388,65.3147842643657,5.39412020983749e-13,1.6285119959849e-11,Higher in basal-like
227758_at,RERG,7.10350670614633,9.74738164837659,-2.64387494223027,-9.35055749785382,55.4482892251165,5.40729192514778e-13,1.63158767112282e-11,Higher in luminal A
229062_at,ARL9,6.78338179256901,5.40272047725396,1.38066131531505,9.55884758707014,51.3531189970797,5.47354084372477e-13,1.64793967858288e-11,Higher in basal-like
212271_at,MAPK1,8.84204037471393,7.80277607675102,1.03926429796291,8.98379320300661,64.6731969436894,5.52167720788112e-13,1.66151734364832e-11,Higher in basal-like
204703_at,IFT88,7.13708416341906,8.23760939466567,-1.10052523124661,-9.31320114429505,56.0209031020412,5.62570105718838e-13,1.69027673320922e-11,Higher in luminal A
209448_at,HTATIP2,9.21505913222786,7.94687009099194,1.26818904123591,9.11822644415105,60.700287869927,5.63105189060303e-13,1.6907070956547e-11,Higher in basal-like
229160_at,MUM1L1,4.2128866350783,7.07763242047777,-2.86474578539947,-10.8392164598793,36.58238299979,5.63435329445105e-13,1.69076984837602e-11,Higher in luminal A
1553338_at,SDE2,5.45579840545036,4.22662387602729,1.22917452942307,8.89871567335159,67.1715234724297,5.69004517914803e-13,1.70654536571541e-11,Higher in basal-like
222906_at,FLVCR1,8.27248883619972,6.91070509077109,1.36178374542862,9.10047142702835,61.0192543768877,5.75947315523631e-13,1.72642102391746e-11,Higher in basal-like
214240_at,GAL,7.00464023667343,4.59813264357688,2.40650759309656,9.44398943322312,53.1772423798808,5.7883916205779e-13,1.73318900249231e-11,Higher in basal-like
200815_s_at,PAFAH1B1,8.64379888837758,7.60580174921336,1.03799713916422,9.01795121556751,63.2607856135932,5.81693907741874e-13,1.74078349238024e-11,Higher in basal-like
208933_s_at,LGALS8,7.7335149324833,9.19622969843254,-1.46271476594924,-8.93526264116766,65.7464490043777,5.85250105754996e-13,1.74855461924341e-11,Higher in luminal A
222336_at,SMIM14,4.52287571012761,5.73314622685215,-1.21027051672454,-9.84529138122358,46.5547284471491,5.85689252095792e-13,1.74891096987097e-11,Higher in luminal A
211139_s_at,NAB1,7.20233679482997,5.93485267473696,1.26748412009301,9.14989343348017,59.5730531771317,5.89476582396097e-13,1.75925939642503e-11,Higher in basal-like
214581_x_at,TNFRSF21,6.61586412852651,5.06618319213239,1.54968093639412,8.8731692841776,67.6078450704983,5.99722801407539e-13,1.78691248866252e-11,Higher in basal-like
209396_s_at,CHI3L1,9.69201171488053,6.31164988802887,3.38036182685166,9.06346673567083,61.7163915457643,6.02293570821019e-13,1.79359482487142e-11,Higher in basal-like
228360_at,LYPD6B,5.13715994977246,7.1285986036752,-1.99143865390274,-9.4737182211922,52.3945563865771,6.03063591457551e-13,1.79421543084801e-11,Higher in luminal A
218162_at,OLFML3,7.95588370302401,9.54139350592906,-1.58550980290505,-8.8755393264844,67.4168273846615,6.07778003067296e-13,1.80697456866255e-11,Higher in luminal A
232381_s_at,DNAH5,5.23360276248493,7.5019259426771,-2.26832318019217,-9.91900603953711,45.3944489485848,6.09277302170553e-13,1.81044763566168e-11,Higher in luminal A
203234_at,UPP1,6.27526955845432,5.16917455163345,1.10609500682087,8.86544326957782,67.6641472994546,6.1506363431135e-13,1.82466653315101e-11,Higher in basal-like
228340_at,TLE3,7.03049924643043,8.25343242000195,-1.22293317357152,-8.92125209371283,65.7959819571223,6.15828098352765e-13,1.82594367014303e-11,Higher in luminal A
226248_s_at,KIAA1324,7.26341347365874,10.4831701570383,-3.2197566833796,-9.19239962816241,58.1867813022177,6.20817283107209e-13,1.83973902189088e-11,Higher in luminal A
217645_at,SYNJ2BP-COX16,5.66184860594278,6.67802413681637,-1.01617553087359,-9.05799178037764,61.5323244835183,6.31733074901613e-13,1.87005987386279e-11,Higher in luminal A
219648_at,MREG,8.01106587841086,9.27372228048806,-1.2626564020772,-8.93484791630669,65.1543170414257,6.32436027328009e-13,1.87112769448912e-11,Higher in luminal A
232740_at,MCM3AP-AS1,5.67756337099038,4.47163455998857,1.20592881100181,9.30351615279428,55.5335706865739,6.33342599378555e-13,1.87178414167689e-11,Higher in basal-like
235363_at,"",6.86653256080384,5.68394906124328,1.18258349956056,8.87857927484211,66.8363073774793,6.44328959062937e-13,1.90322451846386e-11,Higher in basal-like
212980_at,AHSA2,7.31237933322368,8.52257161862016,-1.21019228539647,-8.95965164291161,64.1478464740061,6.5233567590785e-13,1.92583439958217e-11,Higher in luminal A
204613_at,PLCG2,7.85317644012983,6.60515538691682,1.24802105321301,8.9254455906071,65.120775148507,6.59903152248855e-13,1.94712384507319e-11,Higher in basal-like
203657_s_at,CTSF,8.08618581436911,9.09195829445363,-1.00577248008452,-8.83823687710113,67.9724114048032,6.6372213298521e-13,1.9558406741252e-11,Higher in luminal A
231300_at,CCDC189,4.70799489322383,5.99182011213173,-1.2838252189079,-10.3505571075756,40.2192222202315,6.63930551655485e-13,1.9558406741252e-11,Higher in luminal A
230175_s_at,DCBLD2,6.583928706178,4.9748364071484,1.60909229902961,8.8406773136825,67.7594769343873,6.73931379445571e-13,1.98316459478937e-11,Higher in basal-like
209754_s_at,TMPO,7.02268825555307,5.1951120004345,1.82757625511857,9.00771617592021,62.2169950277598,6.99441460005664e-13,2.05491466017247e-11,Higher in basal-like
37005_at,MINOS1-NBL1,8.62181411698008,10.0983285949742,-1.47651447799415,-9.0060085470371,62.2135916066074,7.04514074178692e-13,2.06759565248094e-11,Higher in luminal A
213397_x_at,RNASE4,7.37648604554526,9.13133157077747,-1.75484552523221,-8.82505139769357,67.8929784820233,7.07813533102226e-13,2.07505120227154e-11,Higher in luminal A
212708_at,MSL1,8.67930892013404,9.83559708658974,-1.1562881664557,-8.83373835065853,67.4735937372082,7.17796300696419e-13,2.10093751287884e-11,Higher in luminal A
217924_at,C6orf106,6.40028451408363,5.30681203603899,1.09347247804463,8.91544234641802,64.7829477751008,7.17795863706538e-13,2.10093751287884e-11,Higher in basal-like
240666_at,"",6.38902103720123,7.58807659186819,-1.19905555466697,-8.89652231128187,65.3907974356817,7.17126237837999e-13,2.10093751287884e-11,Higher in luminal A
227897_at,RAP2B,10.42653010726,9.05110390531477,1.37542620194524,8.88546737743981,65.7050779227832,7.20993237780732e-13,2.10803771527602e-11,Higher in basal-like
227762_at,"",4.73306004222995,6.96582235160152,-2.23276230937157,-10.7499261903672,36.5325258609207,7.22929893283102e-13,2.11031457102262e-11,Higher in luminal A
226358_at,APH1B,5.61541294323962,6.96937962759467,-1.35396668435505,-9.78150217930753,46.5137815454159,7.2645132253156e-13,2.11946243646815e-11,Higher in luminal A
232366_at,KIAA0232,4.5456933045917,5.63507719200541,-1.0893838874137,-8.83511277847679,67.2330035632205,7.34683660185507e-13,2.14119558212381e-11,Higher in luminal A
1558678_s_at,MALAT1,11.9251246148757,13.5603355279951,-1.63521091311939,-9.11712196322703,58.7785549028999,7.54248795553518e-13,2.19354004770684e-11,Higher in luminal A
212619_at,NEMP1,5.65084718773246,4.43188960171622,1.21895758601624,9.35412278379777,53.3429808056728,7.74199395020734e-13,2.24678088761988e-11,Higher in basal-like
1555893_at,"",4.17474119396961,5.57020522587039,-1.39546403190078,-10.7107959858867,36.6179346649557,7.77545850341867e-13,2.25529545715871e-11,Higher in luminal A
223235_s_at,SMOC2,7.51307032694591,9.69371804345161,-2.18064771650569,-8.86335663184324,65.8026044552699,7.79589320116626e-13,2.25882597124412e-11,Higher in luminal A
227663_at,"",7.95721531778524,9.70688199417964,-1.7496666763944,-8.89226715581663,64.7985262126534,7.86891760666065e-13,2.27877685457718e-11,Higher in luminal A
220581_at,CCDC170,4.3501788581198,6.54397181743053,-2.19379295931073,-11.8467721628599,29.9391356112941,7.91111713080575e-13,2.28857316998309e-11,Higher in luminal A
226586_at,ANKS6,7.20020569770806,6.0133403674308,1.18686533027726,9.06383487862066,59.7947414290988,7.94560843653493e-13,2.29733549057402e-11,Higher in basal-like
209644_x_at,CDKN2A,9.70655477039677,7.50776781118578,2.19878695921099,9.74805022620006,46.5750497527394,7.982163780426e-13,2.30668501424309e-11,Higher in basal-like
210794_s_at,MEG3,5.67142576319388,6.96146205698181,-1.29003629378793,-9.71180736528512,47.0878275405006,8.00044907395006e-13,2.31074777135879e-11,Higher in luminal A
244745_at,RERG,4.83728781695706,7.50361719955241,-2.66632938259535,-9.0222796498794,60.731165451285,8.14662896253883e-13,2.35043794484023e-11,Higher in luminal A
244751_at,PCP2,5.02405069310641,6.05289543110971,-1.0288447380033,-10.4584583965222,38.5470127425214,8.15076423121551e-13,2.35043794484023e-11,Higher in luminal A
221814_at,ADGRA2,6.34922522965086,7.65769752236725,-1.3084722927164,-9.64124343734557,48.0048963581589,8.25254380669303e-13,2.37853364591956e-11,Higher in luminal A
207949_s_at,ICA1,7.11334001475268,8.15687914680831,-1.04353913205563,-8.80366312293402,67.3077203254192,8.2937866381107e-13,2.38916114035144e-11,Higher in luminal A
218483_s_at,IFT46,7.13885168882152,8.20793651902756,-1.06908483020604,-8.78277400162861,67.9998473020797,8.3344423598507e-13,2.39960840455417e-11,Higher in luminal A
203046_s_at,TIMELESS,8.06299242857688,6.95620339026739,1.10678903830949,8.99331981332085,61.2890159965519,8.4281739508175e-13,2.4214945389435e-11,Higher in basal-like
218025_s_at,ECI2,7.61347229515946,9.20079331731745,-1.58732102215798,-9.05689590091105,59.527632170404,8.49008262152184e-13,2.43800035363291e-11,Higher in luminal A
200687_s_at,SF3B3,9.10931293167689,7.95658639013323,1.15272654154366,8.78369699926409,67.8003677313329,8.49927671024794e-13,2.43935933927982e-11,Higher in basal-like
212398_at,RDX,7.95575367655813,6.29584540986134,1.6599082666968,9.04662416470012,59.6533191271773,8.67046130776234e-13,2.4832764379356e-11,Higher in basal-like
243817_at,"",6.42523125169137,7.44075742448753,-1.01552617279616,-8.79473284674009,67.0159778098041,8.91148629959118e-13,2.55097127450339e-11,Higher in luminal A
212563_at,MIR7112,7.8046680125573,6.18478918346921,1.61987882908809,8.88795910917643,63.812135209357,9.09642048065098e-13,2.59846807617342e-11,Higher in basal-like
234317_s_at,STOX2,6.55317808873442,4.94103089820131,1.61214719053311,9.17801551963265,55.9649650066588,9.3634723766592e-13,2.67056782573731e-11,Higher in basal-like
225686_at,SKA2,7.3410660148553,6.04666868335929,1.29439733149601,8.77781288338171,67.1407602431593,9.41606259032508e-13,2.68276822368955e-11,Higher in basal-like
221645_s_at,ZNF83,7.70275111609826,8.87693249725793,-1.17418138115967,-8.80433821571117,66.2181577694096,9.43248818435652e-13,2.6860483931234e-11,Higher in luminal A
209360_s_at,LOC101928269,9.02122131373488,10.360938147538,-1.33971683380314,-8.77938979871459,67.0551829489458,9.45063454414032e-13,2.68841541987967e-11,Higher in luminal A
1552632_a_at,ARSG,4.48512309743639,6.31005716375916,-1.82493406632277,-10.4148274601577,38.4401059961006,9.50032766152847e-13,2.70114620329729e-11,Higher in luminal A
236114_at,"",7.50308286672032,9.03453618018115,-1.53145331346083,-8.86076407405874,64.3163608509031,9.50868069847121e-13,2.70211599370537e-11,Higher in luminal A
221987_s_at,TSR1,7.00842924734331,5.93108325812152,1.07734598922179,8.78331533941775,66.8123488675063,9.57240964993451e-13,2.71317520793245e-11,Higher in basal-like
228058_at,ZG16B,6.10464781643124,9.16584827133245,-3.06120045490122,-8.94351164319821,61.7834924128533,9.56988547930354e-13,2.71317520793245e-11,Higher in luminal A
204966_at,ADGRB2,5.03048000818671,6.57737774811701,-1.5468977399303,-10.7434638777295,35.7450963619857,9.6574495143782e-13,2.73521482098288e-11,Higher in luminal A
230875_s_at,ATP11A,8.06973927514212,6.56707646363996,1.50266281150216,8.78208865102998,66.7121291193302,9.73729904534636e-13,2.75562538977387e-11,Higher in basal-like
231374_at,"",5.26406163876263,4.11019573790279,1.15386590085984,9.36349896731336,51.8997341052274,9.75949552361598e-13,2.76047810529593e-11,Higher in basal-like
228081_at,CCNG2,6.00027292286482,7.74496494017746,-1.74469201731263,-9.51912749547331,49.0758003011491,9.91515287856946e-13,2.80305575819951e-11,Higher in luminal A
227419_x_at,PLAC9,5.62528307385302,7.09493878545764,-1.46965571160462,-9.79524050570448,44.9759208307532,9.95934537807122e-13,2.81409410101315e-11,Higher in luminal A
209335_at,DCN,8.28639816987203,10.6618328743242,-2.37543470445214,-8.74539743055297,67.7675776639725,1.00053335469426e-12,2.82562815949941e-11,Higher in luminal A
221843_s_at,TLDC1,7.8711736780842,6.38124315096633,1.48993052711787,9.04048604773898,58.8286526431234,1.00342230030311e-12,2.83086244938455e-11,Higher in basal-like
215739_s_at,TUBGCP3,4.9878929642804,3.81670139554731,1.17119156873308,9.06234121101224,58.2429039876299,1.00847474808472e-12,2.84364914138898e-11,Higher in basal-like
212692_s_at,LRBA,8.8633479908388,9.87703273293043,-1.01368474209163,-8.73345878847348,67.9942243205747,1.02422495013727e-12,2.88359933824692e-11,Higher in luminal A
209550_at,NDN,6.03810639233912,7.62644677855822,-1.5883403862191,-8.83887152743572,64.3400910416153,1.03563442356513e-12,2.91422090110261e-11,Higher in luminal A
206481_s_at,LDB2,5.88103852453956,7.23978719824355,-1.35874867370399,-8.93683623398338,61.3822483940412,1.03845236186999e-12,2.91914564962681e-11,Higher in luminal A
218236_s_at,PRKD3,8.73301095193154,7.61895490747793,1.11405604445361,9.03346486796041,58.6866934984317,1.0528784933606e-12,2.95665801872064e-11,Higher in basal-like
224471_s_at,BTRC,6.53268768972339,7.78598688156326,-1.25329919183987,-9.63875471239426,46.9112837284802,1.05626467395426e-12,2.96312319386605e-11,Higher in luminal A
231984_at,MTAP,6.88901648185518,5.66560346774401,1.22341301411118,9.21111353114425,54.4234386194659,1.07322849819879e-12,3.00608443335138e-11,Higher in basal-like
1553989_a_at,ATP6V1C2,6.29692372777894,4.41233007932207,1.88459364845687,9.67380727217151,46.0737885110795,1.13690094158925e-12,3.17305048399144e-11,Higher in basal-like
227249_at,NDE1,8.38911098427619,7.13827876003938,1.25083222423681,8.70785996002089,67.9818769324756,1.14116027626437e-12,3.18331316860991e-11,Higher in basal-like
200841_s_at,EPRS,8.49530054251334,6.62970673334525,1.86559380916808,8.81952222945326,64.1592397286157,1.14588049751589e-12,3.19485039274254e-11,Higher in basal-like
204699_s_at,DIEXF,8.04148012432603,7.01536443400727,1.02611569031876,8.70546845927129,67.8457365935152,1.17075993432443e-12,3.25426026482908e-11,Higher in basal-like
213249_at,FBXL7,5.75432324217409,7.52254035694698,-1.76821711477289,-9.18231896087807,54.510288513222,1.17445076453455e-12,3.26120343072252e-11,Higher in luminal A
203263_s_at,ARHGEF9,7.14875992741801,5.75202485670296,1.39673507071505,8.78263820793308,65.1317884339836,1.17780421471337e-12,3.26885509844942e-11,Higher in basal-like
203343_at,UGDH,7.51697332360401,9.13552083879708,-1.61854751519307,-9.37442504203857,50.6282439140775,1.19509572745845e-12,3.31180227566097e-11,Higher in luminal A
203813_s_at,SLIT3,5.45919121462949,6.75319687262018,-1.29400565799069,-8.80598267039533,64.2105941171634,1.20238092961425e-12,3.33030280276896e-11,Higher in luminal A
215382_x_at,TPSAB1,6.37038280188639,9.22036174545854,-2.84997894357215,-9.52153619467067,48.0676960157831,1.21241008590881e-12,3.35638083276275e-11,Higher in luminal A
206316_s_at,KNTC1,7.53895340427352,6.34881066156149,1.19014274271203,8.69645966950723,67.8200841498546,1.21909355705362e-12,3.37317511295074e-11,Higher in basal-like
204766_s_at,NUDT1,7.64829039081336,6.5710152702273,1.07727512058606,8.72911575972357,66.6099952840696,1.22623998368925e-12,3.3912327318265e-11,Higher in basal-like
230218_at,HIC1,4.57448197071649,6.14012048194731,-1.56563851123082,-9.74537855438159,44.7165103411832,1.23961934196151e-12,3.42650088583142e-11,Higher in luminal A
203187_at,DOCK1,6.55208761432325,7.56460836343256,-1.01252074910931,-8.71370152163908,66.8046956278052,1.27707111155476e-12,3.51934793469035e-11,Higher in luminal A
241916_at,"",6.65118351425086,5.09842981360943,1.55275370064143,8.69514344623446,67.404901257652,1.28583978278948e-12,3.54172746216699e-11,Higher in basal-like
205429_s_at,MPP6,5.13009885799881,3.86166641573165,1.26843244226716,9.36366984123614,50.4139316398119,1.29260104123273e-12,3.55712735290913e-11,Higher in basal-like
219562_at,RAB26,6.0663916765525,7.84904848275096,-1.78265680619847,-9.49868495980284,48.0868190908667,1.3031951133616e-12,3.5805122021631e-11,Higher in luminal A
204792_s_at,IFT140,5.12146574275807,6.52408441235589,-1.40261866959782,-9.65351864859623,45.7425730643031,1.30832165333076e-12,3.59279188326768e-11,Higher in luminal A
242804_at,POLN,5.05845981205066,6.13865105240791,-1.08019124035725,-9.29064574193181,51.6328051862978,1.32501015222582e-12,3.63496889477906e-11,Higher in luminal A
205160_at,PEX11A,6.67473360762702,8.06430656561004,-1.38957295798303,-8.77376811047175,64.3771848657363,1.3411371290581e-12,3.6755224326442e-11,Higher in luminal A
225265_at,RBMS1,8.92317858541208,7.38572374728081,1.53745483813128,8.67867374475789,67.6065711163986,1.34526751888127e-12,3.68499506988144e-11,Higher in basal-like
227918_s_at,ZYG11B,6.91490520781298,5.45985116606478,1.4550540417482,9.10175427735246,55.3909816912743,1.36342510791465e-12,3.73099438314481e-11,Higher in basal-like
209917_s_at,TP53TG1,5.55108437864038,6.95333147688631,-1.40224709824593,-8.72586317275307,65.8181059391341,1.36589482272072e-12,3.73588291306931e-11,Higher in luminal A
225452_at,MED1,8.1012433935699,6.82410285773522,1.27714053583468,8.676271696542,67.528126179056,1.37104547010449e-12,3.74809555389814e-11,Higher in basal-like
238898_at,FOXP4-AS1,6.23249928343984,4.19522533321497,2.03727395022487,9.17635346345344,53.7229208003123,1.37260536688437e-12,3.75048467938044e-11,Higher in basal-like
219615_s_at,KCNK5,6.81625749344056,4.7137897356766,2.10246775776396,9.50032855906148,47.7687589255829,1.38540658785345e-12,3.77872902490086e-11,Higher in basal-like
205948_at,PTPRT,4.42260845574298,6.17591061953411,-1.75330216379113,-11.1611172387151,32.0920606980691,1.39036649294231e-12,3.78954576279265e-11,Higher in luminal A
212319_at,SGSM2,6.43468597807975,7.51971270458162,-1.08502672650187,-8.79581041982653,63.3378725767827,1.40009181366754e-12,3.81415146548445e-11,Higher in luminal A
229599_at,SMIM22,6.95393702014469,8.07146249497286,-1.11752547482817,-8.6929558601931,66.7448232077462,1.40108135790271e-12,3.81494637665989e-11,Higher in luminal A
202641_at,ARL3,8.29975586016471,9.30900174937536,-1.00924588921066,-8.72282842950219,65.6049105800075,1.41891011552048e-12,3.86156847018827e-11,Higher in luminal A
212462_at,KAT6B,8.4052745595481,9.85482308343548,-1.44954852388738,-9.00199612555715,57.4767751935423,1.42458452018982e-12,3.87508251947157e-11,Higher in luminal A
203722_at,ALDH4A1,5.6684619615847,6.6706596847503,-1.0021977231656,-8.76744700087268,63.9979797664855,1.44287210974373e-12,3.91897827124879e-11,Higher in luminal A
219876_s_at,GOLGA2P5,4.80264240250611,5.88656813273605,-1.08392573022994,-9.68766745167151,44.8156325352686,1.45299637252057e-12,3.9445172128879e-11,Higher in luminal A
AFFX-ThrX-M_at,"",5.4550468869949,6.97555172596866,-1.52050483897376,-9.09095765394939,55.2387375672787,1.45442826311442e-12,3.94644492733404e-11,Higher in luminal A
205447_s_at,MAP3K12,5.80191606021771,6.91106697802914,-1.10915091781142,-9.71093402296145,44.4280119636638,1.47925775476224e-12,4.0038820664171e-11,Higher in luminal A
218883_s_at,CENPU,9.52087711883917,7.87206493269737,1.6488121861418,8.67056648364359,67.0687273281252,1.4801406165693e-12,4.00428937213886e-11,Higher in basal-like
202769_at,CCNG2,9.79588121567754,10.9679444052678,-1.17206318959027,-8.64096125018762,67.9907272870338,1.50675692776213e-12,4.07025370678825e-11,Higher in luminal A
203988_s_at,FUT8,6.52183528720655,7.85836607503405,-1.33653078782749,-8.70007379970967,65.8060657268638,1.52028239740451e-12,4.10476247299218e-11,Higher in luminal A
211767_at,GINS4,5.99543701510422,4.56431989550227,1.43111711960195,8.69212617955186,66.0283972504245,1.5296530309022e-12,4.12395362251371e-11,Higher in basal-like
229810_at,RSPH3,6.22986398590831,7.36094170522449,-1.13107771931618,-8.66439178051143,66.9837877233313,1.53342775602652e-12,4.13209278268851e-11,Higher in luminal A
213832_at,KCND3,4.27614715849601,6.64283351240148,-2.36668635390547,-10.2818874474323,38.0583300731803,1.53993922700205e-12,4.14759493775059e-11,Higher in luminal A
214745_at,PLCH1,6.44845287982225,4.65399006124808,1.79446281857417,9.15930203316184,53.4060283364819,1.5414972514769e-12,4.14974703222547e-11,Higher in basal-like
200607_s_at,RAD21,10.0642320127488,8.4434466244435,1.62078538830528,8.64159224337333,67.5348309233897,1.58234349168307e-12,4.24715907745567e-11,Higher in basal-like
218365_s_at,DARS2,7.08562866589267,5.97130861682773,1.11432004906495,8.6821362458502,66.0917635274288,1.58179415883008e-12,4.24715907745567e-11,Higher in basal-like
209366_x_at,CYB5A,9.21086983934812,10.789668477789,-1.57879863844084,-8.6753519178911,66.2317782903841,1.59990326579217e-12,4.29007901212294e-11,Higher in luminal A
218313_s_at,GALNT7,8.62236275374412,10.3083169221874,-1.68595416844332,-8.93470608834297,58.3833732265632,1.60620867767442e-12,4.30487546332594e-11,Higher in luminal A
241713_s_at,DYX1C1-CCPG1,4.59837292050033,5.60932185215061,-1.01094893165028,-8.97533718617336,57.2604285270214,1.62816152751177e-12,4.35730452847313e-11,Higher in luminal A
202533_s_at,DHFR,6.13312106687196,4.94346171746248,1.18965934940948,8.77066793933196,62.8284998511021,1.65306059937854e-12,4.41745299467358e-11,Higher in basal-like
226492_at,SEMA6D,4.19374166093603,6.00006920118386,-1.80632754024783,-8.82760977732596,61.0683800707036,1.66484264778023e-12,4.44676461980381e-11,Higher in luminal A
210731_s_at,LGALS8,5.73181612298859,6.7362119132942,-1.00439579030561,-8.93451978427999,58.1263788924468,1.66938414669231e-12,4.45238800179482e-11,Higher in luminal A
202994_s_at,FBLN1,7.62793718938943,9.77221612958781,-2.14427894019838,-8.9721992675462,57.1470400287391,1.67619204639749e-12,4.4651356250425e-11,Higher in luminal A
223283_s_at,TSHZ1,7.2786402256009,8.3834941278759,-1.104853902275,-8.6358566455596,67.2313513572985,1.67743732489022e-12,4.4651356250425e-11,Higher in luminal A
232333_at,"",8.85234417347227,7.52750664963296,1.32483752383931,8.62886183007126,67.3845444206533,1.69698643528304e-12,4.51277885939204e-11,Higher in basal-like
223300_s_at,CCDC82,7.84925184233322,6.55030765146669,1.29894419086653,8.63161017434338,67.2439110571556,1.70479304579616e-12,4.53133494306783e-11,Higher in basal-like
232796_at,"",6.17896677507252,4.95195395695717,1.22701281811535,9.02606799677229,55.6428148382566,1.731987271254e-12,4.59914541310406e-11,Higher in basal-like
209205_s_at,LMO4,9.83995586580605,8.2740737550121,1.56588211079395,8.63096638360278,67.0285230088738,1.75188950048242e-12,4.64973584654738e-11,Higher in basal-like
74694_s_at,RABEP2,7.27251018737507,8.3418539693741,-1.06934378199904,-8.66352958273685,65.8431095674338,1.7581571930618e-12,4.66410696412682e-11,Higher in luminal A
243754_at,"",6.80757959740372,4.77711156081488,2.03046803658884,9.46638537926609,47.1062598736427,1.78276810015991e-12,4.72481075502874e-11,Higher in basal-like
203066_at,CHST15,8.50687690163292,9.72105804234564,-1.21418114071272,-8.68799657299503,64.8657029091248,1.78822079170069e-12,4.73696568731761e-11,Higher in luminal A
203604_at,ZNF516,5.15621535813677,6.39929307469526,-1.2430777165585,-8.67747548700307,65.2077928651115,1.79111150330125e-12,4.74003007952545e-11,Higher in luminal A
207039_at,CDKN2A,8.2535642946466,5.66453065844138,2.58903363620523,9.26322983222747,50.5303183440008,1.79025275923526e-12,4.74003007952545e-11,Higher in basal-like
213457_at,MFHAS1,7.6435140740614,6.31562883028228,1.32788524377912,8.67732363224948,65.0649756013561,1.82322622307003e-12,4.81802289735881e-11,Higher in basal-like
225656_at,EFHC1,7.82503946009228,9.0969729950438,-1.27193353495152,-8.65636946299113,65.7788932221153,1.82428860955782e-12,4.81850143611467e-11,Higher in luminal A
200824_at,GSTP1,10.519351917705,9.18185992397111,1.33749199373389,8.64481620251691,66.1773622976207,1.82553073374355e-12,4.81945402546734e-11,Higher in basal-like
203143_s_at,KIAA0040,6.86287686231654,8.27240104143346,-1.40952417911692,-8.67218891294136,65.1142495532572,1.85078081593786e-12,4.88375681039589e-11,Higher in luminal A
219402_s_at,DERL1,9.67182100879188,8.57038940432772,1.10143160446415,8.77600511594375,61.5254268053624,1.9186473599983e-12,5.03852278616269e-11,Higher in basal-like
221710_x_at,EVA1B,6.73327863740542,8.11459131389469,-1.38131267648927,-10.4146370070909,36.2291560969873,1.92449952212118e-12,5.04904085278192e-11,Higher in luminal A
204761_at,USP6NL,7.06022321952995,5.86148458783316,1.19873863169678,8.7674971163386,61.708658059455,1.93679338201242e-12,5.07642273065816e-11,Higher in basal-like
210958_s_at,MAST4,6.19986286562476,7.62376579104452,-1.42390292541976,-8.95072691922065,56.7177102128059,1.94007719411324e-12,5.07772717032749e-11,Higher in luminal A
222883_at,COA7,6.94654377184043,5.93182959427316,1.01471417756728,8.91796472947427,57.5388376092495,1.93958474650334e-12,5.07772717032749e-11,Higher in basal-like
219833_s_at,EFHC1,6.70648157788951,8.19659014435042,-1.4901085664609,-8.63850577327383,65.6383352863332,1.99554011840631e-12,5.21789363815711e-11,Higher in luminal A
222996_s_at,CXXC5,8.46413665062935,9.92276727858868,-1.45863062795934,-8.58401079234043,67.5798517837159,2.00018332426938e-12,5.22503694478874e-11,Higher in luminal A
214061_at,TBC1D31,7.06970929786903,5.64397380654376,1.42573549132527,9.11409196610417,52.8038183795032,2.01174662921734e-12,5.25022658484287e-11,Higher in basal-like
212458_at,SPRED2,7.34969691130278,8.92241423091526,-1.57271731961248,-8.96017911367335,56.1774212169777,2.03480815002612e-12,5.30281866552325e-11,Higher in luminal A
203151_at,MAP1A,5.78486357373656,6.79870751570121,-1.01384394196466,-8.77363599033381,61.0588555935341,2.06055051235007e-12,5.36223699489482e-11,Higher in luminal A
218349_s_at,ZWILCH,7.58966535107425,6.31663852594007,1.27302682513418,9.13281360174803,52.2825690381674,2.06024271398525e-12,5.36223699489482e-11,Higher in basal-like
229764_at,TPRG1,4.05840351215088,8.02487049084386,-3.96646697869298,-11.0538396417156,31.7196303659122,2.06993706744943e-12,5.38410129223585e-11,Higher in luminal A
225241_at,CCDC80,6.74510143929489,8.78450439581119,-2.0394029565163,-8.74256639113466,61.8988542990531,2.08500662529814e-12,5.42071979259037e-11,Higher in luminal A
221447_s_at,GLT8D2,6.89610267473199,8.75212772029863,-1.85602504556664,-8.64269630394458,64.9528755385062,2.12769333985294e-12,5.5290700264477e-11,Higher in luminal A
220134_x_at,EVA1B,6.51352467592417,7.81001501943679,-1.29649034351262,-10.1765830280114,37.8377584198249,2.19929849356152e-12,5.70159531225585e-11,Higher in luminal A
218894_s_at,MAGOHB,7.31984056269471,5.95976256580497,1.36007799688974,9.06763100088867,53.2439709501691,2.20511544790947e-12,5.71212101855445e-11,Higher in basal-like
236957_at,CDCA2,6.71914057500447,4.90716208811264,1.81197848689183,9.48102632399506,45.8950255254554,2.20544809696725e-12,5.71212101855445e-11,Higher in basal-like
229521_at,CCDC71L,7.50032865285118,6.43090894105602,1.06941971179517,8.58075038965174,66.6187324889724,2.25918279485376e-12,5.84022786329217e-11,Higher in basal-like
224724_at,SULF2,9.14049242461402,10.740068605944,-1.59957618133001,-8.54711554656127,67.8497780841928,2.26363846835507e-12,5.84898077775582e-11,Higher in luminal A
204702_s_at,NFE2L3,6.90483355659501,5.12860385277964,1.77622970381537,8.8054685449704,59.368597240597,2.29201635979799e-12,5.91303778190091e-11,Higher in basal-like
238116_at,DYNLRB2,3.70847023851514,5.75809897530608,-2.04962873679094,-9.75457016790103,42.0367036358538,2.32192961453811e-12,5.98545505303493e-11,Higher in luminal A
49452_at,ACACB,5.5141864399081,7.05555531389553,-1.54136887398743,-8.91199771821291,56.4867303279328,2.32373432061577e-12,5.98728435342447e-11,Higher in luminal A
235305_s_at,ECHDC2,7.55732281517734,8.62453334262208,-1.06721052744474,-8.55234756410429,67.215911942172,2.37586827036567e-12,6.10722132967761e-11,Higher in luminal A
202272_s_at,FBXO28,8.78132100725461,7.61552426965081,1.1657967376038,8.61143825577478,64.8040489432821,2.45945311274637e-12,6.31021111869581e-11,Higher in basal-like
224970_at,NFIA,8.49805161803927,10.1378397753351,-1.63978815729578,-8.74023950140543,60.6945472035449,2.46598180037817e-12,6.32399413394355e-11,Higher in luminal A
235848_x_at,"",7.08372813192601,5.6823489445323,1.40137918739371,8.64225620631886,63.6134015440075,2.50620695490398e-12,6.42112770662489e-11,Higher in basal-like
223121_s_at,SFRP2,8.59278878033542,11.4761974411389,-2.88340866080347,-8.68800463417398,62.1130616018715,2.51815361474683e-12,6.44267893712135e-11,Higher in luminal A
229004_at,ADAMTS15,4.96443340057288,8.22050381431216,-3.25607041373928,-9.8844137997848,40.2117487628336,2.54704392625841e-12,6.51354661684653e-11,Higher in luminal A
223515_s_at,COQ3,7.86865353127596,6.68559651052452,1.18305702075144,8.51929428390337,67.7136811586096,2.5801181683917e-12,6.59504258330136e-11,Higher in basal-like
231871_at,GPR180,6.30055247149725,5.15474715920832,1.14580531228894,8.61455538146796,64.233184903517,2.59978528002083e-12,6.64220841986629e-11,Higher in basal-like
215945_s_at,TRIM2,7.08007479111626,5.35317362355442,1.72690116756183,8.95557665921651,54.6579519357132,2.6280222495294e-12,6.7049517728894e-11,Higher in basal-like
212840_at,UBXN7,8.33368941875091,7.32377129482804,1.00991812392287,8.52366165429852,67.3505445999201,2.6366992153983e-12,6.72395194038721e-11,Higher in basal-like
203221_at,TLE1,9.20121737405438,7.63584251842191,1.56537485563247,8.92886380730522,55.1732475336371,2.6727879083519e-12,6.80963088952192e-11,Higher in basal-like
202409_at,INS-IGF2,6.54999776009926,9.39643309918659,-2.84643533908733,-8.50139453178926,67.9987105121535,2.69524609645997e-12,6.86045532234399e-11,Higher in luminal A
201522_x_at,SNURF,8.71323933776065,10.0273444233406,-1.31410508557993,-8.88981670098272,56.0276333374023,2.7074497088244e-12,6.88510757348716e-11,Higher in luminal A
220253_s_at,LRP12,5.33815054478587,3.6221001335369,1.71605041124897,8.85223431722426,56.9666578041559,2.70709937003403e-12,6.88510757348716e-11,Higher in basal-like
204051_s_at,SFRP4,7.26901131576468,10.1730904441915,-2.90407912842684,-8.56258201267777,65.6189921076967,2.72940465325869e-12,6.9344888204888e-11,Higher in luminal A
222671_s_at,JMJD4,7.30971460575156,6.27979240067333,1.02992220507823,8.7749537426617,58.9099007365257,2.74855871320481e-12,6.97990931929741e-11,Higher in basal-like
203789_s_at,SEMA3C,7.41925984977028,9.97716720557018,-2.5579073557999,-8.52381684528307,66.8867446469429,2.77382409189913e-12,7.03753281784618e-11,Higher in luminal A
212912_at,RPS6KA2,6.55855740901665,7.9015715088504,-1.34301409983374,-8.53459479290395,66.4459512355513,2.78706818257829e-12,7.06785495744285e-11,Higher in luminal A
203780_at,MPZL2,7.97501159163039,6.41891897845626,1.55609261317413,8.5039776431655,67.5677114890886,2.79421304389883e-12,7.08268883519558e-11,Higher in basal-like
221703_at,BRIP1,5.44170898680215,4.02346408034152,1.41824490646063,9.4260841495397,45.5320320862223,2.85111407692258e-12,7.22022520406402e-11,Higher in basal-like
237215_s_at,TFRC,6.57657642356031,4.62272718290693,1.95384924065338,9.09471626573855,51.170354604351,2.8691700458861e-12,7.25586828209169e-11,Higher in basal-like
223358_s_at,PDE7A,9.2486053808159,8.00748509012995,1.24112029068596,8.54962202099638,65.4794634323506,2.92475086297014e-12,7.37936102597566e-11,Higher in basal-like
201117_s_at,CPE,6.87857867966191,8.98957530243933,-2.11099662277743,-8.62552069534674,62.8310120128478,2.95133254214618e-12,7.43613395123698e-11,Higher in luminal A
239002_at,ASPM,5.39911085479926,3.64252728148671,1.75658357331255,9.62260126108943,42.6791470650301,2.95908750611973e-12,7.45223903257006e-11,Higher in basal-like
220147_s_at,FAM60A,9.83515523974747,8.32016004965698,1.51499519009049,8.89003773466842,55.4178806652844,2.9706137758514e-12,7.47094333922148e-11,Higher in basal-like
223452_s_at,ATL3,7.49937402715017,6.22987754921965,1.26949647793052,8.47848843107077,67.9371435861932,2.98545757072522e-12,7.50482265192649e-11,Higher in basal-like
202371_at,TCEAL4,9.6075243538488,11.1007709475283,-1.49324659367954,-9.21945103179352,48.4574812395417,3.09119038604969e-12,7.7421362509055e-11,Higher in luminal A
230250_at,PTPRB,6.20917917407112,7.39005199951029,-1.18087282543917,-8.5957287552786,63.3081954897869,3.13655291769954e-12,7.84855976087975e-11,Higher in luminal A
1556938_a_at,"",3.95996450493541,5.12948962025792,-1.16952511532251,-8.93359463732939,54.0427739658178,3.14322595009366e-12,7.86165959841587e-11,Higher in luminal A
1565034_s_at,AFF3,3.23244320709908,5.18527117201466,-1.95282796491559,-10.8984738297704,31.5661987706171,3.14735274714545e-12,7.86838186786362e-11,Higher in luminal A
229110_at,SLC24A2,3.71413091091375,5.48714202488991,-1.77301111397616,-10.3788102032472,35.0191280765994,3.15567556913692e-12,7.88558326062894e-11,Higher in luminal A
229835_s_at,PRELID3B,7.60426096175726,6.28748947677143,1.31677148498582,8.70283900967926,59.8896660491966,3.17787321250957e-12,7.93742429849066e-11,Higher in basal-like
231899_at,ZC3H12C,6.79314892041882,5.34953747631353,1.44361144410529,8.68011774010304,60.4492694659387,3.22352842112508e-12,8.04043870552071e-11,Higher in basal-like
227722_at,RPS23,5.74451822536669,7.54712946300162,-1.80261123763493,-8.60822539987922,62.6637201697835,3.22869695011937e-12,8.04965826483249e-11,Higher in luminal A
226274_at,CLCN5,6.9787416537412,5.95159608085099,1.0271455728902,8.60504229653582,62.654479122352,3.27374677373739e-12,8.15082444690763e-11,Higher in basal-like
234605_at,CDC14B,5.7612672938782,4.37750891676575,1.38375837711245,8.56848330975874,63.8125126024161,3.2937681038526e-12,8.19321069509286e-11,Higher in basal-like
221020_s_at,SLC25A32,8.88786184907198,7.81748272803931,1.07037912103266,8.49478373779072,66.4047956783942,3.2995646095001e-12,8.20389699974615e-11,Higher in basal-like
218195_at,ARMT1,7.59882617419307,9.31714493660769,-1.71831876241462,-9.60131831071815,42.4875144810109,3.30865177827738e-12,8.21901571909658e-11,Higher in luminal A
201150_s_at,TIMP3,9.18224743578898,11.3156015424095,-2.13335410662054,-8.4509142437376,67.8589418060236,3.37773086708356e-12,8.37919397267667e-11,Higher in luminal A
218594_at,HEATR1,9.01579989844907,7.99911568306638,1.01668421538269,8.48891963306143,66.3124979741463,3.41520887784516e-12,8.46448528541179e-11,Higher in basal-like
240485_at,"",3.99080270422487,5.03837011603585,-1.04756741181098,-9.04747063727505,51.1255737188444,3.41477878973316e-12,8.46448528541179e-11,Higher in luminal A
209520_s_at,NCBP1,7.72870900643983,6.69767240000502,1.03103660643482,8.48803195518465,66.2452757653013,3.45347394553078e-12,8.55157101321989e-11,Higher in basal-like
204199_at,RALGPS1,5.76513350924994,7.03281737796071,-1.26768386871077,-8.64317328895174,61.0230238313053,3.45785905939837e-12,8.55855337585359e-11,Higher in luminal A
212662_at,PVR,6.52551663784628,5.50160533559586,1.02391130225042,8.44569002826524,67.7952164457799,3.47572677110158e-12,8.5949959841691e-11,Higher in basal-like
205961_s_at,PSIP1,8.60234669623092,7.28908328397116,1.31326341225976,8.44385347416327,67.849803136605,3.48210730858523e-12,8.60688142391036e-11,Higher in basal-like
50965_at,RAB26,5.57076628459473,7.10668025695004,-1.5359139723553,-9.56379858811979,42.7417861603004,3.49184722562008e-12,8.62705589971883e-11,Higher in luminal A
222904_s_at,TMC5,4.92610445213907,7.76687220360049,-2.84076775146142,-9.04388819199867,50.9844535003607,3.54518228492524e-12,8.74696937853284e-11,Higher in luminal A
212560_at,SORL1,8.1417635829572,9.53824356590703,-1.39647998294983,-8.49876581215905,65.606828254448,3.5499940658591e-12,8.75489064279867e-11,Higher in luminal A
208969_at,NDUFA9,10.3456221538609,9.27946858281707,1.0661535710438,8.62150272262453,61.348023737925,3.61256346860711e-12,8.89715800207629e-11,Higher in basal-like
1569030_s_at,NUB1,7.96941929630904,6.81240023706413,1.15701905924491,8.55069698820967,63.6250675268234,3.61881516524703e-12,8.90854206032784e-11,Higher in basal-like
232269_x_at,METRN,6.28605736015237,8.04802594589712,-1.76196858574474,-8.61642840654173,61.3903376823823,3.66589484512428e-12,9.02037806737938e-11,Higher in luminal A
205053_at,PRIM1,7.60346290297231,6.53997035257776,1.06349255039456,8.44212627503317,67.4035059524139,3.67892200392881e-12,9.04836079913665e-11,Higher in basal-like
1558750_a_at,LOC100288637,5.1075764803742,3.80701644049839,1.30056003987581,8.52268364574226,64.3458962972317,3.72224869307834e-12,9.13847989645524e-11,Higher in basal-like
207843_x_at,CYB5A,9.12324512042082,10.6746449692767,-1.55139984885583,-8.46923133581291,66.2280333702002,3.73872518824819e-12,9.17481147520061e-11,Higher in luminal A
232681_at,"",8.93457982497498,7.73143147696944,1.20314834800553,8.46926889582223,66.1576240693553,3.76744949927101e-12,9.24115304498171e-11,Higher in basal-like
218049_s_at,MRPL13,9.72318076874425,8.69304238304451,1.03013838569974,8.50298634471574,64.9282395623512,3.76976460817641e-12,9.24268519964327e-11,Higher in basal-like
1556770_a_at,FBXL13,4.0289559253734,5.51271938599667,-1.48376346062327,-9.63092599475694,41.5768767518189,3.7832159315424e-12,9.27150744316812e-11,Higher in luminal A
214077_x_at,MEIS3P1,6.8974017152835,8.15549776820673,-1.25809605292323,-8.48501807867539,65.5334154996644,3.78697829425162e-12,9.27656981353975e-11,Higher in luminal A
218693_at,TSPAN15,7.04743111467677,8.57269179806037,-1.52526068338361,-8.4702798711767,65.9669374716822,3.83221170242107e-12,9.3789693298958e-11,Higher in luminal A
226575_at,ZNF462,8.41792371619788,6.86887165359277,1.54905206260511,9.00443075937837,51.3278736435811,3.83607837309688e-12,9.38423199324706e-11,Higher in basal-like
203775_at,SLC25A13,7.47959299061768,6.14939215338331,1.33020083723437,8.41845713494559,67.7538776826284,3.9108795920797e-12,9.55866525243441e-11,Higher in basal-like
226298_at,RUNDC1,6.77947294329512,7.96846552548827,-1.18899258219315,-8.80614806127905,55.616492210915,3.93599268396797e-12,9.60716071410484e-11,Higher in luminal A
1555487_a_at,ACTR3B,8.37682489679229,6.73607635988646,1.64074853690583,8.68152617970011,58.8581330036519,3.96747514833523e-12,9.67968334382993e-11,Higher in basal-like
212314_at,SEL1L3,8.44912346034395,6.60462726531107,1.84449619503288,8.89367893294682,53.3227793366506,4.08163699732147e-12,9.94046783200674e-11,Higher in basal-like
213427_at,RPP40,8.4060577789391,7.12481382552928,1.28124395340982,8.39492952149407,67.9519108061616,4.22514877726305e-12,1.02625503952402e-10,Higher in basal-like
227461_at,STON2,5.69341828735997,7.50173177263252,-1.80831348527256,-8.47135253649645,65.0338436819378,4.23747240006194e-12,1.02879131204879e-10,Higher in luminal A
207180_s_at,HTATIP2,7.97686919219292,6.84077917484397,1.13609001734895,8.58269293174076,61.2888087515782,4.24244281441962e-12,1.029540882727e-10,Higher in basal-like
218796_at,FERMT1,7.11834227462828,5.12029516741593,1.99804710721236,9.14364028259405,48.1408068367392,4.2470331732702e-12,1.03019759870696e-10,Higher in basal-like
221823_at,C5orf30,6.66189558562034,8.1173880887497,-1.45549250312935,-8.95091073722283,51.8345402703863,4.25151915852061e-12,1.03082842568565e-10,Higher in luminal A
230311_s_at,PRDM6,6.11392681127445,7.2094792120248,-1.09555240075035,-8.49672923311609,64.0762288474023,4.26707240636491e-12,1.03368269303501e-10,Higher in luminal A
225782_at,MSRB3,7.03075357225558,9.134891734371,-2.10413816211542,-8.46252469607939,65.2872077715309,4.26901194893672e-12,1.03369454520866e-10,Higher in luminal A
240498_at,"",7.96363049021185,6.70997968503965,1.2536508051722,8.56359912617861,61.8203153548302,4.28106766800879e-12,1.03615482403002e-10,Higher in basal-like
212976_at,LRRC8B,5.00418518184991,3.90178878484436,1.10239639700554,9.07249727706648,49.335091770606,4.32189275537815e-12,1.04511051039496e-10,Higher in basal-like
230528_s_at,CENPBD1P1,6.62501766145746,7.70393041302885,-1.07891275157139,-8.46004559843389,65.2446204576642,4.33323718867494e-12,1.04692772112595e-10,Higher in luminal A
219984_s_at,HRASLS,5.14814059696747,3.62148763544573,1.52665296152173,9.03316076594518,50.0581781831058,4.34072849565637e-12,1.04827442800359e-10,Higher in basal-like
201668_x_at,MARCKS,8.58055115160692,7.13963329534836,1.44091785625856,8.58497666513279,61.0047266708236,4.35829013790318e-12,1.05205083130179e-10,Higher in basal-like
213993_at,SPON1,4.30320873143766,6.52387034575985,-2.22066161432218,-8.69942227294792,57.6021337116998,4.40718868928665e-12,1.06244727331017e-10,Higher in luminal A
238657_at,UBXN10,4.79626161335059,6.33720137585297,-1.54093976250238,-9.47135208723169,42.9531095745229,4.41917882871552e-12,1.06486823472905e-10,Higher in luminal A
1560512_at,"",6.83249747473527,7.90511300680904,-1.07261553207378,-8.50377634621261,63.3063422203089,4.54005187199896e-12,1.09254989481313e-10,Higher in luminal A
1555274_a_at,EPT1,7.8739434928371,6.48625479865446,1.38768869418264,8.46099568351803,64.785233868904,4.54680293275037e-12,1.09340791957294e-10,Higher in basal-like
1555004_a_at,RBL1,4.58430405287623,3.58424231685936,1.00006173601687,9.16425883480531,47.3796225058056,4.59579370662539e-12,1.1030510136512e-10,Higher in basal-like
222435_s_at,UBE2J1,8.91647423049861,7.91372928870561,1.00274494179301,8.42544616507897,65.963010710047,4.60994649043685e-12,1.10547729984489e-10,Higher in basal-like
1554919_s_at,CFAP69,4.82129702057425,6.45249228236905,-1.6311952617948,-9.93417430687382,37.5615809341836,4.65660872682773e-12,1.11617747540248e-10,Higher in luminal A
230966_at,IL4I1,7.35544714458981,5.45186536715421,1.90358177743561,8.39927485351273,66.6906682259194,4.74456541401225e-12,1.13626418752133e-10,Higher in basal-like
239262_at,"",3.82880290064591,5.24322523776134,-1.41442233711543,-8.45771143644346,64.4989597582645,4.76075093173718e-12,1.13964123114155e-10,Higher in luminal A
202083_s_at,SEC14L1,6.09554985730348,4.94110305674427,1.15444680055921,8.37145581482678,67.7188090546201,4.77518467297878e-12,1.14259615752785e-10,Higher in basal-like
204914_s_at,SOX11,7.59939916850055,5.04709628726833,2.55230288123222,8.93659719640962,51.4427991325535,4.78081420394093e-12,1.14344276728115e-10,Higher in basal-like
230913_at,ABCG1,4.84049383465848,6.27337223692647,-1.43287840226798,-9.02333416821484,49.6957913633129,4.79427478085482e-12,1.1461607942424e-10,Higher in luminal A
1554679_a_at,LAPTM4B,9.93024628958032,8.02955860752182,1.9006876820585,8.46450727924362,64.0134411286662,4.89699256967789e-12,1.16765402855272e-10,Higher in basal-like
224851_at,CDK6,8.42262784139866,6.77534231700902,1.64728552438964,8.35895335422373,67.9452210932083,4.91362417924069e-12,1.17059870152499e-10,Higher in basal-like
227300_at,TMEM119,5.35592241534049,7.10862994391935,-1.75270752857886,-8.58617422653156,60.0087511655798,4.92887489321646e-12,1.17372053478489e-10,Higher in luminal A
236229_at,"",6.19321846531653,7.73361851600279,-1.54040005068625,-8.51339065257456,62.2803603385805,4.94030005536114e-12,1.17592906193674e-10,Higher in luminal A
1554086_at,TUBGCP3,4.99281002796035,3.97912957544402,1.01368045251633,9.02645509557483,49.4517217196094,4.95746712727376e-12,1.17950180671755e-10,Higher in basal-like
1556416_s_at,"",6.54417250925268,8.25850709215462,-1.71433458290194,-8.72606918998552,56.0239400776662,4.99637057765944e-12,1.18814390471189e-10,Higher in luminal A
221928_at,ACACB,5.92654734790386,6.96792348945752,-1.04137614155365,-9.27905497325935,45.1281401227555,4.9981362246682e-12,1.18814390471189e-10,Higher in luminal A
229170_s_at,CFAP70,4.36652993634878,6.42307630591011,-2.05654636956133,-8.78724971212229,54.4558383304088,5.03575144158822e-12,1.19552631380302e-10,Higher in luminal A
202308_at,SREBF1,7.91420576137144,9.47988993726098,-1.56568417588954,-8.90679511756398,51.7412841734929,5.05283103853005e-12,1.19906049058867e-10,Higher in luminal A
212637_s_at,WWP1,6.89948481630675,8.34179713179867,-1.44231231549192,-8.85968234347691,52.6927430275599,5.11119584843308e-12,1.21238452500251e-10,Higher in luminal A
219785_s_at,C16orf95,6.01085980765555,4.32442467177331,1.68643513588224,9.16569842864635,46.8044602720183,5.12612331619273e-12,1.21487122805738e-10,Higher in basal-like
238520_at,TRERF1,5.4121597600667,6.79374277564959,-1.3815830155829,-8.37254065379991,66.7876508675901,5.24485992726401e-12,1.24193467528436e-10,Higher in luminal A
219439_at,C1GALT1,6.8637289678655,5.36348467051003,1.50024429735548,8.3415171825379,67.9803749051273,5.26570614033991e-12,1.2457917923976e-10,Higher in basal-like
209943_at,FBXL4,6.83099276572239,5.75630339328146,1.07468937244093,8.3378014531645,67.9182990923485,5.38244660589628e-12,1.27230984944825e-10,Higher in basal-like
202345_s_at,FABP5,10.6313619933689,8.74790877021205,1.8834532231569,8.33863358080897,67.8253067468599,5.41555226333236e-12,1.2795821953228e-10,Higher in basal-like
219686_at,STK32B,4.99374726813832,6.50073107850248,-1.50698381036416,-10.2235910797373,34.5517049031355,5.49201293968368e-12,1.29596809442039e-10,Higher in luminal A
242671_at,"",6.40463247172113,4.60164615564844,1.80298631607269,8.33112077113956,67.9821082326227,5.49851280261143e-12,1.29694213754435e-10,Higher in basal-like
227061_at,LINC01279,6.24759095283875,9.16932454521706,-2.92173359237832,-8.70087302225259,55.968646653692,5.53515591427921e-12,1.30502220618032e-10,Higher in luminal A
213693_s_at,MUC1,9.30027337600281,11.5494019249476,-2.24912854894474,-8.5447884323927,60.35009884458,5.54606131057537e-12,1.30702975067116e-10,Higher in luminal A
226377_at,NFIC,7.17251293045908,8.32897190049091,-1.15645897003183,-8.3269162573856,67.8602016822025,5.66657467449469e-12,1.33370628638828e-10,Higher in luminal A
228361_at,E2F2,6.89970694333349,5.78761370915004,1.11209323418345,8.66572587129294,56.5727672945697,5.79113525848245e-12,1.35951189462228e-10,Higher in basal-like
235746_s_at,PLA2R1,4.44870897233661,5.67046049511285,-1.22175152277624,-8.36782942637974,65.9820892632347,5.8307061299961e-12,1.36821398136282e-10,Higher in luminal A
223614_at,MMP16,5.81746467620228,7.98173467909935,-2.16427000289707,-8.56031319094293,59.4282386071419,5.87770712258314e-12,1.37770805207646e-10,Higher in luminal A
225305_at,SLC25A29,6.99022196063984,8.25179432418948,-1.26157236354964,-8.78339504201224,53.5482417321082,5.87872498490054e-12,1.37770805207646e-10,Higher in luminal A
214531_s_at,SNX1,7.62487365113849,8.63653676578711,-1.01166311464862,-8.36431749707867,65.9724657148647,5.92172218759842e-12,1.3865959769034e-10,Higher in luminal A
205350_at,CRABP1,8.48945903146067,5.51558666702904,2.97387236443163,9.06696674393855,47.6392468391557,6.05577569813464e-12,1.41495528331415e-10,Higher in basal-like
226184_at,FMNL2,8.65563639333438,7.40128821312713,1.25434818020726,8.74791714852983,54.16671024171,6.08238424347266e-12,1.41935278920985e-10,Higher in basal-like
213316_at,KIAA1462,4.36916829330404,5.67808764201139,-1.30891934870735,-8.3064966760752,67.9155441555793,6.13602549210317e-12,1.43003918917622e-10,Higher in luminal A
236879_at,"",6.62309996719625,5.41681392547608,1.20628604172018,8.49469472341595,61.1025426027171,6.14545082065781e-12,1.43101585868597e-10,Higher in basal-like
55081_at,MICALL1,8.25291878345334,6.83781489197926,1.41510389147408,8.45292040515109,62.3740535352244,6.21759841310637e-12,1.4459684952641e-10,Higher in basal-like
244487_at,NCK1,5.88891872371285,4.82189531579992,1.06702340791294,8.4525042103355,62.3831484802459,6.22120387088857e-12,1.44619184371102e-10,Higher in basal-like
1567101_at,"",3.97548494824852,5.91880357563676,-1.94331862738824,-9.31575411825744,43.5577185594501,6.25876864557521e-12,1.45368808707232e-10,Higher in luminal A
218346_s_at,SESN1,7.08644795341784,8.24420618325308,-1.15775822983524,-8.3066880990738,67.5243916216715,6.38222040437234e-12,1.48047475862986e-10,Higher in luminal A
240499_at,"",7.48974133452929,6.33276532130856,1.15697601322072,8.31694021833975,67.0353646888473,6.4339143028771e-12,1.49120078215263e-10,Higher in basal-like
226777_at,ADAM12,7.72065005193932,9.78072910751962,-2.0600790555803,-8.43022665495498,62.6691775685023,6.57457582726957e-12,1.51929388569723e-10,Higher in luminal A
228476_at,CCDC191,6.12476539729871,7.20566158914358,-1.08089619184487,-8.84584161612087,51.3981083301827,6.64549047660284e-12,1.53438425594705e-10,Higher in luminal A
209540_at,IGF1,5.59948850284255,8.20261726801605,-2.6031287651735,-8.37374695957634,64.5636468850026,6.64918597592092e-12,1.53458946067318e-10,Higher in luminal A
205422_s_at,ITGBL1,6.40604151372003,8.70986128157623,-2.3038197678562,-8.35428056790189,65.1989012271083,6.71157277524534e-12,1.54637691313333e-10,Higher in luminal A
230518_at,MPZL2,6.9103608869455,5.71028469921799,1.20007618772751,8.27895095197627,67.9408278974821,6.86666339212156e-12,1.58077819353367e-10,Higher in basal-like
222011_s_at,SNORA29,7.6840438376144,6.44972262306868,1.23432121454573,8.36493090726187,64.5653453561393,6.89070568676705e-12,1.58497826429949e-10,Higher in basal-like
205883_at,ZBTB16,4.21948849916762,6.42061210637529,-2.20112360720767,-10.2119898418718,33.9510976463882,6.91093263421201e-12,1.58896232874492e-10,Higher in luminal A
202341_s_at,TRIM2,8.10208674756358,6.18540136478174,1.91668538278184,8.33941914783281,65.414123025,6.96742282057704e-12,1.60060438115567e-10,Higher in basal-like
201596_x_at,KRT18,10.5292416182817,12.1859267927328,-1.6566851744511,-9.110544007138,46.1582209712845,6.99861979858375e-12,1.60642123210565e-10,Higher in luminal A
219371_s_at,KLF2,7.5888271339956,8.77845918642684,-1.18963205243124,-8.44272214778948,61.7258724509462,6.99699195185726e-12,1.60642123210565e-10,Higher in luminal A
227718_at,MIR4657,7.13769611625209,5.91373085974627,1.22396525650582,8.31468106913297,66.274620899926,7.03451532093073e-12,1.61398290042756e-10,Higher in basal-like
211150_s_at,DLAT,7.82772478234432,6.73399200693743,1.09373277540689,8.27566936849511,67.7073138566124,7.12834764792667e-12,1.63414007400583e-10,Higher in basal-like
225197_at,C16orf72,7.093803079738,8.18665514489801,-1.09285206516001,-8.26858634642169,67.9863160459621,7.13770936444197e-12,1.63560041701955e-10,Higher in luminal A
209123_at,QDPR,8.46404684706192,10.2195745984721,-1.7555277514102,-9.43204638751639,41.420699403884,7.16576888444448e-12,1.64065499898242e-10,Higher in luminal A
209055_s_at,CDC5L,8.39185117056666,7.29884443283053,1.09300673773613,8.27249498289101,67.7794377424062,7.17066770842517e-12,1.64108939706214e-10,Higher in basal-like
224396_s_at,ASPN,6.12051263332844,9.28821509485597,-3.16770246152753,-8.38191636227394,63.5714440047345,7.19258862218657e-12,1.64541750174917e-10,Higher in luminal A
229930_at,LINC01315,7.03271262530569,5.65399895513452,1.37871367017117,8.48188958001908,60.2035081550894,7.22755072590107e-12,1.65203317700101e-10,Higher in basal-like
221834_at,LOC100507577,7.83956662652402,9.16079585142096,-1.32122922489694,-8.82018635283116,51.3952524675821,7.28264757523718e-12,1.66254177944089e-10,Higher in luminal A
228905_at,PCM1,4.97598343130787,6.34192823077548,-1.36594479946761,-8.81726404656378,51.3848224865529,7.37133355427051e-12,1.68068249407732e-10,Higher in luminal A
241505_at,"",4.64093369794593,7.68398388342608,-3.04305018548015,-9.98011828397127,35.5943460570217,7.42179186759562e-12,1.69148174389658e-10,Higher in luminal A
223696_at,ARSD,7.56842588414259,8.78002463784862,-1.21159875370603,-8.2807976810457,66.7906219686536,7.66656384821919e-12,1.74581165514946e-10,Higher in luminal A
235911_at,MELTF,9.1497668018956,7.39913367612823,1.75063312576737,8.41191505308024,61.9558826562028,7.69427481500835e-12,1.75139248755446e-10,Higher in basal-like
235570_at,RBMS3,5.89250858796363,7.6206453516993,-1.72813676373567,-8.29061838912459,66.3122912873007,7.73802154680848e-12,1.7598848921454e-10,Higher in luminal A
225481_at,FRMD6,8.57684255966705,10.2828287614207,-1.70598620175366,-8.39583938510766,62.4351001628776,7.75374789867191e-12,1.76272834245275e-10,Higher in luminal A
219469_at,DYNC2H1,6.04493748884688,7.38026077864201,-1.33532328979513,-8.27344934089962,66.960598112793,7.76602504108515e-12,1.76405242676082e-10,Higher in luminal A
223586_at,ARNTL2,6.29092973597546,4.63912476974298,1.65180496623248,8.83666481379665,50.6574438376974,7.77300204347353e-12,1.76490401464666e-10,Higher in basal-like
223287_s_at,FOXP1,8.76586544257234,9.84222656297827,-1.07636112040593,-8.38936371571251,62.588960871753,7.81571618974788e-12,1.77312980362849e-10,Higher in luminal A
242564_at,"",3.70911231259428,5.00011910103831,-1.29100678844402,-8.89812972441646,49.3435088630871,7.87253675603003e-12,1.78527974755679e-10,Higher in luminal A
209395_at,CHI3L1,10.2190077287776,6.72867188910836,3.49033583966921,8.78977818518094,51.4019011882641,8.10461794975726e-12,1.83410590398584e-10,Higher in basal-like
217755_at,HN1,9.94606556099903,8.50946958822333,1.4365959727757,8.39232737976915,62.1299687717443,8.14941063897518e-12,1.84271723195189e-10,Higher in basal-like
201037_at,PFKP,9.70262833226475,8.02544135072121,1.67718698154354,8.62843672248323,55.0646146551555,8.27052105364641e-12,1.86778495914134e-10,Higher in basal-like
205819_at,MARCO,7.65335034658662,5.05191464495522,2.6014357016314,9.33268511282361,42.0878967780106,8.28991572454717e-12,1.87139199933781e-10,Higher in basal-like
205603_s_at,DIAPH2,7.198765106551,5.88038486478514,1.31838024176586,8.49849312702392,58.5452984773908,8.37564267515262e-12,1.8899639424844e-10,Higher in basal-like
225321_s_at,MIR6840,9.4230820142496,10.5809862522152,-1.15790423796559,-8.45308485647983,59.9220012523575,8.37950579541718e-12,1.89005560793909e-10,Higher in luminal A
228728_at,CPED1,6.44683641688739,7.62101471010105,-1.17417829321366,-8.28135519304276,65.8567523001219,8.43383799296726e-12,1.90074234239689e-10,Higher in luminal A
226751_at,CNRIP1,6.47637221583591,7.78972946619586,-1.31335725035996,-8.22269467390989,67.9988666007531,8.63629634874506e-12,1.94396666474943e-10,Higher in luminal A
220668_s_at,DNMT3B,7.32172389788537,6.12521569849953,1.19650819938584,8.3791304605422,61.9845804462059,8.73722493473727e-12,1.96425893629425e-10,Higher in basal-like
203779_s_at,MPZL2,5.26036621214098,4.18993838558588,1.0704278265551,8.68284179076403,53.3301761961763,8.77018176568941e-12,1.97004801988114e-10,Higher in basal-like
235273_at,DYX1C1,4.1486960560004,5.36805445061595,-1.21935839461555,-8.43945170284875,59.9679998746683,8.78744911204863e-12,1.97311614045692e-10,Higher in luminal A
213059_at,CREB3L1,7.09184263391035,8.34793457627291,-1.25609194236256,-8.34192514821429,63.2126801726425,8.80165292138928e-12,1.97549414399408e-10,Higher in luminal A
225775_at,TSPAN33,8.13123693018027,7.04189017167446,1.0893467585058,8.2157910726718,67.9294998730898,8.9506576536275e-12,2.00646661423568e-10,Higher in basal-like
202458_at,PRSS23,8.55250451114707,10.3046678026259,-1.75216329147888,-8.4107219830495,60.2942147938938,9.4452960432913e-12,2.11215362440471e-10,Higher in luminal A
204365_s_at,REEP1,5.4518330437892,7.51624216615369,-2.06440912236449,-8.49993590518518,57.5747989365496,9.46486149458517e-12,2.11566354135914e-10,Higher in luminal A
228469_at,PPID,4.88066929650192,6.17049808955627,-1.28982879305435,-8.32787741536044,63.0402542789996,9.49686690008714e-12,2.12195013388747e-10,Higher in luminal A
213562_s_at,SQLE,6.28403033789354,4.55597096241048,1.72805937548306,8.22302778049375,67.0231143210279,9.51221768416083e-12,2.12364435231316e-10,Higher in basal-like
206858_s_at,HOXC6,8.25524233805814,9.89879403217009,-1.64355169411195,-8.4997154215884,57.4284205694646,9.65941591119712e-12,2.15468179078088e-10,Higher in luminal A
201427_s_at,SEPP1,9.92510165658414,11.7354264837459,-1.81032482716175,-8.56533348512568,55.5864164932244,9.7095399394254e-12,2.16328075056269e-10,Higher in luminal A
231838_at,PABPC1L,5.81578458766663,7.15157500211438,-1.33579041444776,-8.64443320353808,53.5140009619385,9.81096118752562e-12,2.18320839612521e-10,Higher in luminal A
229305_at,CENPU,6.21353613449889,4.69592673789387,1.51760939660501,8.40902567292634,59.9819096308097,9.88048785138397e-12,2.19689171726075e-10,Higher in basal-like
202310_s_at,COL1A1,11.9926912353634,13.7534663604364,-1.76077512507294,-8.38250375257254,60.8247748444948,9.89503201134837e-12,2.19923120008322e-10,Higher in luminal A
205568_at,AQP9,6.51389403895012,5.11630100457792,1.39759303437221,8.71565872340798,51.7887773546341,9.91488552834851e-12,2.20274833914041e-10,Higher in basal-like
219944_at,CLIP4,5.57921860235064,4.4459040032052,1.13331459914544,8.49458051686291,57.3410560809545,9.96589776303671e-12,2.21318221037381e-10,Higher in basal-like
205696_s_at,GFRA1,3.81042964204411,6.84100037924683,-3.03057073720272,-9.83131402321967,35.9263733107845,9.9844801334016e-12,2.21640865324292e-10,Higher in luminal A
234998_at,RAB11A,6.26448740536976,7.32983850189028,-1.06535109652052,-8.18660520678747,67.9979252865661,1.00437987669927e-11,2.22773657954137e-10,Higher in luminal A
238778_at,MPP7,4.78268317396249,6.66275448197961,-1.88007130801712,-8.28472025302337,64.0995069469284,1.00477337085487e-11,2.22773657954137e-10,Higher in luminal A
204700_x_at,DIEXF,8.06299996623493,6.89172984413017,1.17127012210475,8.18794360112263,67.8825318373572,1.01019546613862e-11,2.2388503085176e-10,Higher in basal-like
209147_s_at,PLPP1,7.87016932886112,8.96674312944552,-1.0965738005844,-8.18481316404255,67.9602083368834,1.01569480293945e-11,2.25012614873235e-10,Higher in luminal A
244822_at,GART,6.72667825035168,5.60703862882794,1.11963962152374,8.29019587573506,63.7774590036214,1.01811838952512e-11,2.25458173136031e-10,Higher in basal-like
211056_s_at,SRD5A1,7.31008576330509,5.74311423298956,1.56697153031553,8.48650958279907,57.2655364399665,1.03811707706011e-11,2.29236878789425e-10,Higher in basal-like
238056_at,SDHC,6.05719946419372,5.04214713438197,1.01505232981174,8.24924082799954,65.1184668569411,1.04029073522851e-11,2.29531460648179e-10,Higher in basal-like
202912_at,ADM,9.09469555939966,6.71227961172068,2.38241594767899,8.19316160490674,67.3492153667332,1.04217235962062e-11,2.29669300054719e-10,Higher in basal-like
219583_s_at,SPATA7,5.63293062366808,6.65088619280465,-1.01795556913657,-8.63217907214422,53.4102814672836,1.04217564414405e-11,2.29669300054719e-10,Higher in luminal A
203712_at,PUM3,9.16279952083903,7.92623231970407,1.23656720113496,8.55188538492317,55.4244702189929,1.0446322182098e-11,2.3010938114931e-10,Higher in basal-like
226166_x_at,STK36,6.90331329870897,7.90567929733409,-1.00236599862512,-8.22851914466808,65.8853249446645,1.04501434548466e-11,2.3010938114931e-10,Higher in luminal A
239861_at,"",6.58495263517878,5.51155813209662,1.07339450308216,8.28802997620869,63.615436982088,1.045612674025e-11,2.30148441837025e-10,Higher in basal-like
200842_s_at,EPRS,10.5561834579329,9.55307726245216,1.00310619548075,8.27034021329821,64.136234408633,1.06087004619636e-11,2.33318864745719e-10,Higher in basal-like
214193_s_at,DIEXF,7.38234485624146,6.22312243238832,1.15922242385314,8.17410607340303,67.8731384555302,1.07130237090372e-11,2.35234767586992e-10,Higher in basal-like
238831_at,TMEM33,5.56150945466487,4.29821061330792,1.26329884135695,8.20469411233672,66.5615208437765,1.07555075498822e-11,2.36072812239988e-10,Higher in basal-like
212816_s_at,CBS,7.42148208467146,5.52982581455792,1.89165627011354,8.20875013786632,66.3840140148359,1.07698433683038e-11,2.36292610819426e-10,Higher in basal-like
209169_at,GPM6B,6.61162416504764,5.08445435488247,1.52716981016517,8.21121860329871,66.2586613361047,1.07983073274983e-11,2.36822083085026e-10,Higher in basal-like
223392_s_at,TSHZ3,6.34835627332183,7.37535695977971,-1.02700068645788,-8.17551846612073,67.70431462204,1.08284644928116e-11,2.37388250258411e-10,Higher in luminal A
204493_at,BID,7.43636803582691,6.21287150320947,1.22349653261745,8.31691328963168,62.1593464326926,1.09714852471248e-11,2.40100988170468e-10,Higher in basal-like
1557129_a_at,FAM111B,5.02986448156493,3.43267515445299,1.59718932711194,8.84114545577945,48.543138773014,1.10377256523915e-11,2.41395060017802e-10,Higher in basal-like
217664_at,"",4.55792542641907,5.61628531191353,-1.05835988549446,-9.46292939511828,39.2542209674047,1.11791966595827e-11,2.44098473387653e-10,Higher in luminal A
227620_at,SLC44A1,6.66364674613923,7.68502096189508,-1.02137421575585,-8.2002662228057,66.277441134836,1.12759387457495e-11,2.46014345939288e-10,Higher in luminal A
1556055_at,"",6.303974089681,5.03496283460568,1.26901125507531,8.22543835875802,65.1328371556379,1.14492902980278e-11,2.4949778678544e-10,Higher in basal-like
224821_at,ABHD14B,7.70653769404732,8.73797704516859,-1.03143935112127,-8.15705608595731,67.9114807676386,1.14609076885565e-11,2.49651445367261e-10,Higher in luminal A
226365_at,"",7.11147086323463,8.92753783858256,-1.81606697534793,-8.37728191725756,59.7296721186943,1.15379147943754e-11,2.51128778416591e-10,Higher in luminal A
219774_at,CCDC93,6.07649060332136,5.05610976060321,1.02038084271815,8.22032278595876,65.2164888746474,1.1589153188527e-11,2.52043337542846e-10,Higher in basal-like
218656_s_at,LHFP,7.08418893592936,8.62415686569498,-1.53996792976562,-8.15137390374015,67.9925829155267,1.16439654387654e-11,2.53034105868241e-10,Higher in luminal A
212446_s_at,CERS6,7.80155753100013,9.07650730479065,-1.27494977379052,-8.38909882136974,59.1443585222125,1.18473745880121e-11,2.57147759269378e-10,Higher in luminal A
242727_at,ARL5B,5.01820224489451,3.76457247755336,1.25362976734115,8.31529058977783,61.5289310017061,1.18769765450447e-11,2.57585756683981e-10,Higher in basal-like
244022_at,"",6.56422313683075,5.24408417560241,1.32013896122834,8.23823468249213,64.2259201847856,1.19687276879067e-11,2.59472714645637e-10,Higher in basal-like
228850_s_at,SLIT2,4.7858896156034,6.25871370203789,-1.47282408643449,-9.43581552831898,39.2798442477659,1.20204711398519e-11,2.60491184927231e-10,Higher in luminal A
208851_s_at,THY1,7.98819288813081,9.16602544890058,-1.17783256076977,-8.17670061775697,66.4693205917333,1.21888991069285e-11,2.63931904424284e-10,Higher in luminal A
205794_s_at,NOVA1,4.1670803040317,6.55642543100569,-2.38934512697399,-9.89726240435774,34.6923899140434,1.22135048558357e-11,2.64360007123046e-10,Higher in luminal A
227936_at,TMEM68,7.04885745462603,5.87907471726307,1.16978273736296,8.27704556621182,62.4982812102076,1.23799079903063e-11,2.67643918295768e-10,Higher in basal-like
217499_x_at,OR7E37P,7.98024791634308,6.89257409855583,1.08767381778725,8.40071261266708,58.3567029251769,1.25090404710097e-11,2.70221962762725e-10,Higher in basal-like
208499_s_at,DNAJC3,6.96103843726392,5.93860866026812,1.02242977699579,8.16165002878415,66.7738469532317,1.2581356257385e-11,2.71569543376442e-10,Higher in basal-like
213283_s_at,SALL2,6.53173912523411,7.62638600184054,-1.09464687660643,-8.24451716605474,63.4848306884231,1.26451643280111e-11,2.72731502814203e-10,Higher in luminal A
224358_s_at,MS4A7,6.0636791371,8.41575899565276,-2.35207985855276,-8.62352421021169,52.3390491624793,1.26623814588973e-11,2.72887546813248e-10,Higher in luminal A
1554414_a_at,OSGIN2,8.04638910144218,6.77752078049635,1.26886832094583,8.21044427162969,64.4922329626273,1.30244869291896e-11,2.80470194113211e-10,Higher in basal-like
202756_s_at,GPC1,7.18773230924755,8.36788823633346,-1.18015592708591,-8.17344799233038,65.873478924742,1.31242297288205e-11,2.82506795442228e-10,Higher in luminal A
205044_at,GABRP,10.1337817297774,5.87475598938017,4.25902574039725,8.13118530558551,67.5836290157324,1.31827232687095e-11,2.83654228538643e-10,Higher in basal-like
201116_s_at,CPE,7.28222418125087,9.32996929350385,-2.04774511225298,-8.12257060629503,67.9351170616969,1.3207322302113e-11,2.84036953435918e-10,Higher in luminal A
201694_s_at,EGR1,9.35476458014895,10.8268493344155,-1.4720847542666,-8.35376953557051,59.3279413783412,1.32853061975259e-11,2.85300124253624e-10,Higher in luminal A
214247_s_at,DKK3,7.70007184732448,9.48140782323939,-1.78133597591491,-8.1999615395856,64.6469219634691,1.33719993985623e-11,2.8701949701534e-10,Higher in luminal A
223488_s_at,GNB4,7.88948734172378,6.55047955600774,1.33900778571604,8.39708060185693,57.8623425848367,1.35127456062494e-11,2.89615588405209e-10,Higher in basal-like
228341_at,NUDT16,4.30140548620111,5.30772025696454,-1.00631477076343,-8.12343931377503,67.6235069234765,1.35627152139594e-11,2.90572670189354e-10,Higher in luminal A
217299_s_at,NBN,6.97671207809042,5.88291635291978,1.09379572517065,8.14037168098806,66.8568168142869,1.36284404826801e-11,2.91866425143179e-10,Higher in basal-like
227429_at,CRACR2B,6.78702286862145,8.52488160625562,-1.73785873763416,-8.13948421624954,66.8896413443279,1.3634269857709e-11,2.91876939886547e-10,Higher in luminal A
239544_at,"",5.51512133524654,6.74824137713322,-1.23312004188668,-8.45799942417782,56.0233337365919,1.36702986042701e-11,2.92419239510355e-10,Higher in luminal A
201587_s_at,IRAK1,10.0972451773363,9.00024198430163,1.09700319303472,8.14004457924563,66.7192454352934,1.38345774296734e-11,2.95586370053689e-10,Higher in basal-like
219399_at,LIN7C,6.86170695794204,5.83067794790507,1.03102901003697,8.10878714939273,67.9953514252996,1.39098425347469e-11,2.96990128926343e-10,Higher in basal-like
238861_at,SSBP2,4.16492675386504,5.16844799050562,-1.00352123664058,-8.7434113902676,49.1482012461054,1.3911142573029e-11,2.96990128926343e-10,Higher in luminal A
228390_at,RAB30,5.96406087527835,8.02152599435985,-2.0574651190815,-8.40293269257771,57.3871531581084,1.40504441561294e-11,2.99730017259608e-10,Higher in luminal A
224565_at,MIR612,11.4658789605175,12.5541428042456,-1.0882638437281,-8.16675553770018,65.4417741027916,1.41001001262056e-11,3.0067198689559e-10,Higher in luminal A
232478_at,MIR181A2HG,6.53553785982974,5.3609955802959,1.17454227953384,8.11669655579944,67.4531195500756,1.41822419882566e-11,3.02070152204102e-10,Higher in basal-like
210073_at,ST8SIA1,6.12511482771307,3.93755380335136,2.18756102436171,8.63350716937719,51.2544412756544,1.44729277665581e-11,3.07781923623711e-10,Higher in basal-like
225659_at,SPOPL,6.91252587274436,7.94062882437656,-1.0281029516322,-8.26738241395469,61.4299048431596,1.45290392975571e-11,3.08855063605728e-10,Higher in luminal A
213103_at,STARD13,6.58345233676528,7.8445792056303,-1.26112686886502,-8.17799809803329,64.6793900953965,1.45747124469195e-11,3.09705558894413e-10,Higher in luminal A
241696_at,CNTLN,5.45405635036322,4.43084406852351,1.02321228183971,8.55942383780411,52.8812584890625,1.47076346316382e-11,3.12388727838267e-10,Higher in basal-like
202454_s_at,ERBB3,8.41884833520227,10.1498797508425,-1.73103141564024,-8.16128887189739,65.0782014476761,1.4969926743854e-11,3.17333905545301e-10,Higher in luminal A
215116_s_at,DNM1,6.06692711037458,7.34609002877037,-1.27916291839578,-8.4090534264136,56.644190675335,1.5132041874307e-11,3.20551875039804e-10,Higher in luminal A
228827_at,RUNX1T1,5.54897887749305,7.40509961998162,-1.85612074248857,-8.10883058037874,67.0739236626782,1.52059142810235e-11,3.2199200748062e-10,Higher in luminal A
223241_at,MIR6836,6.63547703785751,5.50374176203542,1.13173527582209,8.08824489034034,67.8961195405329,1.53018581096109e-11,3.23898216083228e-10,Higher in basal-like
218035_s_at,RBM47,9.22071633029464,10.3391749930036,-1.11845866270897,-8.16879311067367,64.5277510284789,1.53739959489059e-11,3.25299237038091e-10,Higher in luminal A
218817_at,SPCS3,6.96931920007882,5.78503781335392,1.1842813867249,8.09174377879643,67.6445365603593,1.54480834732966e-11,3.26361655294625e-10,Higher in basal-like
237350_at,TTC36,4.88788560143074,6.47034773009671,-1.58246212866597,-9.87416547989057,34.0573937826697,1.58280488013618e-11,3.33230099427977e-10,Higher in luminal A
209204_at,LMO4,7.20895653626039,5.86778053920863,1.34117599705175,8.07741736858895,67.9985302797184,1.58548444048286e-11,3.33665749743651e-10,Higher in basal-like
206726_at,HPGDS,4.79667058365125,6.13561660946431,-1.33894602581305,-9.06077782520205,42.9702185386497,1.58741304918053e-11,3.33943087587324e-10,Higher in luminal A
221272_s_at,C1orf21,4.95746949357214,6.3696153189938,-1.41214582542166,-8.12565715638475,65.9041714080833,1.59278955396819e-11,3.34945264858502e-10,Higher in luminal A
222258_s_at,SH3BP4,8.40541301852107,9.74238143883868,-1.33696842031761,-8.26142434056611,60.8295481674265,1.59435529053157e-11,3.35145619030426e-10,Higher in luminal A
219091_s_at,MMRN2,5.58260278861865,6.72350155958501,-1.14089877096636,-8.92674548567489,44.9734688651259,1.61679320816937e-11,3.39340378720384e-10,Higher in luminal A
204217_s_at,RTN2,5.25765630254822,6.51846381655083,-1.26080751400261,-8.40806611262654,56.1193670066822,1.62870947088479e-11,3.41579172691315e-10,Higher in luminal A
222939_s_at,SLC16A10,5.51242612814976,4.01790358180603,1.49452254634374,8.81531513570493,46.8328540396033,1.64067284151846e-11,3.43956240835974e-10,Higher in basal-like
201939_at,PLK2,7.83074258908858,9.4404921498722,-1.60974956078362,-8.09230387418513,66.9539702946682,1.64777277716087e-11,3.45047784723365e-10,Higher in luminal A
204331_s_at,MRPS12,9.17751752703847,8.16784778471472,1.00966974232376,8.0734980197334,67.7278861624883,1.65374853931721e-11,3.46166544361288e-10,Higher in basal-like
222820_at,TNRC6C,6.09192803663583,7.3179337912701,-1.22600575463427,-8.11887016978909,65.7614473643243,1.66158379846119e-11,3.47407625930652e-10,Higher in luminal A
226974_at,NEDD4L,5.62248938136967,7.39947317812231,-1.77698379675264,-8.11137458527653,66.0507591109431,1.66469044490129e-11,3.47791173385472e-10,Higher in luminal A
210733_at,TRAM1,8.07139320693683,7.04555733538191,1.02583587155492,8.0700782960856,67.7525939220803,1.6735758235747e-11,3.49247168526514e-10,Higher in basal-like
225280_x_at,ARSD,7.72168485014757,8.89219040834062,-1.17050555819305,-8.07023182344688,67.6883931426298,1.68277445095513e-11,3.50898905819877e-10,Higher in luminal A
239758_at,"",6.2465653554796,7.84817747336127,-1.60161211788167,-9.39065163247915,38.4330505044637,1.7007896750293e-11,3.54520303020309e-10,Higher in luminal A
232414_at,HEATR1,5.06440307045402,3.6704309004598,1.39397216999422,8.07837660568142,67.1584029237782,1.711592716441e-11,3.56636172909343e-10,Higher in basal-like
213577_at,SQLE,8.52574943104175,7.19283727908972,1.33291215195202,8.06266731012786,67.7981557531816,1.71870345957148e-11,3.57981377722174e-10,Higher in basal-like
1552289_a_at,CILP2,5.28942223103326,7.04386246098021,-1.75444022994695,-9.01817461647468,43.2033212019194,1.72841691322135e-11,3.59730470994966e-10,Higher in luminal A
238015_at,C4orf46,6.55242696481421,5.52445323833353,1.02797372648068,8.05819478925191,67.8930402269442,1.73543012571941e-11,3.60856616764937e-10,Higher in basal-like
244536_at,"",6.67284032894649,5.42357719635979,1.2492631325867,8.33992900531527,57.6167178650522,1.73580777703115e-11,3.60856616764937e-10,Higher in basal-like
225099_at,FBXO45,8.84418679388698,7.80273253045065,1.04145426343633,8.3080525079625,58.5276328864421,1.75065417335906e-11,3.63666477691515e-10,Higher in basal-like
206074_s_at,HMGA1,9.50904192841157,8.24070805160764,1.26833387680393,8.05085022477054,67.9997090310859,1.77159726025469e-11,3.67877251061244e-10,Higher in basal-like
216381_x_at,AKR7A3,6.63271810858009,8.34001894532632,-1.70730083674622,-9.16759858556027,40.9433863688616,1.78748955751668e-11,3.70895603632731e-10,Higher in luminal A
214595_at,KCNG1,6.20444988690946,4.57026661038994,1.63418327651952,8.95170233597057,44.053770988304,1.79243360550266e-11,3.71639390902003e-10,Higher in basal-like
229554_at,LUM,7.14261052503218,9.12375597730347,-1.98114545227129,-8.17921253850662,62.6103367802392,1.80946321876974e-11,3.7474394502362e-10,Higher in luminal A
215617_at,SPATS2L,4.70035694941533,6.10843767312264,-1.4080807237073,-8.67877413583107,48.8752097091188,1.8225057241319e-11,3.77016649515367e-10,Higher in luminal A
222156_x_at,DYX1C1-CCPG1,6.05500241823995,7.07020528062868,-1.01520286238874,-8.04373228558025,67.9999997305589,1.82507608158075e-11,3.77405577762586e-10,Higher in luminal A
201298_s_at,MOB1A,9.2949379684659,8.26737948219712,1.02755848626878,8.10409986383828,65.3477602922928,1.84066148806175e-11,3.8005350022574e-10,Higher in basal-like
203710_at,ITPR1,6.87087284642191,8.41053952102959,-1.53966667460768,-8.30985988118633,58.0221176125763,1.85114210233441e-11,3.82073214213415e-10,Higher in luminal A
202900_s_at,NUP88,8.76190186642288,7.75829544528771,1.00360642113516,8.62357887745196,49.8192533028072,1.88789490328976e-11,3.8892484490342e-10,Higher in basal-like
243049_at,"",5.92843186779241,4.41670281245289,1.51172905533952,8.41782298533672,54.6663993352563,1.91368512051323e-11,3.93644597306473e-10,Higher in basal-like
226873_at,FAM63B,6.95237304332236,8.00971234847141,-1.05733930514905,-8.06758837152053,66.3277640966083,1.94048342087522e-11,3.9885688359531e-10,Higher in luminal A
221523_s_at,RRAGD,6.91280928869437,5.04324111435082,1.86956817434354,8.07757058927551,65.8988075949133,1.94257396845817e-11,3.99136534105414e-10,Higher in basal-like
226117_at,TIFA,9.03244453901094,7.88670284555346,1.14574169345748,8.36445815619484,56.0211465319934,1.94499719499115e-11,3.99484303666946e-10,Higher in basal-like
236237_at,"",5.38183103511972,7.36067732612242,-1.9788462910027,-8.91810168413857,44.0774382744331,1.98739226782196e-11,4.08038573951055e-10,Higher in luminal A
215698_at,KDM5A,8.12974750029559,6.89634662157249,1.2334008787231,8.02308460440651,67.8754194469089,2.01299802112596e-11,4.12675916029479e-10,Higher in basal-like
1556666_a_at,TTC6,3.40281246422032,6.06011117047162,-2.65729870625131,-8.90180103848502,44.2499287237624,2.02345903257947e-11,4.1435439178383e-10,Higher in luminal A
233977_at,GREB1L,5.7608861064602,7.3319977458811,-1.5711116394209,-9.45980020232982,37.0258838443131,2.02463550509012e-11,4.14440083267698e-10,Higher in luminal A
225478_at,MFHAS1,7.98185915872697,6.89259714581758,1.08926201290939,8.07736942475066,65.4360324191449,2.0358090477863e-11,4.16571331166601e-10,Higher in basal-like
221683_s_at,CEP290,4.66668673753464,5.79625395822557,-1.12956722069093,-8.03597766629148,67.09654207391,2.05353187119603e-11,4.1972656096315e-10,Higher in luminal A
202554_s_at,GSTM3,7.4488991045984,10.0816212190719,-2.6327221144735,-8.47789048818049,52.5211710133101,2.08612546082988e-11,4.26069890066768e-10,Higher in luminal A
227904_at,AZI2,6.4816690096319,5.38450759369019,1.09716141594171,8.37773274715956,55.1199834028031,2.08799624137066e-11,4.26292735238764e-10,Higher in basal-like
219687_at,HHAT,5.07412785009044,6.46890910996123,-1.39478125987079,-8.61986733881924,49.2625737266085,2.09553610860724e-11,4.2751282364963e-10,Higher in luminal A
205200_at,EXOSC7,5.47809713400213,7.04527474457728,-1.56717761057515,-8.07138180008638,65.3514947644285,2.10413449345271e-11,4.28787004955374e-10,Higher in luminal A
228772_at,HNMT,5.63874348020883,6.68586347403594,-1.04711999382712,-8.06379636744632,65.6218399484981,2.11303483696988e-11,4.30279998924873e-10,Higher in luminal A
230152_at,CFAP44,5.76391676565837,6.95744564685418,-1.19352888119582,-8.27408382162034,57.9649628709636,2.13934622044264e-11,4.34828084024912e-10,Higher in luminal A
214724_at,DIXDC1,7.1299486451468,8.33480730465339,-1.20485865950658,-8.04411850251671,66.2861219079875,2.14672413039126e-11,4.3600349862237e-10,Higher in luminal A
201476_s_at,RRM1,8.1469830163736,6.94275197141444,1.20423104495917,8.05067513684201,65.9301566466646,2.16340809944146e-11,4.39228881681997e-10,Higher in basal-like
1552502_s_at,RHBDL2,4.5540278441508,3.41010210718675,1.14392573696404,8.56795651392712,50.1437490579026,2.17811013538641e-11,4.41721704941587e-10,Higher in basal-like
230131_x_at,ARSD,7.18743851221799,8.2836851456329,-1.09624663341491,-8.00479325674115,67.8106879023692,2.1860222141364e-11,4.4316190047426e-10,Higher in luminal A
226894_at,SLC35A3,7.96711624002715,9.10054431420516,-1.13342807417801,-7.9996919641002,67.9859544887048,2.19702424510917e-11,4.45227207566137e-10,Higher in luminal A
232083_at,KIF16B,5.89947859602114,7.17171710002403,-1.27223850400289,-8.20738129911364,59.8062140957988,2.22109524314602e-11,4.49938430600255e-10,Higher in luminal A
204956_at,MTAP,5.62947761673472,4.38457949944259,1.24489811729213,8.43385544443618,53.178064544622,2.22539543299332e-11,4.50642575181148e-10,Higher in basal-like
219213_at,JAM2,5.75195484687044,7.16649935518143,-1.414544508311,-8.0960203722327,63.7885846293696,2.23174864505493e-11,4.5176178144531e-10,Higher in luminal A
201250_s_at,SLC2A1,8.04924849338061,6.63530089917405,1.41394759420655,8.00716690273724,67.4198761615025,2.24514792598267e-11,4.54137857392167e-10,Higher in basal-like
201667_at,GJA1,10.3180550243077,12.0625015161569,-1.74444649184924,-8.08598231698605,64.0797802241499,2.25548181410957e-11,4.56059423766423e-10,Higher in luminal A
222678_s_at,DCUN1D1,7.37897745454393,5.97366726830655,1.40531018623739,8.06753449849644,64.7452884830198,2.27178495625743e-11,4.59038161568478e-10,Higher in basal-like
243864_at,CCDC80,4.76247231904001,6.61879600993342,-1.85632369089341,-9.01093431263212,42.0113604561192,2.27961068743219e-11,4.60257438461429e-10,Higher in luminal A
1566442_at,"",5.09794949324819,6.63609709995868,-1.53814760671049,-7.99076792333599,67.8338667488565,2.31291437114027e-11,4.66636875432083e-10,Higher in luminal A
205569_at,LAMP3,8.64140459935367,6.11968137310223,2.52172322625144,7.98601783723601,67.9994691776675,2.32341051091542e-11,4.68564216201493e-10,Higher in basal-like
1562608_at,"",3.80940945736122,5.4497710695393,-1.64036161217808,-9.72352786128002,34.061483544902,2.33533896395686e-11,4.70571680542697e-10,Higher in luminal A
205330_at,MN1,4.84483683703867,6.62169464453387,-1.7768578074952,-8.06324941878824,64.6430831289435,2.33586015728007e-11,4.70571680542697e-10,Higher in luminal A
201311_s_at,SH3BGRL,8.8189458697775,10.506808880634,-1.68786301085646,-8.672497639297,47.4948561510196,2.36049835919857e-11,4.75010113320506e-10,Higher in luminal A
205816_at,ITGB8,4.86545153534801,3.42391410603224,1.44153742931577,8.5482115925083,50.014016851082,2.38368341319807e-11,4.79146656678694e-10,Higher in basal-like
226213_at,ERBB3,9.44368081218328,11.1768389335782,-1.73315812139493,-8.16447162121598,60.6143638389452,2.39563826500001e-11,4.81195893236133e-10,Higher in luminal A
1569607_s_at,LOC102725051,6.24165932096905,7.99727639231364,-1.75561707134459,-8.03276094820275,65.6302376590421,2.39848013947219e-11,4.81589796642094e-10,Higher in luminal A
230618_s_at,"",9.07569578809646,7.95771087552149,1.11798491257497,8.14393796659354,61.2341070537578,2.42371734333405e-11,4.86478508615232e-10,Higher in basal-like
204541_at,SEC14L2,5.1128861546607,7.42177566634581,-2.30888951168511,-9.56914044059297,35.2929588903535,2.43395265837695e-11,4.88174473942626e-10,Higher in luminal A
232480_at,MIRLET7BHG,6.41661116224793,7.62845945814248,-1.21184829589456,-8.32933885051485,55.3282633157536,2.4332373082167e-11,4.88174473942626e-10,Higher in luminal A
226109_at,C21orf91,8.9242505804808,7.90167275791164,1.02257782256916,8.15724737587208,60.5936054378102,2.47066063556177e-11,4.95090610212271e-10,Higher in basal-like
212488_at,COL5A1,9.14981425768733,10.9736497630618,-1.8238355053745,-7.96215680612948,67.9448179840394,2.58011107315405e-11,5.1465732551878e-10,Higher in luminal A
226591_at,PWAR6,4.22559722775997,5.64890944320734,-1.42331221544737,-7.99339626513027,66.4281390944368,2.61132570966323e-11,5.20693775258342e-10,Higher in luminal A
211488_s_at,ITGB8,5.32215587519105,4.15047130671988,1.17168456847117,8.52915632736355,49.8031958732937,2.63583094635077e-11,5.24979428424946e-10,Higher in basal-like
241310_at,NEK5,3.53503456766818,5.99726716391107,-2.46223259624289,-9.94769723359904,31.9236902106027,2.64455606133388e-11,5.26360038782053e-10,Higher in luminal A
43427_at,ACACB,5.62288860353569,6.97405929946434,-1.35117069592866,-8.52809688324843,49.6820317876751,2.69726778402025e-11,5.36070941807732e-10,Higher in luminal A
227402_s_at,UTP23,9.32091392645299,8.28061395669405,1.04029996975894,7.96100985314059,67.4090186727286,2.72374175738975e-11,5.40939268380983e-10,Higher in basal-like
223393_s_at,TSHZ3,6.0308504447721,7.25912751029448,-1.22827706552239,-7.94478450998097,67.8812520277193,2.79059437783215e-11,5.53011046060068e-10,Higher in luminal A
226279_at,PRSS23,7.84835302095326,9.77252049366549,-1.92416747271223,-8.04317551554621,63.6698593666487,2.7983077960033e-11,5.54338691110437e-10,Higher in luminal A
227279_at,TCEAL3,8.23888790738738,9.63452179480078,-1.3956338874134,-8.27707943324439,55.657343460294,2.83500344370945e-11,5.60998238453907e-10,Higher in luminal A
212897_at,CDK19,8.57634910050088,7.39921309362728,1.1771360068736,8.01966740860816,64.3853991105474,2.8631098249144e-11,5.6619870882839e-10,Higher in basal-like
223161_at,KIAA1147,9.01615754629701,7.91985247219565,1.09630507410135,8.00941830303596,64.8037939945758,2.86335515301417e-11,5.6619870882839e-10,Higher in basal-like
242580_at,"",4.75245186057963,3.66094660630594,1.09150525427369,8.36480080984365,53.1630051582662,2.87103245169383e-11,5.67306466557139e-10,Higher in basal-like
206469_x_at,AKR7A3,6.85249910459095,8.41667134065376,-1.56417223606282,-9.05065683568364,40.3919037801784,2.88973016467873e-11,5.70588648442793e-10,Higher in luminal A
238625_at,C1orf168,3.21556305702891,6.26164447113405,-3.04608141410515,-10.2607605343596,29.6143668903069,2.89736615648516e-11,5.71889872223199e-10,Higher in luminal A
209715_at,CBX5,6.50011627285816,5.40979550296508,1.09032076989308,7.97593739925492,65.929119906706,2.94363080100428e-11,5.80393126739665e-10,Higher in basal-like
232090_at,DNM3OS,5.07877361152145,7.3974920746729,-2.31871846315145,-7.92923797824729,67.9934329998682,2.94772377125287e-11,5.80990617135007e-10,Higher in luminal A
1564651_at,SMIM13,5.41169606656573,4.40393540616215,1.00776066040358,8.50879272156624,49.4547236710875,2.99260674836665e-11,5.89412009967386e-10,Higher in basal-like
229666_s_at,CSTF3,7.687021443117,6.54187660363372,1.14514483948328,8.13110444813654,59.8008764372801,2.99596562632153e-11,5.8986107532996e-10,Higher in basal-like
244407_at,CYP39A1,4.99432402178196,3.52892718365997,1.46539683812199,8.72603210705492,45.1335569641228,3.02408269391802e-11,5.9475439312938e-10,Higher in basal-like
213905_x_at,BGN,8.88466385037053,10.3618580787701,-1.47719422839957,-7.92173944476202,67.8744621973389,3.07455469526531e-11,6.03595253011241e-10,Higher in luminal A
228481_at,"",7.67569443278463,9.73522446185452,-2.05953002906989,-7.94861648737666,66.6459021680225,3.07887972425721e-11,6.04227383071654e-10,Higher in luminal A
203015_s_at,SSX2IP,6.43501460245842,5.42075972158855,1.01425488086987,7.97252288710469,65.5817514613648,3.08665458262465e-11,6.05535842500906e-10,Higher in basal-like
202269_x_at,GBP1,10.383418085128,8.37772839394016,2.00568969118783,7.92010816559866,67.8289045176915,3.10838910367846e-11,6.09143993704731e-10,Higher in basal-like
213461_at,NUDT21,6.70607104060049,5.33480714718521,1.37126389341528,7.90879368615091,67.9877361301393,3.2124559179214e-11,6.28411546734714e-10,Higher in basal-like
201473_at,JUNB,8.27657882430085,9.54576546469453,-1.26918664039368,-8.6177542729076,46.7392083475355,3.24228429144845e-11,6.33133070042885e-10,Higher in luminal A
239143_x_at,RNF138,5.64744260440093,4.57504548876907,1.07239711563186,7.96246425986829,65.4997094548315,3.24238243460462e-11,6.33133070042885e-10,Higher in basal-like
223122_s_at,SFRP2,10.1096531466762,12.8108262102122,-2.70117306353608,-7.91028075990792,67.7347293034275,3.26634032945829e-11,6.3712863900511e-10,Higher in luminal A
1558801_at,NNT-AS1,7.07668710052507,5.83146403990955,1.24522306061552,7.9499801337981,65.9149753199198,3.28024914234008e-11,6.39385461167358e-10,Higher in basal-like
227306_at,ACER2,4.19897066197104,5.49982595262615,-1.30085529065511,-7.97764697240141,64.5777673267075,3.33337468696708e-11,6.48815453933519e-10,Higher in luminal A
225464_at,FRMD6,8.76716913141579,10.4639224128914,-1.6967532814756,-8.07976679798676,60.5649684003906,3.36441160881908e-11,6.5415791149425e-10,Higher in luminal A
243293_at,"",6.41700353556419,5.30388039530527,1.11312314025892,7.8972395205994,67.9785347758406,3.37424914412028e-11,6.55604377948743e-10,Higher in basal-like
217014_s_at,AZGP1P1,7.82927028265782,10.8554585341881,-3.02618825153024,-8.41216702477483,50.8445639581032,3.39286204660365e-11,6.5898661597888e-10,Higher in luminal A
205618_at,PRRG1,7.04844445853146,5.65460776621775,1.39383669231371,7.89503071702143,67.9720471574858,3.40753637395551e-11,6.60897663164304e-10,Higher in basal-like
219051_x_at,METRN,6.05262656429147,7.63907834607019,-1.58645178177871,-8.31697479152545,53.1256956213523,3.43835918226891e-11,6.66639320179264e-10,Higher in luminal A
222692_s_at,LOC101928615,8.6363811239801,7.45626369722302,1.18011742675708,7.89618450083146,67.6125078920508,3.50270279061163e-11,6.77912478147577e-10,Higher in basal-like
227530_at,AKAP12,5.54964961838976,6.91342693081147,-1.36377731242171,-8.17050525679526,57.1041731353685,3.53747784336711e-11,6.84158475720186e-10,Higher in luminal A
205943_at,TDO2,6.9132590333402,4.73625124309215,2.17700779024805,7.88945477061497,67.756288146981,3.55606866846952e-11,6.87510800737522e-10,Higher in basal-like
227070_at,GLT8D2,6.45884919810052,8.71085471683472,-2.25200551873421,-7.91818189052175,66.3888451742491,3.57695470702776e-11,6.91060065748208e-10,Higher in luminal A
213298_at,NFIC,6.05285929680992,7.08834610141897,-1.03548680460905,-8.03179425572383,61.5782752939698,3.64489777736221e-11,7.02696706548939e-10,Higher in luminal A
218779_x_at,EPS8L1,6.39350191479907,7.39662153193857,-1.0031196171395,-7.9109071921701,66.4847245317684,3.65345412913817e-11,7.04098006734682e-10,Higher in luminal A
52651_at,COL8A2,6.41640208610351,7.9821243359202,-1.56572224981669,-8.54797085286556,47.3241974664528,3.71265600749099e-11,7.13997422474744e-10,Higher in luminal A
201170_s_at,BHLHE40,9.8794017369146,11.1975973997244,-1.31819566280975,-7.8794423561453,67.7245082069374,3.71842156641572e-11,7.14603511928925e-10,Higher in luminal A
224794_s_at,CERCAM,6.88586097829497,8.10566720864523,-1.21980623035026,-7.94062233378858,64.9334612894396,3.74507253953359e-11,7.19219673688088e-10,Higher in luminal A
233555_s_at,SULF2,7.50862258438443,9.08228395287574,-1.57366136849131,-7.88174875079353,67.3537283599805,3.80784406795245e-11,7.28714996203361e-10,Higher in luminal A
1553693_s_at,CBR4,7.02128808897553,8.09577794821299,-1.07448985923747,-7.86581289483353,67.9825954324064,3.84665057290797e-11,7.35883905086576e-10,Higher in luminal A
242523_at,LINC00938,3.7234730199104,4.75225034283427,-1.02877732292387,-8.55466093121838,46.9772222805863,3.85056002387688e-11,7.36374149372047e-10,Higher in luminal A
223712_at,PCBD2,5.89749649405714,6.90545898027706,-1.00796248621993,-7.89613958599945,66.4145651182831,3.90885990127561e-11,7.46478921069661e-10,Higher in luminal A
202625_at,LYN,7.85339466966352,6.51714135904691,1.33625331061661,7.91077453234229,65.7369923483299,3.92025109424481e-11,7.48392907045513e-10,Higher in basal-like
222696_at,AXIN2,6.01477019919867,7.28744381535219,-1.27267361615352,-8.01408667840144,61.5285787051662,3.9317233629105e-11,7.49997151861355e-10,Higher in luminal A
226047_at,MRVI1,7.01961412184422,8.0534025412296,-1.03378841938537,-7.89425661425733,66.4190845521487,3.93776297386175e-11,7.50687554378979e-10,Higher in luminal A
209071_s_at,RGS5,8.81704152734787,10.566739180586,-1.74969765323812,-8.10587736270459,58.2265548291677,3.96440110795155e-11,7.55502372175849e-10,Higher in luminal A
208962_s_at,MIR1908,7.86570078332465,6.28885454596416,1.57684623736049,8.0748955467902,59.2036696388947,3.99437981627407e-11,7.60685184447177e-10,Higher in basal-like
206059_at,ZNF91,9.11041411240743,10.7926271822593,-1.68221306985186,-7.85621928960593,67.9952646706886,3.99958428024846e-11,7.61411109061924e-10,Higher in luminal A
207183_at,GPR19,5.45026510334116,4.204624415999,1.24564068734217,8.24903055715839,53.7630943966291,4.04489851106304e-11,7.68432335275788e-10,Higher in basal-like
1555723_at,"",4.22797940017018,5.7167129732771,-1.48873357310692,-8.59510214222429,45.8717249971228,4.07708269972292e-11,7.73471535764575e-10,Higher in luminal A
1557236_at,APOL6,4.77319993162941,3.34772822211326,1.42547170951615,8.19998808742376,54.9038801260971,4.17420053876368e-11,7.89703856252263e-10,Higher in basal-like
233955_x_at,CXXC5,8.82849790427386,10.2560137213402,-1.42751581706636,-7.9057064812937,65.2845988636147,4.17768876362746e-11,7.89817196235586e-10,Higher in luminal A
242979_at,IRS1,4.56475117981298,6.08015969615137,-1.51540851633839,-8.00772915936185,61.1971299954177,4.17705356750749e-11,7.89817196235586e-10,Higher in luminal A
219212_at,HSPA14,8.96059867090919,7.89666798089787,1.06393069001133,7.84675482063305,67.7734397244724,4.24344057319758e-11,8.01139894128375e-10,Higher in basal-like
209218_at,SQLE,9.71438990036961,8.28557776360861,1.42881213676099,7.84071639881505,67.9757369479408,4.27476159117575e-11,8.06774559881029e-10,Higher in basal-like
242405_at,"",8.36535324191489,7.04751155528935,1.31784168662553,7.84000698370472,67.9784154511963,4.28644666965148e-11,8.08700730376793e-10,Higher in basal-like
213493_at,SNED1,3.83545479906495,4.8359746735811,-1.00051987451615,-8.4406613956427,48.6806771909381,4.29396874262425e-11,8.09561175872348e-10,Higher in luminal A
233819_s_at,LTN1,6.72278256544909,5.401642055249,1.32114051020009,8.50716920094009,47.2685028389199,4.30613393467065e-11,8.11295220117566e-10,Higher in basal-like
202995_s_at,FBLN1,7.21272831353954,9.44539590050094,-2.2326675869614,-8.26858565600736,52.7019976561282,4.35269285588734e-11,8.19502348125483e-10,Higher in luminal A
229657_at,THRB,5.55540011227119,6.95117352706409,-1.3957734147929,-8.00597795900787,60.8334480122993,4.37311866392e-11,8.22498324560804e-10,Higher in luminal A
203628_at,IGF1R,7.92032867188134,10.0758186314424,-2.15548995956109,-7.96351280541666,62.4332678326006,4.37844211884755e-11,8.23216378431878e-10,Higher in luminal A
204109_s_at,NFYA,6.62060664087019,5.39649137437579,1.2241152664944,7.98149267758527,61.7142501970215,4.38987276997046e-11,8.24798260131047e-10,Higher in basal-like
226064_s_at,DGAT2,7.85509097066901,6.2356822272056,1.61940874346341,7.93523725496617,63.4974928143763,4.40665360852406e-11,8.27204295510053e-10,Higher in basal-like
212386_at,TCF4,9.66963192931057,10.8545085444519,-1.1848766151413,-7.83538594771894,67.8557356270469,4.41750374989162e-11,8.28850437629802e-10,Higher in luminal A
201299_s_at,MOB1A,7.80428071150421,6.47322949422987,1.33105121727434,8.00048706983268,60.9313234185896,4.42252711783708e-11,8.29508302462237e-10,Higher in basal-like
202770_s_at,CCNG2,8.22100990479122,9.54134200952078,-1.32033210472957,-7.83778708589898,67.6281497767468,4.46229851085965e-11,8.36680970786184e-10,Higher in luminal A
203023_at,NOP16,6.98655362897482,5.92432312465591,1.0622305043189,7.88071045153917,65.6564273602922,4.4698633652166e-11,8.37524946858183e-10,Higher in basal-like
219099_at,TIGAR,8.08535034676268,6.8405581718472,1.24479217491548,7.82858520534279,67.96842107511,4.50002269813379e-11,8.41943887795917e-10,Higher in basal-like
223361_at,ABRACL,9.54028007988699,8.28141460067707,1.25886547920992,7.83012682151398,67.8554855178433,4.51571284777576e-11,8.44090940007315e-10,Higher in basal-like
233655_s_at,HAUS6,6.67504968776254,5.48829913407437,1.18675055368817,8.09697806765455,57.3306795024856,4.56025237432612e-11,8.51833954787429e-10,Higher in basal-like
239162_at,DAPK1-IT1,6.47595748082027,5.42370929251841,1.05224818830185,7.92422266293694,63.5331660363062,4.59112933023091e-11,8.57016033220809e-10,Higher in basal-like
202342_s_at,TRIM2,7.82934386754933,5.90846618262849,1.92087768492085,7.82316052982228,67.945947568716,4.61229805793317e-11,8.60380062495722e-10,Higher in basal-like
201474_s_at,ITGA3,5.67442876714086,6.6795476211232,-1.00511885398235,-7.93627288429123,62.7573001732,4.72604556494218e-11,8.78899800215013e-10,Higher in luminal A
212027_at,RBM25,8.20626713105977,9.28572056669473,-1.07945343563496,-7.8326554062256,67.112206475677,4.77279427030975e-11,8.86387658726854e-10,Higher in luminal A
218424_s_at,STEAP3,8.57878689942522,7.26311602181518,1.31567087761004,7.82857075773849,67.2215767983967,4.80738837152321e-11,8.91298607029608e-10,Higher in basal-like
1556613_s_at,DPY19L4,6.54291038673037,5.44954981014417,1.0933605765862,7.85422664516135,66.0188131637462,4.82006160857192e-11,8.93345316775153e-10,Higher in basal-like
227641_at,FBXL16,6.71373715658647,8.60401094658355,-1.89027378999707,-7.89230371769909,64.318886507719,4.83989588816054e-11,8.96110083593557e-10,Higher in luminal A
231535_x_at,ROPN1,7.14843912847851,4.32494524908097,2.82349387939753,8.15744513151573,54.9623319830692,4.85741257767942e-11,8.99048858106371e-10,Higher in basal-like
211248_s_at,CHRD,4.76685163864313,6.11716711374785,-1.35031547510473,-9.5551879851024,33.0645193081735,4.89820316133104e-11,9.05985310709657e-10,Higher in luminal A
1561042_at,CASC7,4.46176973406856,3.41055045719084,1.05121927687773,8.57684505369219,45.1263749851014,4.95050558274857e-11,9.14730965653187e-10,Higher in basal-like
219403_s_at,HPSE,6.66084255942871,5.10606259270285,1.55477996672586,7.88572766519625,64.3356521530697,4.96317797339703e-11,9.16762688160414e-10,Higher in basal-like
230233_at,"",8.42030558446784,6.47850371613729,1.94180186833055,8.38784876036179,48.8352618862465,5.0347208344098e-11,9.28722542582172e-10,Higher in basal-like
1558164_s_at,PEX13,5.07296526924997,3.89792521575702,1.17504005349296,8.38998407021338,48.7730689948507,5.04650543419602e-11,9.29955121721157e-10,Higher in basal-like
224516_s_at,CXXC5,8.35495729705314,9.91253696567219,-1.55757966861905,-7.95815943076494,61.274217723746,5.04415560633772e-11,9.29955121721157e-10,Higher in luminal A
238883_at,"",8.35744097820314,9.44262950884841,-1.08518853064528,-7.90881275036183,63.2086289487618,5.04568083704988e-11,9.29955121721157e-10,Higher in luminal A
207386_at,CYP7B1,4.2762450932039,3.26951503838537,1.00673005481853,8.66791177628916,43.3495061994401,5.12620985191559e-11,9.44006479129286e-10,Higher in basal-like
201438_at,COL6A3,11.0776897185338,12.6888376728671,-1.61114795433327,-7.93517537119273,61.9677686416048,5.14405680578318e-11,9.46336829933363e-10,Higher in luminal A
236696_at,U2SURP,7.8325291765756,6.47898189198278,1.35354728459283,8.24436637795915,52.0965924926583,5.17177830193771e-11,9.50477239188048e-10,Higher in basal-like
224560_at,TIMP2,9.84675970142648,11.3238478255694,-1.47708812414292,-7.81897789359617,66.7991408213594,5.19499382603956e-11,9.54423008866644e-10,Higher in luminal A
214496_x_at,KAT6B,6.99093509577733,8.25328054666142,-1.26234545088409,-8.12607685112561,55.2974520469102,5.23652879926624e-11,9.61407696775962e-10,Higher in luminal A
238682_at,CCDC96,4.34189941767417,5.57200443264787,-1.23010501497371,-8.54945813541613,45.2616490357029,5.28979702990898e-11,9.70535747014341e-10,Higher in luminal A
229962_at,LRRC37A3,5.44850164587346,6.57041600909233,-1.12191436321887,-8.00321740280088,59.1808746129173,5.29588488960309e-11,9.71001027293927e-10,Higher in luminal A
221985_at,KLHL24,7.73893510955146,6.60299985688636,1.13593525266511,7.80166949359673,67.3797318578736,5.30194552492984e-11,9.71786361299158e-10,Higher in basal-like
238933_at,IRS1,6.06720109376017,7.41208610044246,-1.34488500668228,-7.99347540823572,59.4146219032894,5.3606164954112e-11,9.81262915242761e-10,Higher in luminal A
243907_at,GREB1L,4.43781863611726,6.8358906106304,-2.39807197451314,-9.35207649226229,34.5675059371213,5.36123255773748e-11,9.81262915242761e-10,Higher in luminal A
221059_s_at,COTL1,10.1573474100749,8.78663297400612,1.37071443606876,7.81197720822408,66.7450058498474,5.37389959264316e-11,9.82997525017614e-10,Higher in basal-like
210959_s_at,SRD5A1,6.60786279914456,4.92960292028288,1.67825987886168,7.85439962751474,64.4638229582775,5.56998043863082e-11,1.01818348539666e-09,Higher in basal-like
202982_s_at,ACOT1,7.12357293036986,8.24270244669827,-1.11912951632841,-7.97457018569544,59.7320000624613,5.57497843909485e-11,1.01875650453714e-09,Higher in luminal A
212489_at,COL5A1,7.59859395492941,9.48870550319423,-1.89011154826482,-7.78410760613647,67.5857011286439,5.60240842560801e-11,1.02342693174112e-09,Higher in luminal A
205792_at,WISP2,6.13783186764106,8.14694322676155,-2.00911135912049,-7.81301490935793,66.1178528389956,5.66153299615233e-11,1.03353695013232e-09,Higher in luminal A
225647_s_at,CTSC,8.79290636649385,6.81783011355148,1.97507625294237,7.78320584154189,67.4169222017345,5.70690227123313e-11,1.04077679012565e-09,Higher in basal-like
213464_at,SHC2,5.75634874258018,7.0205950090309,-1.26424626645073,-8.3800179041,48.1613672707633,5.75477758352137e-11,1.04880821459677e-09,Higher in luminal A
202234_s_at,SLC16A1,5.97587323619804,4.31767335375546,1.65819988244258,7.78777939158559,66.9337894104011,5.84223584044961e-11,1.06121011487237e-09,Higher in basal-like
205779_at,RAMP2,5.7451089451148,6.76184912296127,-1.01674017784647,-8.86680827350146,39.7021116918093,5.87514837608596e-11,1.06647987205345e-09,Higher in luminal A
222654_at,IMPAD1,8.76844578353624,7.75158492074155,1.01686086279469,7.76080990284167,67.87999573613,6.0191482173923e-11,1.09080851437164e-09,Higher in basal-like
235022_at,FAM210A,7.58607602188053,6.5583427128578,1.02773330902272,7.77317719587662,67.2356730374038,6.04504692102346e-11,1.09513896755122e-09,Higher in basal-like
242881_x_at,DUXAP10,9.08975738350528,7.14644087185572,1.94331651164957,7.75756474941556,67.9585668642782,6.06031100060419e-11,1.0975405894602e-09,Higher in basal-like
204899_s_at,SAP30,6.62109874592491,5.52403115944515,1.09706758647976,7.82296318230225,64.7025344619982,6.1911124342514e-11,1.11900519782709e-09,Higher in basal-like
239735_at,"",7.95081688525012,9.11814512776023,-1.16732824251011,-8.02151172909923,57.1597962850195,6.21261983423688e-11,1.12252144559452e-09,Higher in luminal A
242657_at,"",6.85950211098855,8.06570822327616,-1.20620611228761,-8.63645694756924,42.8423925510384,6.25321642630967e-11,1.12948334360251e-09,Higher in luminal A
239487_at,"",6.6841968672388,5.41965800326178,1.26453886397702,8.25043109072401,50.6068750271373,6.25539983271816e-11,1.12950457679612e-09,Higher in basal-like
203431_s_at,ARHGAP32,7.01519105197357,8.35915464413408,-1.34396359216052,-7.75103229648627,67.6278078189357,6.40725960135348e-11,1.15387654382082e-09,Higher in luminal A
223582_at,ADGRV1,4.47400455447829,5.94812346958682,-1.47411891510853,-8.29753041139025,49.3119872971196,6.41497989331022e-11,1.15488648556713e-09,Higher in luminal A
221558_s_at,LEF1,7.2141228369689,8.45984268560399,-1.2457198486351,-8.06773092988363,55.3801218502732,6.45407924933244e-11,1.16093459464656e-09,Higher in luminal A
217613_at,TMEM144,3.34304701709926,4.58625722388112,-1.24321020678186,-9.19278440051817,35.3908018511482,6.58361765153315e-11,1.18252068034683e-09,Higher in luminal A
220432_s_at,CYP39A1,4.93970639738563,3.33516741070828,1.60453898667735,8.33871664000918,48.1691583773343,6.62968865340512e-11,1.18962332499155e-09,Higher in basal-like
230664_at,H2BFXP,5.41289812843207,4.09838297313835,1.31451515529372,7.94233425286884,59.2188699876939,6.6878040248441e-11,1.19887109855197e-09,Higher in basal-like
209114_at,TSPAN1,5.33057255727509,7.65721094096791,-2.32663838369282,-8.30081594241575,48.9274242558121,6.72381435448949e-11,1.20414199093257e-09,Higher in luminal A
235165_at,PARD6B,6.80626716760654,8.60494081519092,-1.79867364758439,-7.90030553958567,60.697364576319,6.73820020044554e-11,1.20632316948055e-09,Higher in luminal A
214109_at,LRBA,7.03740576422412,8.19168341826274,-1.15427765403862,-7.73121133126785,67.9856418704495,6.75025655741138e-11,1.20808601399826e-09,Higher in luminal A
205066_s_at,ENPP1,6.81475539561245,8.570072105138,-1.75531670952554,-7.73075905145896,67.9969481100177,6.7565415367282e-11,1.20881514568264e-09,Higher in luminal A
65438_at,TLDC1,4.78278308044759,3.3959701830174,1.38681289743019,8.33410825693597,48.1068416238256,6.80256354916589e-11,1.21665084085916e-09,Higher in basal-like
213286_at,ZFR,7.01584257853778,5.64761979819134,1.36822278034644,7.82034604214818,63.7048838636696,6.87553392389044e-11,1.22757980328379e-09,Higher in basal-like
227262_at,HAPLN3,7.95510634730033,6.93485110474735,1.02025524255298,7.83072889561431,63.2648557828328,6.8771411750494e-11,1.22757980328379e-09,Higher in basal-like
223403_s_at,POLR1B,8.16289352913245,7.10530973100742,1.05758379812504,8.02860475272484,55.9427650516263,6.98561328746597e-11,1.24572213467776e-09,Higher in basal-like
1557080_s_at,ITGBL1,6.18585703317914,8.1067445337171,-1.92088750053796,-7.79924146166641,64.3691150412216,7.03568140285346e-11,1.25383272718714e-09,Higher in luminal A
209337_at,PSIP1,9.5183870369593,8.41468402361029,1.10370301334901,7.75458149226243,66.3272221801516,7.07221786375847e-11,1.25993324112413e-09,Higher in basal-like
210683_at,NRTN,5.0779466295934,3.4971964929763,1.5807501366171,8.56249592436876,43.3865265308187,7.14547425364992e-11,1.27146857515767e-09,Higher in basal-like
222101_s_at,DCHS1,6.71844924360006,7.95047275623921,-1.23202351263915,-7.73699759248354,66.7189783462947,7.34854246500235e-11,1.30452755601831e-09,Higher in luminal A
214746_s_at,ZNF467,6.24289845401794,7.41554246411153,-1.17264401009359,-7.99880313969621,56.4072675368573,7.40074941866358e-11,1.31247477932349e-09,Higher in luminal A
237881_at,"",5.82745320548074,7.43507516039192,-1.60762195491119,-7.73917664935528,66.4693752243021,7.44334067116155e-11,1.3192637940667e-09,Higher in luminal A
204663_at,ME3,6.42825808741948,7.75056379259212,-1.32230570517264,-8.19690619651475,50.7104968353362,7.46092786279077e-11,1.32100463373732e-09,Higher in luminal A
227629_at,PRLR,8.09046433195044,10.05078455365,-1.96032022169953,-7.74149821030605,66.2968833781044,7.48493280795957e-11,1.32482583773127e-09,Higher in luminal A
230002_at,GPSM2,7.46016672035274,6.33503914144631,1.12512757890643,7.7872840896203,64.2034189667666,7.50170282383964e-11,1.32710357275619e-09,Higher in basal-like
219432_at,EVC,6.68491880044268,7.74534828339733,-1.06042948295466,-7.70250492256392,67.9999639589834,7.60141834262361e-11,1.34240164044879e-09,Higher in luminal A
222348_at,MAST4,5.4798821961285,7.02605908594741,-1.54617688981891,-7.86094258578139,60.9877039809704,7.64192885331125e-11,1.34868450630985e-09,Higher in luminal A
211874_s_at,KAT6B,6.45797267421896,7.89803776603037,-1.44006509181141,-7.90899978196467,59.1511400730181,7.67311559033385e-11,1.35331482226291e-09,Higher in luminal A
225162_at,SH3D19,7.31132276568496,8.59131959587277,-1.27999683018781,-7.73122214124905,66.4664512233438,7.69420208075855e-11,1.35659625529014e-09,Higher in luminal A
227792_at,ITPRIPL2,9.70165969200024,10.866958005806,-1.16529831380575,-7.71086622049876,67.3528806222274,7.75454675556103e-11,1.36679511238007e-09,Higher in luminal A
218319_at,PELI1,9.0085555413337,7.94226225744098,1.06629328389271,7.75852350645923,64.9197543080167,7.89581695092483e-11,1.39035037614111e-09,Higher in basal-like
1555241_at,C8orf59,8.14261552391811,7.06572340032838,1.07689212358973,7.72044151114562,66.6635460489093,7.90813424505894e-11,1.39162291550884e-09,Higher in basal-like
227568_at,HECTD2,6.92438754822146,8.04732099433738,-1.12293344611592,-7.70942446645609,67.1780302510102,7.91867268298184e-11,1.39258098726932e-09,Higher in luminal A
220425_x_at,ROPN1B,7.96351063732807,5.0367712676776,2.92673936965046,7.98014444423288,56.3545461034444,7.99433509457231e-11,1.40408053741003e-09,Higher in basal-like
230316_at,SEC14L2,4.30053510543985,6.48112947234814,-2.18059436690829,-9.5412258204864,31.569846829669,8.09283219342299e-11,1.41955598388002e-09,Higher in luminal A
217294_s_at,ENO1,11.1836781153608,9.69731343897526,1.48636467638553,7.92215309071758,58.1578976857206,8.12810668858581e-11,1.42528618729451e-09,Higher in basal-like
1555830_s_at,ESYT2,6.77117401608139,5.33282674146075,1.43834727462064,7.69368641705506,67.6080947624151,8.15104740096315e-11,1.42802984898366e-09,Higher in basal-like
210365_at,LOC101928269,4.95731109469802,6.8023642770102,-1.84505318231219,-8.36130963675449,46.333315248682,8.2541002375768e-11,1.44459964945426e-09,Higher in luminal A
227224_at,RALGPS2,6.27395900745041,8.12866777369063,-1.85470876624021,-7.78200923171659,63.4071282272762,8.25994256869847e-11,1.44515955181949e-09,Higher in luminal A
213994_s_at,SPON1,5.74423365636214,8.05425190557344,-2.3100182492113,-7.70109704692377,67.064580574889,8.27736172132823e-11,1.4477439287064e-09,Higher in luminal A
AFFX-r2-Bs-phe-3_at,"",6.54500187449225,7.61317333170774,-1.06817145721549,-8.29763845940699,47.6167362729851,8.33327974206462e-11,1.45519664611109e-09,Higher in luminal A
205681_at,BCL2A1,7.55052585190253,4.86233164598948,2.68819420591304,7.94133893264814,56.9883640947285,8.61282637343036e-11,1.50065736764597e-09,Higher in basal-like
242824_at,"",7.67478009547995,8.91727547524719,-1.24249537976723,-7.80384058028327,62.0572200421377,8.61787020460207e-11,1.50105783191022e-09,Higher in luminal A
1558080_s_at,DNAJC3,9.09577631278826,7.73911796925619,1.35665834353207,8.13149679856401,51.3429511902777,8.63556314836374e-11,1.502703421823e-09,Higher in basal-like
203222_s_at,TLE1,6.78230827604429,5.46508121397249,1.3172270620718,7.75049166805474,63.990356795092,8.88583692950687e-11,1.54069831989023e-09,Higher in basal-like
209651_at,TGFB1I1,7.43038661693368,8.9936727567298,-1.56328613979612,-7.8171687074811,60.8641655899869,9.20427839094465e-11,1.59053072384608e-09,Higher in luminal A
230730_at,SGCD,4.60835884526279,6.22221004200928,-1.61385119674649,-7.7684920891129,62.7609787541929,9.27596767682099e-11,1.60190629415726e-09,Higher in luminal A
210791_s_at,ARHGAP32,5.60369350381982,6.87864395957681,-1.27495045575699,-7.91069221393118,57.3417555583292,9.30563491840158e-11,1.60652222659806e-09,Higher in luminal A
1554897_s_at,RHBDL2,5.27810842154576,4.25933592251645,1.01877249902931,7.88938036755183,58.0352249052751,9.35179900691152e-11,1.61398235701669e-09,Higher in basal-like
226534_at,KITLG,7.4502225761496,9.38715894168493,-1.93693636553533,-7.73760390666794,63.8231497722848,9.50900871160276e-11,1.63904492845801e-09,Higher in luminal A
214427_at,NOP2,8.60723640069272,7.3707597532898,1.23647664740292,7.92079592874122,56.8020181152905,9.51707882906955e-11,1.6399189567582e-09,Higher in basal-like
209916_at,DHTKD1,7.99439715947015,6.76880703836424,1.22559012110591,7.66394129482471,67.0961953954478,9.6321645172384e-11,1.65818197411842e-09,Higher in basal-like
206653_at,POLR3G,5.49724569902845,4.33004252123933,1.16720317778912,8.05398352121432,52.6125535619001,9.6505811757118e-11,1.66057132758715e-09,Higher in basal-like
211161_s_at,COL3A1,11.5675270452629,13.0709827611528,-1.50345571588984,-7.86847093069176,58.4599664199455,9.68098988277702e-11,1.66501453866258e-09,Higher in luminal A
243357_at,NEGR1,4.80153182786888,6.55796038002685,-1.75642855215797,-7.8266776989059,59.9298094080287,9.75463945858079e-11,1.6766265715118e-09,Higher in luminal A
225095_at,SPTLC2,7.03592976929258,8.11945381190656,-1.08352404261397,-7.893344441669,57.4945760332089,9.77829427200741e-11,1.68016417134508e-09,Higher in luminal A
225688_s_at,PHLDB2,7.6971859250103,8.9150764026694,-1.21789047765909,-7.67143833930811,66.509378780964,9.81545323420248e-11,1.6860191818411e-09,Higher in luminal A
223695_s_at,ARSD,6.31668480217852,7.49550283417025,-1.17881803199173,-7.65012377698367,67.525519737359,9.84091534268022e-11,1.68949612450952e-09,Higher in luminal A
240277_at,"",6.7934469769042,5.79043586422505,1.00301111267915,7.70979264104974,64.6394281020875,9.8826776142297e-11,1.69596798040806e-09,Higher in basal-like
226303_at,PGM5,3.80591451410446,4.95330575094988,-1.14739123684542,-8.76889122962143,38.6626642036123,9.92305893139049e-11,1.7023634988195e-09,Higher in luminal A
206580_s_at,EFEMP2,7.77316297403994,8.87211231982099,-1.09894934578106,-7.64977769014425,67.1937724335452,1.01322436912781e-10,1.73661574865401e-09,Higher in luminal A
242457_at,"",6.76808920172096,5.1233240090553,1.64476519266566,7.65036486700845,67.1607136711036,1.01356363798556e-10,1.73665283318272e-09,Higher in basal-like
240247_at,"",7.73332142520293,6.51510995525633,1.2182114699466,7.69564138329364,64.9131631564017,1.02166810313249e-10,1.74944264136451e-09,Higher in basal-like
214038_at,CCL8,9.13994596861232,6.93105273644992,2.2088932321624,7.63110747183254,67.9787469601722,1.02613335460176e-10,1.75653854611307e-09,Higher in basal-like
206509_at,PIP,5.71256442493509,10.1670231904841,-4.45445876554899,-8.96514816531392,36.0561199457325,1.04255456366503e-10,1.78241622165058e-09,Higher in luminal A
222693_at,LOC101928615,6.4689128111107,5.1788655135603,1.29004729755039,7.63490522605043,67.5090738436672,1.04990290036855e-10,1.79385753367658e-09,Higher in basal-like
230748_at,SLC16A6,5.97904579627294,8.5317914239785,-2.55274562770557,-8.82570169345635,37.651652348862,1.0570757614771e-10,1.80329539028894e-09,Higher in luminal A
243170_at,"",4.92115518834315,6.29522454528151,-1.37406935693836,-8.18841516010661,48.3475775480041,1.08638639979483e-10,1.84753270322807e-09,Higher in luminal A
216944_s_at,ITPR1,6.11169879477061,7.56037253708838,-1.44867374231777,-7.95173129887524,54.5766089866524,1.10007994386173e-10,1.8690761631647e-09,Higher in luminal A
224191_x_at,ROPN1,6.86709905294818,4.0802501454362,2.78684890751197,7.92950640603018,55.1626398792247,1.11449891299832e-10,1.88946443622273e-09,Higher in basal-like
213125_at,OLFML2B,7.60501962302334,8.9094320926766,-1.30441246965326,-7.75849379338367,61.2499724420058,1.11782748698503e-10,1.89452008217317e-09,Higher in luminal A
230177_at,GTF2H2B,6.34039481111739,7.56067039913401,-1.22027558801662,-8.07402403504976,50.8009635540271,1.14394592655071e-10,1.93518699053713e-09,Higher in luminal A
236587_at,LRRC6,4.42701317409624,5.75647051450382,-1.32945734040757,-7.9698009565474,53.51753545996,1.17172690005256e-10,1.97789960668026e-09,Higher in luminal A
213906_at,MYBL1,8.07998231176646,5.43592272428807,2.64405958747839,7.66775071286733,64.6449828508442,1.17260884725486e-10,1.97877742974258e-09,Higher in basal-like
225185_at,MRAS,8.45729549458134,7.24055916355245,1.21673633102889,7.64756033073742,65.4890568294497,1.18260984623313e-10,1.99492045315477e-09,Higher in basal-like
1555363_s_at,LINC00663,4.67071687486744,5.73431057074577,-1.06359369587833,-8.04577073244997,51.2870312449932,1.18539807631634e-10,1.99850878268874e-09,Higher in luminal A
235177_at,METTL21A,6.84924525974801,5.76030386766316,1.08894139208484,7.65415879189022,65.0483770332159,1.19618266158872e-10,2.01420656059019e-09,Higher in basal-like
1555167_s_at,NAMPT,7.65426182107062,6.36451446429249,1.28974735677813,7.59483237181239,67.9359616128487,1.19812450041513e-10,2.01685520505533e-09,Higher in basal-like
233231_at,"",4.37452509378815,6.24882299060369,-1.87429789681554,-8.72884636110311,38.3247349683058,1.20484630871508e-10,2.02692221319991e-09,Higher in luminal A
223069_s_at,EML4,6.67351797769011,5.63558765105224,1.03793032663787,7.82187049394674,58.0706424091604,1.20938352179802e-10,2.03269307457193e-09,Higher in basal-like
207496_at,MS4A2,3.23446020778209,4.95152989094089,-1.7170696831588,-9.66964164135484,29.4205008435298,1.21419711449215e-10,2.04014220144002e-09,Higher in luminal A
41037_at,TEAD4,6.91697140132784,5.66254517829102,1.25442622303683,7.68393548928633,63.516518814134,1.21562593870924e-10,2.04191545926045e-09,Higher in basal-like
208002_s_at,ACOT7,8.06784378823424,6.9649099307801,1.10293385745414,7.74043400110285,61.1188446487444,1.21653441655642e-10,2.04281385826849e-09,Higher in basal-like
223690_at,LTBP2,6.83605523679866,8.34358925534766,-1.507534018549,-7.75154078828855,60.5892993472873,1.22672410808079e-10,2.0575583251195e-09,Higher in luminal A
206788_s_at,CBFB,7.34697571077929,6.12696855478654,1.22000715599275,7.9107929245034,54.8895707636466,1.23509069919494e-10,2.07079374359041e-09,Higher in basal-like
201853_s_at,CDC25B,9.0219622768071,7.96482319791172,1.05713907889538,7.58995463380303,67.7889151704862,1.23743261083273e-10,2.07408424271242e-09,Higher in basal-like
239551_at,"",7.22455333011148,6.16857458358159,1.0559787465299,7.60052939612494,67.2177096223215,1.24078960503703e-10,2.07907360267851e-09,Higher in basal-like
231034_s_at,NHSL1,6.91162487143435,5.5781913909743,1.33343348046006,7.66177327515494,64.2695425176164,1.24241528767078e-10,2.08115979943014e-09,Higher in basal-like
227764_at,LYPD6,4.43732038077984,6.73491445755084,-2.297594076771,-8.732249215892,38.1150485736319,1.25014272881937e-10,2.09090100025081e-09,Higher in luminal A
1557626_at,"",5.87293500630334,7.00917209724472,-1.13623709094137,-7.66687274913693,63.9103003509983,1.25684826418701e-10,2.10147335915673e-09,Higher in luminal A
226122_at,PLEKHG1,7.25910139102545,5.63676914804259,1.62233224298286,7.81590671522149,57.8850645874839,1.26257157923051e-10,2.10910788556152e-09,Higher in basal-like
1569025_s_at,FAM13A,4.72768043540353,3.67707474865931,1.05060568674421,8.04108344509605,50.9418352462226,1.26309288747711e-10,2.10933425848537e-09,Higher in basal-like
1564053_a_at,YTHDF3,7.55652543766613,6.03483554082239,1.52168989684374,7.62366315549077,65.8025723694294,1.26987511878375e-10,2.1187190149375e-09,Higher in basal-like
214797_s_at,CDK18,6.87699349531219,5.83673238041455,1.04026111489765,7.60054847507528,66.9392310829276,1.26958039328766e-10,2.1187190149375e-09,Higher in basal-like
221636_s_at,MARC2,6.33400581164849,7.55290165825388,-1.21889584660539,-7.6604780158319,64.0040131024932,1.2790587050225e-10,2.13208947247272e-09,Higher in luminal A
1555705_a_at,CMTM3,7.76077851512939,8.78628499622296,-1.02550648109357,-8.02519613839842,51.2210822700284,1.28808199962986e-10,2.14450296556502e-09,Higher in luminal A
209695_at,PTP4A3,7.70324621338913,6.6446007151057,1.05864549828343,7.67784050799162,63.0511252646416,1.3003416324437e-10,2.16163510957309e-09,Higher in basal-like
1554020_at,BICD1,6.12201244699398,4.46338225961148,1.6586301873825,7.93321984051423,53.7350585622653,1.30604534574087e-10,2.16913819193142e-09,Higher in basal-like
201487_at,CTSC,9.87610229019351,8.38160005544967,1.49450223474384,7.57315914326611,67.9746417241055,1.30749695422194e-10,2.17088964385316e-09,Higher in basal-like
212387_at,TCF4,8.50492884801835,9.6851326971921,-1.18020384917376,-7.60695818730275,65.9553021967646,1.34268438337101e-10,2.22189069796641e-09,Higher in luminal A
220625_s_at,ELF5,9.14974337702875,5.73223622297704,3.41750715405171,7.57616213097676,67.4960966865703,1.34216026521117e-10,2.22189069796641e-09,Higher in basal-like
219735_s_at,TFCP2L1,6.50733119055695,4.98821297599291,1.51911821456404,7.79152268674127,58.121767159951,1.35262109532101e-10,2.23697998749777e-09,Higher in basal-like
224200_s_at,RAD18,5.57017176791934,4.55392080519708,1.01625096272226,7.6770939687584,62.5412076450698,1.36738953902826e-10,2.25798921915947e-09,Higher in basal-like
213875_x_at,C6orf62,7.85306614319016,6.76675546254466,1.0863106806455,7.56120911019828,67.7124097691811,1.40362126460002e-10,2.31223237848768e-09,Higher in basal-like
244815_at,"",5.28291624934658,4.23555533081358,1.047360918533,7.61969885011055,64.6275494041774,1.42873704545211e-10,2.35006612394988e-09,Higher in basal-like
231382_at,FGF18,4.81669561888623,6.04779181402727,-1.23109619514104,-7.59735169395623,65.5960288905426,1.44006812513988e-10,2.36656822188226e-09,Higher in luminal A
204948_s_at,FST,7.04182326246911,8.71602925195656,-1.67420598948745,-7.58291820133871,66.2039575893451,1.45181179098597e-10,2.38371800817291e-09,Higher in luminal A
221521_s_at,GINS2,8.27623563622494,6.54343796589576,1.73279767032917,8.07054223392062,49.1636239209433,1.45629962720965e-10,2.39036872163577e-09,Higher in basal-like
212670_at,ELN,6.28617172465319,8.47318450257968,-2.18701277792649,-7.55534487766807,67.4430110279439,1.46989587958828e-10,2.40906946092594e-09,Higher in luminal A
241457_at,"",6.0377402649225,8.036269589583,-1.9985293246605,-7.72748696654484,59.6484764383755,1.48192541134175e-10,2.42732989410156e-09,Higher in luminal A
224046_s_at,PDE7A,7.41766815154756,5.72502701475925,1.69264113678831,7.54500366654939,67.8414379074756,1.48627089549252e-10,2.43226163457209e-09,Higher in basal-like
233691_at,"",5.95819346676433,4.89202271857492,1.06617074818941,7.88615688180832,54.1132349272654,1.48583012071759e-10,2.43226163457209e-09,Higher in basal-like
223634_at,RASD2,6.94851792992161,5.33961197922632,1.60890595069529,8.10550139207037,48.138602011988,1.49530524339536e-10,2.44485090259095e-09,Higher in basal-like
1553972_a_at,CBS,8.37108326499479,6.64702663709115,1.72405662790364,7.58911728864885,65.4851918856768,1.50369674598288e-10,2.45710160151267e-09,Higher in basal-like
227702_at,CYP4X1,4.62471503943467,8.16803621833703,-3.54332117890236,-7.73508880093281,59.1974071250135,1.50583951855903e-10,2.45986781228607e-09,Higher in luminal A
201952_at,ALCAM,8.96159940960699,10.8932313658483,-1.93163195624134,-7.5839624306836,65.6745192855625,1.51140237228788e-10,2.46821758377659e-09,Higher in luminal A
205011_at,VWA5A,6.70608761736705,7.99887469158767,-1.29278707422062,-7.53785228970873,67.9502957940196,1.51806262260428e-10,2.47751233330114e-09,Higher in luminal A
218111_s_at,CMAS,7.75098439782307,6.53277030786501,1.21821408995806,7.64708049041848,62.5118807099565,1.54670815496752e-10,2.51910242397526e-09,Higher in basal-like
204793_at,GPRASP1,5.48807463505367,6.49883413407034,-1.01075949901668,-7.58760360473579,65.1554321963777,1.55623060601797e-10,2.53385671185326e-09,Higher in luminal A
205407_at,RECK,6.23650807103181,7.76755322501546,-1.53104515398365,-7.56813981894231,65.8829722955559,1.5849606499293e-10,2.57603220971713e-09,Higher in luminal A
1566115_at,"",3.87320351558157,5.33766648028144,-1.46446296469987,-8.04394467791537,49.1943645809692,1.59238760532908e-10,2.58656542844229e-09,Higher in luminal A
227618_at,NHSL2,5.66890890098242,6.79149319153373,-1.12258429055131,-7.71185621437098,59.4808009493502,1.60240783487845e-10,2.60052384600711e-09,Higher in luminal A
203130_s_at,KIF5C,5.47550961739183,8.26154940001002,-2.78603978261819,-8.37676833807228,42.2246834735181,1.60916630800588e-10,2.60890898597643e-09,Higher in luminal A
222936_s_at,DESI2,4.31638390298869,3.30147430025596,1.01490960273274,8.07211804741377,48.4062514170687,1.61510759120227e-10,2.61647429774768e-09,Higher in basal-like
226594_at,ENTPD5,6.94689184189143,8.32750505178673,-1.3806132098953,-8.69442749618965,37.4679963532527,1.61627720439172e-10,2.61759348785893e-09,Higher in luminal A
206044_s_at,KIAA1549,6.53267932110395,5.52771076460263,1.00496855650132,7.85599950096195,54.1233495889673,1.66049141216266e-10,2.68204927503673e-09,Higher in basal-like
60474_at,FERMT1,5.87924788115413,4.21197370094981,1.66727418020432,8.17504165888808,45.8559543973708,1.67262890700214e-10,2.69926167326866e-09,Higher in basal-like
216604_s_at,SLC7A8,5.85611124297821,7.75622789831888,-1.90011665534067,-8.42596957209898,41.1826111977148,1.67606600036986e-10,2.70401028534145e-09,Higher in luminal A
235476_at,TRIM59,7.4662492908141,5.52443702164478,1.94181226916932,7.59757620693576,63.6028021902423,1.71080031593826e-10,2.75679361255304e-09,Higher in basal-like
226226_at,TMEM45B,6.05394151103003,7.32206349350932,-1.2681219824793,-7.81891842793862,55.0465913021128,1.71244431254884e-10,2.75862972270501e-09,Higher in luminal A
217762_s_at,RAB31,9.66095603101298,11.0295066229312,-1.36855059191823,-7.52403714214762,67.088887118518,1.7225235624238e-10,2.77404936010373e-09,Higher in luminal A
209356_x_at,EFEMP2,7.46625688822751,8.72135789665756,-1.25510100843005,-7.51586655479888,67.4789831355584,1.7272198343984e-10,2.77915669351773e-09,Higher in luminal A
226944_at,HTRA3,6.63600798429805,8.12560849691972,-1.48960051262167,-7.85922557775908,53.6175392736865,1.74309689034013e-10,2.80222941721101e-09,Higher in luminal A
228740_at,"",3.67277632004637,4.88113889046974,-1.20836257042337,-8.42519880779224,40.9805133117847,1.7468165584612e-10,2.80738375466978e-09,Higher in luminal A
228109_at,RASGRF2,5.70802707013668,7.01984095201618,-1.31181388187951,-8.38368916341159,41.6046105359489,1.7669728471189e-10,2.83894329756761e-09,Higher in luminal A
229522_at,SDR42E1,6.47869063244114,5.36008679585141,1.11860383658973,7.97392740629537,50.2257887271674,1.77012644627922e-10,2.84317460194819e-09,Higher in basal-like
238077_at,KCTD6,7.41658877952243,8.8632244905865,-1.44663571106406,-8.20300624432441,44.9187377190172,1.77255723070096e-10,2.84492268105943e-09,Higher in luminal A
221484_at,B4GALT5,8.53908531955685,7.44434509255698,1.09474022699987,7.4991580790155,67.9807826571206,1.7797999621502e-10,2.85200946455341e-09,Higher in basal-like
205543_at,HSPA4L,6.12866509581121,4.40486368529357,1.72380141051764,7.87562728000983,52.7353447871879,1.82717315655683e-10,2.91936564391422e-09,Higher in basal-like
213113_s_at,SLC43A3,8.88303146673005,7.65836078888137,1.22467067784867,7.4993036408841,67.5617262088578,1.83832889985037e-10,2.93547408292404e-09,Higher in basal-like
203439_s_at,STC2,6.35523094871152,9.29123888104545,-2.93600793233393,-8.72959437096599,36.4514601338706,1.84638301745315e-10,2.94747420377376e-09,Higher in luminal A
219779_at,ZFHX4,5.92758094926851,7.33709129853004,-1.40951034926153,-7.49775563250469,67.5534978604896,1.85141090921371e-10,2.95393080196725e-09,Higher in luminal A
210070_s_at,CHKB-CPT1B,6.64629369709649,7.70893582386471,-1.06264212676822,-7.61598906623892,61.7976228930005,1.87142029953008e-10,2.98395756421134e-09,Higher in luminal A
231577_s_at,GBP1,10.8316738859533,8.90131125528252,1.93036263067077,7.49200444516067,67.7064010906203,1.87357104899968e-10,2.98607339337237e-09,Higher in basal-like
228739_at,CYS1,4.46507009171225,5.79906946364086,-1.33399937192861,-7.7733105034492,55.7523190896607,1.87777530338145e-10,2.99147333078033e-09,Higher in luminal A
239476_at,"",5.95537743902425,7.07099432084757,-1.11561688182333,-7.74021827018475,56.7685016614241,1.90503895370071e-10,3.03225632586861e-09,Higher in luminal A
209791_at,PADI2,9.04639704699906,7.11651717859821,1.92987986840086,7.54278346050949,64.8776453123528,1.91405467335871e-10,3.04572000191756e-09,Higher in basal-like
225646_at,CTSC,8.13313360544685,6.56585833403688,1.56727527140997,7.48934233733275,67.5633877954921,1.91587477247101e-10,3.04772921689998e-09,Higher in basal-like
212097_at,CAV1,8.23794707906342,9.40544235798176,-1.16749527891833,-7.50019805950661,66.8755400840563,1.93428543745612e-10,3.0725466674292e-09,Higher in luminal A
1564676_a_at,"",4.60309421881791,3.30385941781288,1.29923480100503,8.18553162447603,44.6742667020082,1.95572430207214e-10,3.10479750916941e-09,Higher in basal-like
218602_s_at,HAUS6,5.67396303973349,4.60295791751082,1.07100512222267,7.66661268263764,59.1686605695694,1.97352234593275e-10,3.13032591424058e-09,Higher in basal-like
219211_at,USP18,7.75011558082344,6.35509412026979,1.39502146055365,7.47231764143891,67.969637807276,1.99242398441955e-10,3.15664391040681e-09,Higher in basal-like
233106_at,FRMD6-AS1,4.89159334494656,5.99234994710063,-1.10075660215407,-8.18472401387774,44.487370042075,2.02242208909294e-10,3.19953494563532e-09,Higher in luminal A
1556345_s_at,"",6.15809132572885,7.63677875694268,-1.47868743121384,-8.85856749439464,34.5649078706482,2.04270172960341e-10,3.23068316650468e-09,Higher in luminal A
237128_at,"",4.49914924208628,6.34894651966868,-1.8497972775824,-8.69635306823286,36.4129286667357,2.04894593990999e-10,3.23962172540713e-09,Higher in luminal A
232726_at,"",6.02902343389455,7.45216296077777,-1.42313952688322,-7.52141076083799,65.0992854283223,2.05017562460626e-10,3.24062886022976e-09,Higher in luminal A
226320_at,ALYREF,8.8984778206649,7.63475779083766,1.26372002982724,7.47179279929661,67.4199031878731,2.0842924058267e-10,3.28885100399927e-09,Higher in basal-like
207996_s_at,LDLRAD4,6.81786368280342,8.15563920664102,-1.3377755238376,-7.58705397941185,61.7976658179829,2.10057223108957e-10,3.3116720511771e-09,Higher in luminal A
203636_at,MID1,7.56044645228028,5.87406424860561,1.68638220367467,7.45746362417025,67.9208400726333,2.12778134035743e-10,3.35232399036069e-09,Higher in basal-like
211020_at,GCNT2,5.34234114948709,3.90752346270336,1.43481768678374,8.06638766577426,46.6801492061473,2.12819690361993e-10,3.35232399036069e-09,Higher in basal-like
228092_at,CREM,6.52855898221749,5.2999435168869,1.22861546533059,7.4647333736615,67.5352919554412,2.12707899565414e-10,3.35232399036069e-09,Higher in basal-like
205030_at,FABP7,7.7854230144623,4.06924217214736,3.71618084231494,8.27986817939275,42.3324690833602,2.15075094184587e-10,3.38297778324002e-09,Higher in basal-like
211538_s_at,HSPA2,6.36112983186008,8.42546519999003,-2.06433536812995,-7.48395943566118,66.2912548077099,2.16803794475339e-10,3.40918822632706e-09,Higher in luminal A
227467_at,RDH10,8.32852776537639,6.50361903487412,1.82490873050227,7.51506415429437,64.624549993674,2.18968047043574e-10,3.44124115323581e-09,Higher in basal-like
205355_at,ACADSB,4.73147689317952,6.57976781187369,-1.84829091869417,-8.63160608158837,36.9093922902489,2.2020077184969e-10,3.45664002322189e-09,Higher in luminal A
217849_s_at,CDC42BPB,6.65177672146867,7.65715632596972,-1.00537960450105,-7.44581893272145,67.9724781127162,2.22478439366895e-10,3.48938860366753e-09,Higher in luminal A
209693_at,ASTN2,5.15412229990324,6.50618350574684,-1.3520612058436,-7.6222064598074,59.7090833816156,2.22658467775019e-10,3.49121070421541e-09,Higher in luminal A
212452_x_at,KAT6B,7.32557680908718,8.51233692953426,-1.18676012044708,-7.74639243813247,55.1127366247463,2.23309027751406e-10,3.49940415371399e-09,Higher in luminal A
233036_at,"",5.87804592057212,7.37041443502766,-1.49236851445554,-7.65911947675653,58.2035911126109,2.23961029244585e-10,3.50761079173523e-09,Higher in luminal A
204030_s_at,IQCJ-SCHIP1,8.16480893541541,6.62593675449432,1.53887218092108,7.85343710747284,51.6897167195107,2.25750294039037e-10,3.53360931193368e-09,Higher in basal-like
228710_at,"",6.9697043968058,8.04233778666079,-1.07263338985499,-8.03132037779097,47.0801166071496,2.26031514115173e-10,3.53699857877707e-09,Higher in luminal A
226765_at,SPTBN1,5.81459740225428,4.69817234179891,1.11642506045537,7.8911741369085,50.5990455166791,2.26545314562768e-10,3.54301060461079e-09,Higher in basal-like
244845_at,"",4.88618720788722,6.01821743520433,-1.13203022731711,-7.46489904547915,66.7279052283189,2.26510362401864e-10,3.54301060461079e-09,Higher in luminal A
229258_at,KIF12,5.75982958401527,7.03309356734174,-1.27326398332647,-8.91497048666132,33.4951382971329,2.31755815289641e-10,3.61932282232537e-09,Higher in luminal A
201262_s_at,BGN,7.44283790025585,9.07031393267905,-1.6274760324232,-7.66813230612175,57.4490575413381,2.33747204865109e-10,3.64703572460414e-09,Higher in luminal A
201261_x_at,BGN,8.92595338296411,10.2474550141166,-1.32150163115254,-7.43840293370179,67.7040546863733,2.3425032253594e-10,3.6509795851347e-09,Higher in luminal A
223593_at,AADAT,6.19341242930628,5.12649959818662,1.06691283111966,7.67677524669,57.1117369053734,2.34212560148658e-10,3.6509795851347e-09,Higher in basal-like
228335_at,CLDN11,4.82152536173486,7.02331971751984,-2.20179435578498,-7.5889532214489,60.3241745374755,2.39227772544643e-10,3.72219079791644e-09,Higher in luminal A
210517_s_at,AKAP12,6.7708047917635,8.47002960983597,-1.69922481807248,-7.42505443182342,67.9995659322737,2.42101220908558e-10,3.76368616809082e-09,Higher in luminal A
209436_at,SPON1,7.04085956258297,9.0448569471412,-2.00399738455823,-7.43686672176062,67.2891290249106,2.43443087620539e-10,3.78132125444686e-09,Higher in luminal A
220272_at,BNC2,5.51955760935999,6.86430373860502,-1.34474612924503,-7.51386965285964,63.4424238277962,2.434143503494e-10,3.78132125444686e-09,Higher in luminal A
213012_at,NEDD4,6.14685538106426,7.2004354926523,-1.05358011158804,-7.67137185978823,56.9191608548407,2.44004355807481e-10,3.78896283833401e-09,Higher in luminal A
205555_s_at,MSX2,4.79913635086943,5.80631351845909,-1.00717716758966,-7.93645891090416,48.7822215526497,2.46266868709999e-10,3.82192479327822e-09,Higher in luminal A
232144_at,"",7.40253992441329,8.80125588659557,-1.39871596218229,-7.43187546004671,67.2271907269099,2.4973719440628e-10,3.87028942861773e-09,Higher in luminal A
211062_s_at,GPR78,5.46064579708095,6.613016206349,-1.15237040926804,-7.90770164955547,49.4149358014896,2.49972681551075e-10,3.87174401240936e-09,Higher in luminal A
242794_at,MAML3,5.54085477798652,6.84717889371071,-1.30632411572419,-7.6924724268586,55.9328253077837,2.50135771544555e-10,3.87317284316017e-09,Higher in luminal A
211896_s_at,DCN,10.0174889260852,12.1262403858684,-2.10875145978321,-7.47124366101712,65.1198089452375,2.51293902646106e-10,3.88373846107438e-09,Higher in luminal A
220338_at,RALGPS2,5.46477123730914,6.98319911431715,-1.51842787700801,-7.77011290949957,53.3238719887494,2.51118632921617e-10,3.88373846107438e-09,Higher in luminal A
204570_at,COX7A1,6.68503456948314,8.00006000964794,-1.3150254401648,-7.4343226792564,66.958400005971,2.52446884924464e-10,3.89791963661255e-09,Higher in luminal A
221510_s_at,GLS,9.39522764836944,8.12322737007734,1.2720002782921,7.41335545042345,67.9847862255708,2.54491161803121e-10,3.92394367501005e-09,Higher in basal-like
229926_at,MIR3682,6.43724571490082,5.32590087157855,1.11134484332227,7.41298175820495,67.9976894775685,2.54638415084118e-10,3.92510722997579e-09,Higher in basal-like
203210_s_at,RFC5,6.6374669585106,5.58697333764856,1.05049362086204,7.41794339133233,67.7045189472699,2.55064717458095e-10,3.92946278586118e-09,Higher in basal-like
209990_s_at,GABBR2,5.4243088202269,3.16661905834453,2.25768976188237,8.30770822299143,40.8811810108436,2.57088196705608e-10,3.95952032531807e-09,Higher in basal-like
235811_at,"",6.22672215030145,5.14693571904418,1.07978643125726,7.41750968630016,67.4987587025217,2.59587886212346e-10,3.99464330950183e-09,Higher in basal-like
222158_s_at,DESI2,9.08206856853247,7.87752486089118,1.20454370764129,7.46165988238372,65.0451880642078,2.62945664629217e-10,4.04062794086634e-09,Higher in basal-like
207076_s_at,ASS1,10.030475141473,8.18097572658499,1.849499414888,7.44839310220616,65.7035517737258,2.63158054311577e-10,4.04275544239547e-09,Higher in basal-like
1559455_at,"",3.98853030663655,5.13039210352751,-1.14186179689096,-7.83214543392541,51.0652430924748,2.63882109813714e-10,4.05160189667644e-09,Higher in luminal A
205229_s_at,COCH,6.75838566577915,4.15659546486322,2.60179020091594,7.84727829686264,50.6325189434613,2.64094325120362e-10,4.05372184894885e-09,Higher in basal-like
209008_x_at,KRT8,9.81263464482925,11.1595395695423,-1.3469049247131,-7.77815735499017,52.6446993381355,2.64313352762665e-10,4.05594514799291e-09,Higher in luminal A
206091_at,MATN3,3.18506265026023,5.15839068449093,-1.9733280342307,-8.38447361061007,39.4209197969346,2.69029873615917e-10,4.11907262390093e-09,Higher in luminal A
218115_at,ASF1B,7.66294109632937,6.63689648955431,1.02604460677506,7.44872141479442,65.3316523961736,2.70832522743257e-10,4.14551180878712e-09,Higher in basal-like
236222_at,MAATS1,4.39579756073065,5.76565024935787,-1.36985268862722,-7.968311807732,47.3156676490454,2.71291496166479e-10,4.15137490985229e-09,Higher in luminal A
216603_at,SLC7A8,5.2491196532374,6.89081507405603,-1.64169542081863,-8.88714175084256,33.1754927039514,2.71836907751607e-10,4.15855705968638e-09,Higher in luminal A
244007_at,ZNF462,6.51608203429908,5.36558616231386,1.15049587198522,7.57201687134698,59.5140401543983,2.76268003877667e-10,4.22279930444826e-09,Higher in basal-like
227372_s_at,BAIAP2L1,8.74953717642609,7.52911964377987,1.22041753264622,7.47810389710612,63.6268211033302,2.76884467194788e-10,4.22867548711593e-09,Higher in basal-like
202177_at,GAS6,7.25555474003148,8.4681646730501,-1.21260993301862,-7.38568408332427,67.9621698952548,2.86096774853372e-10,4.34803172558272e-09,Higher in luminal A
209309_at,AZGP1,8.80999419874864,12.3485925349092,-3.53859833616055,-8.05650221735642,44.9531058792173,2.87406207695465e-10,4.36498177937487e-09,Higher in luminal A
203574_at,NFIL3,8.50448381356452,6.84194644620262,1.6625373673619,8.00725055540366,45.9810854632224,2.89386406524993e-10,4.39261570703887e-09,Higher in basal-like
203139_at,DAPK1,8.60026931849206,7.28958846764213,1.31068085084993,7.40035366490674,66.7999006615812,2.94162993270206e-10,4.46016684887645e-09,Higher in basal-like
229178_at,PRTG,3.52253749228663,4.60365882065819,-1.08112132837157,-7.82097220067742,50.5041760832769,2.95100913338113e-10,4.4706684501971e-09,Higher in luminal A
229441_at,PRSS23,5.36727960593779,6.9128686509568,-1.545589045019,-8.03993828126018,45.0786406450429,2.97854644229733e-10,4.50739072052606e-09,Higher in luminal A
224314_s_at,EGLN1,6.07627744080097,4.97402745191999,1.10224998888098,7.41378423909945,65.7999143263643,3.01029436297888e-10,4.54913886942703e-09,Higher in basal-like
227183_at,CARMN,5.97861188458191,7.14739424243733,-1.16878235785541,-7.42258463726783,65.1967732619946,3.04729210058903e-10,4.59869433065706e-09,Higher in luminal A
244035_at,"",5.16312147531577,6.57077096864982,-1.40764949333404,-7.83968491412335,49.7425009797868,3.04679890528036e-10,4.59869433065706e-09,Higher in luminal A
212274_at,LPIN1,8.66460999282982,7.13421671281178,1.53039328001803,7.6640079947033,55.0980708326198,3.0508034688908e-10,4.60145323204425e-09,Higher in basal-like
203766_s_at,LMOD1,6.04361957297089,7.18066065391236,-1.13704108094147,-7.44074055506613,64.1412641939782,3.08533843206165e-10,4.64726375569707e-09,Higher in luminal A
238070_at,CHD1L,8.03971190166059,7.02069791596915,1.01901398569143,7.40279327959908,66.052113847038,3.08727001108629e-10,4.6487603375418e-09,Higher in basal-like
210873_x_at,APOBEC3A_B,5.70340802273738,4.04794851240242,1.65545951033497,7.71063765438644,53.4229610391725,3.09401099981181e-10,4.65762806758565e-09,Higher in basal-like
1554835_a_at,B3GNT5,6.15455466185502,4.99960442226459,1.15495023959042,8.05129069750005,44.5832062742561,3.10104168628749e-10,4.66564265816644e-09,Higher in basal-like
229360_at,ZNF280B,5.44201189958262,4.10896129649167,1.33305060309095,7.95525605493676,46.7007526482551,3.10368245123998e-10,4.66833116978119e-09,Higher in basal-like
206565_x_at,SMA4,6.39099136303849,8.01239186511412,-1.62140050207563,-7.86475381151465,48.8647096992838,3.13401820223106e-10,4.71007271047233e-09,Higher in luminal A
204686_at,IRS1,6.50552645248091,8.08135190916712,-1.57582545668621,-7.36448789891035,67.8417320851898,3.15343869788398e-10,4.73145611434705e-09,Higher in luminal A
217525_at,OLFML1,6.10796785551618,7.17443759594719,-1.066469740431,-7.50398727319892,60.971993397348,3.15250803580737e-10,4.73145611434705e-09,Higher in luminal A
210374_x_at,PTGER3,5.17278275608726,6.18188605904189,-1.00910330295463,-8.09673146749067,43.5467407994162,3.15789511681547e-10,4.73554348633806e-09,Higher in luminal A
235457_at,MAML2,8.66028419761465,7.42493357887892,1.23535061873573,7.36584215677024,67.747824039472,3.15785227989679e-10,4.73554348633806e-09,Higher in basal-like
203065_s_at,CAV1,7.63525896108539,8.83113658369414,-1.19587762260875,-7.36074313489894,67.9999914252259,3.16539484410729e-10,4.74418758502099e-09,Higher in luminal A
209800_at,KRT16,7.10652231891472,4.45096521372288,2.65555710519184,8.19927013852067,41.5685559413021,3.19001318620089e-10,4.77846495768586e-09,Higher in basal-like
202270_at,GBP1,10.4425853995414,8.4782607545063,1.96432464503506,7.38900927340697,66.3244317809539,3.19868258475702e-10,4.78882722676862e-09,Higher in basal-like
221586_s_at,E2F5,8.10327515477217,6.83355269759648,1.26972245717569,7.3725930934846,67.1508832479635,3.21221896621379e-10,4.80383129041956e-09,Higher in basal-like
228217_s_at,PSMG4,8.93848028843993,7.87135754538597,1.06712274305396,7.55540410471114,58.5871677743621,3.22448896841253e-10,4.82086230101053e-09,Higher in basal-like
238865_at,PABPC4L,6.57814670618821,5.26737878013926,1.31076792604895,7.6613229486727,54.663123783497,3.2327170891218e-10,4.83184272410427e-09,Higher in basal-like
229014_at,NR2F1-AS1,5.2157753085592,6.31148152189875,-1.09570621333955,-7.37460506902486,66.8797000444961,3.25221961802581e-10,4.85966405071225e-09,Higher in luminal A
223276_at,SMIM3,7.03189376166353,8.0396393718283,-1.00774561016476,-7.35454345415895,67.9428281809737,3.26208456472525e-10,4.87174197149285e-09,Higher in luminal A
1556427_s_at,LRRN4CL,3.89516952622442,5.03306667748336,-1.13789715125894,-8.16842513741306,41.9652504109463,3.27993458346674e-10,4.89572545320896e-09,Higher in luminal A
209939_x_at,CFLAR,9.21776239631884,8.14209439978357,1.07566799653527,7.37416691357088,66.7724379714415,3.28502734082545e-10,4.90198880621265e-09,Higher in basal-like
219631_at,LRP12,6.38093662473889,5.0161424107694,1.36479421396949,7.37309971318607,66.7609695849045,3.30245929500583e-10,4.92531265560403e-09,Higher in basal-like
220196_at,MUC16,6.80240160576099,4.54198754855156,2.26041405720943,7.95327881230335,46.2987709734606,3.31543999692811e-10,4.94197605867078e-09,Higher in basal-like
232541_at,"",7.52961997996989,5.61265012133274,1.91696985863715,7.67331225107164,53.9096847504684,3.36224070380982e-10,5.00627751854036e-09,Higher in basal-like
227282_at,PCDH19,5.43497733987329,6.47782461733459,-1.0428472774613,-7.88877683174722,47.7396014425032,3.36401676500697e-10,5.00755830728984e-09,Higher in luminal A
228935_at,SLC4A8,3.80306495848247,5.20779347515072,-1.40472851666825,-8.7007971824888,34.2973115341552,3.36852900303419e-10,5.01291026785232e-09,Higher in luminal A
209900_s_at,SLC16A1,6.57468636773927,4.97596411640777,1.59872225133149,7.41191316989536,64.4882522053045,3.37133411009402e-10,5.01571952297661e-09,Higher in basal-like
213869_x_at,THY1,8.06784411184146,9.09186205334905,-1.02401794150759,-7.36946191600156,66.5200721158305,3.41513431812514e-10,5.07535930534092e-09,Higher in luminal A
1566257_at,GPR180,5.99375280633018,4.97963329251508,1.0141195138151,7.36242908594974,66.8430061210942,3.4298381832329e-10,5.0944418002787e-09,Higher in basal-like
214769_at,CLCN4,5.48579068078083,4.05232495432442,1.43346572645641,7.89376084884094,47.3659476619405,3.48508273661928e-10,5.17087920284015e-09,Higher in basal-like
204915_s_at,SOX11,6.49965947334529,4.68274933462628,1.81691013871901,7.89581415755987,47.2292269616447,3.52823966456968e-10,5.23207224465276e-09,Higher in basal-like
202236_s_at,SLC16A1,8.01373026870314,6.21337886740325,1.80035140129989,7.48548094887746,60.4974204167387,3.54197502097428e-10,5.24959295938653e-09,Higher in basal-like
238542_at,ULBP2,5.9288754026827,4.42692376278827,1.50195163989442,7.98716474011221,44.9943568252841,3.6017224065584e-10,5.33236318923857e-09,Higher in basal-like
239847_at,"",5.09410234798748,6.37921182643761,-1.28510947845013,-7.36692497691149,65.8189041965015,3.64386219254841e-10,5.38891440025924e-09,Higher in luminal A
214370_at,S100A8,4.88986992606811,3.27839713470821,1.61147279135989,8.14051663964008,41.8599115986058,3.65298387915222e-10,5.40094358011487e-09,Higher in basal-like
231784_s_at,DCAF13,7.86796565381235,6.80180253040378,1.06616312340857,7.32553877135047,67.9677601632043,3.67422920125467e-10,5.4279514071494e-09,Higher in basal-like
224407_s_at,STK26,5.92024803845283,4.11224199655938,1.80800604189344,7.71549486984151,51.7157113040327,3.71753865004259e-10,5.48296676030189e-09,Higher in basal-like
211323_s_at,ITPR1,6.11970125029121,7.56213411747367,-1.44243286718247,-7.57734411094032,56.2633355796232,3.74272674411889e-10,5.51424372769335e-09,Higher in luminal A
224505_s_at,PLCD4,3.7202530168678,5.18523990034276,-1.46498688347497,-8.73392408928198,33.5160575853102,3.74854415225806e-10,5.52132681909239e-09,Higher in luminal A
202196_s_at,DKK3,5.52136236315024,6.95097488418588,-1.42961252103564,-7.31892577138467,67.7002557813675,3.85193630109508e-10,5.66598378429846e-09,Higher in luminal A
1556551_s_at,SLC39A6,7.38114732049365,9.50744914193879,-2.12630182144515,-7.66599147878328,52.8893310731371,3.88128490232433e-10,5.70608367933807e-09,Higher in luminal A
239614_x_at,"",5.37146688390458,4.21913069511543,1.15233618878915,7.6410458211909,53.6902868682778,3.88614199745756e-10,5.71168854061807e-09,Higher in basal-like
1557843_at,LINC01087,3.089177550894,5.40518396862911,-2.31600641773511,-9.28449387943188,28.6282443518949,3.91087545611089e-10,5.74495205703554e-09,Higher in luminal A
221665_s_at,EPS8L1,6.00354674715574,7.10167631701964,-1.0981295698639,-7.36965434114627,64.6544502201802,3.95102825024287e-10,5.79926092837662e-09,Higher in luminal A
204201_s_at,PTPN13,5.63761489578692,7.07257214636488,-1.43495725057796,-7.4416176377352,61.0646018358567,4.00413207082337e-10,5.87247642092993e-09,Higher in luminal A
1564307_a_at,A2ML1,5.08851349884917,3.23511060648388,1.85340289236529,8.16300821246469,40.9352116091781,4.00994636078873e-10,5.87920772688613e-09,Higher in basal-like
200632_s_at,NDRG1,11.0625272505101,9.21446394727063,1.84806330323949,7.37227928804899,64.3095464408158,4.01901169445564e-10,5.88798136104935e-09,Higher in basal-like
225601_at,HMGB3,7.77843994484126,6.51195505137321,1.26648489346805,7.30953764255777,67.6551437024927,4.01857036297432e-10,5.88798136104935e-09,Higher in basal-like
1553434_at,CYP4Z2P,3.51711173892831,7.01572342676551,-3.4986116878372,-8.76953160237014,32.8650800381408,4.03501934761499e-10,5.90510393016192e-09,Higher in luminal A
AFFX-HUMISGF3A/M97935_MA_at,STAT1,9.44311252489192,7.66697184810461,1.77614067678732,7.30540171113202,67.7935477386868,4.04691877333933e-10,5.92093347423945e-09,Higher in basal-like
204969_s_at,RDX,5.51765936197566,4.25734651096275,1.26031285101291,7.67490899852779,52.1832460196908,4.07814794697973e-10,5.96183794120633e-09,Higher in basal-like
223282_at,TSHZ1,6.70045248943465,7.81150919890033,-1.11105670946569,-7.39997598393265,62.7573136831965,4.08445128651752e-10,5.96945667175475e-09,Higher in luminal A
222529_at,SLC25A37,9.53194675176599,7.95936204566268,1.57258470610331,7.4062518256236,62.2441308785519,4.16023845625907e-10,6.07859533928287e-09,Higher in basal-like
212091_s_at,COL6A1,8.078390963906,9.68296944112042,-1.60457847721442,-7.59164713767888,54.7359770180048,4.16641210294826e-10,6.08598935956976e-09,Higher in luminal A
214695_at,UBAP2L,7.41105094141688,6.38108124779473,1.02996969362215,7.30263234202988,67.4802893178429,4.18910153963316e-10,6.11423189213676e-09,Higher in basal-like
229332_at,HPDL,4.85675894597212,3.75400295358029,1.10275599239183,7.97834378177151,44.2074518801228,4.19385323026577e-10,6.1195336366368e-09,Higher in basal-like
209743_s_at,ITCH,5.93122883518875,4.84711021351639,1.08411862167236,7.3356033291364,65.5394935069618,4.23472438598922e-10,6.17587505478689e-09,Higher in basal-like
209596_at,MXRA5,10.1926198466108,11.7125166912699,-1.51989684465901,-7.2980102438059,67.4191170119057,4.28952084059545e-10,6.24912208791784e-09,Higher in luminal A
202465_at,PCOLCE,8.80504678980783,10.1828018618882,-1.37775507208033,-7.28738552180917,67.9613439221542,4.30893620261936e-10,6.27573486622838e-09,Higher in luminal A
219863_at,HERC5,8.3860216270201,6.44536459401459,1.9406570330055,7.31527268576832,66.2784908618288,4.34970250042098e-10,6.33173546886361e-09,Higher in basal-like
223301_s_at,CCDC82,7.21012134188714,6.18930037816305,1.02082096372409,7.30925308661362,66.5768435228908,4.35956226386606e-10,6.34271066463217e-09,Higher in basal-like
213290_at,COL6A2,6.82936069795881,7.88507011381297,-1.05570941585417,-7.55832703130306,55.4793902300824,4.36538663818137e-10,6.34949493063491e-09,Higher in luminal A
229676_at,MTPAP,8.12979691942551,6.66675042511206,1.46304649431344,7.3140082441081,66.2064330466426,4.39640043345111e-10,6.38950541464486e-09,Higher in basal-like
222288_at,"",7.22036881442692,9.41697032824572,-2.1966015138188,-7.53477096938983,56.2586692337573,4.40426952277046e-10,6.39924092897887e-09,Higher in luminal A
214953_s_at,APP,10.3259047071406,9.20821279443266,1.11769191270794,7.28105881075618,67.9454829695481,4.42901712703892e-10,6.43177985181548e-09,Higher in basal-like
204475_at,MMP1,7.75365611583036,4.50093531648171,3.25272079934864,7.42188209357936,60.6848716029132,4.47841158783849e-10,6.49660794813132e-09,Higher in basal-like
208920_at,SRI,5.85520040410142,7.24822239088898,-1.39302198678756,-7.30850460718058,66.1193352951747,4.52696375502228e-10,6.56355723431034e-09,Higher in luminal A
213338_at,TMEM158,8.92363535351935,7.13318718499698,1.79044816852237,7.29663729149553,66.760968901292,4.52971290669111e-10,6.56580204595271e-09,Higher in basal-like
204026_s_at,ZWINT,9.38347980609208,7.85277418813572,1.53070561795635,7.27454810150234,67.9587495759679,4.54632322840661e-10,6.58753677333828e-09,Higher in basal-like
229816_at,WDR78,3.73973299891763,4.97585842911414,-1.23612543019651,-8.29774693388922,38.0503708875266,4.60625003658017e-10,6.66613871757599e-09,Higher in luminal A
219202_at,RHBDF2,7.7916120140067,6.75426538513577,1.03734662887093,7.28354122936341,67.2458343519494,4.61319975893679e-10,6.67442965916562e-09,Higher in basal-like
228648_at,LRG1,5.2665698321671,7.06601795856164,-1.79944812639455,-7.69130376702573,50.6565350790981,4.61603686290256e-10,6.67676760526977e-09,Higher in luminal A
213071_at,DPT,6.25240691967495,7.93028490359684,-1.6778779839219,-7.72497109585247,49.662969547562,4.63194081554358e-10,6.69799957920775e-09,Higher in luminal A
232459_at,"",3.93030177930812,5.80747558578349,-1.87717380647537,-8.00815847770826,42.9697191734991,4.63912868391746e-10,6.70661979886798e-09,Higher in luminal A
222528_s_at,SLC25A37,8.37193406096336,6.48791217850213,1.88402188246123,7.37267421423605,62.5354870172613,4.64359981510149e-10,6.71130901112011e-09,Higher in basal-like
243634_at,SMIM14,5.86277547251739,7.27256187447219,-1.4097864019548,-7.56676877868728,54.4210106072711,4.73205692762144e-10,6.82832442643711e-09,Higher in luminal A
210319_x_at,MSX2,4.84176540761871,6.51370226892249,-1.67193686130379,-8.03244205530997,42.362187702172,4.74257522567645e-10,6.8416965821599e-09,Higher in luminal A
242354_at,"",6.94390970030192,8.00266987519959,-1.05876017489767,-7.44923415815257,58.7473456702408,4.80060903697308e-10,6.92176421667994e-09,Higher in luminal A
1557527_at,"",7.26646329150772,8.820811572001,-1.55434828049328,-7.31867702836185,64.7741523045039,4.81741859133501e-10,6.94233952243652e-09,Higher in luminal A
203404_at,ARMCX2,7.9552934540604,9.4116858589917,-1.45639240493129,-7.5270447735072,55.5454517790961,4.88061396106687e-10,7.03155647750543e-09,Higher in luminal A
206042_x_at,SNURF,7.7965326540882,9.00982541732892,-1.21329276324072,-7.39033876029385,60.8865659226826,4.98471579657571e-10,7.17020089917855e-09,Higher in luminal A
1555716_a_at,CXADR,4.93927361150338,3.79144161192698,1.14783199957639,7.42380582284922,59.3395226141143,5.01860426434211e-10,7.21325415754219e-09,Higher in basal-like
243030_at,"",6.9194032683711,8.47274934022739,-1.55334607185628,-7.9622659518691,43.3882562663482,5.03688336512687e-10,7.23572249049689e-09,Higher in luminal A
225081_s_at,CDCA7L,8.06262310623727,6.40285101427571,1.65977209196156,7.26280823860702,67.2075437397636,5.04106113660174e-10,7.23982184511953e-09,Higher in basal-like
230789_at,ZNF280B,5.03833840255425,3.51620650366221,1.52213189889203,8.01455706825142,42.3267687587461,5.05448429675492e-10,7.25719351168791e-09,Higher in basal-like
211698_at,EID1,6.88924921390027,8.06276014874062,-1.17351093484035,-7.37834737591811,61.2082565529872,5.08324933706234e-10,7.29657803895729e-09,Higher in luminal A
212220_at,PSME4,7.05818200584767,5.53574742189905,1.52243458394862,7.28986274937762,65.5102637809849,5.11911956385975e-10,7.33843372192008e-09,Higher in basal-like
220624_s_at,ELF5,7.10276088012933,4.46435209922945,2.63840878089988,7.41720308972247,59.3803548043031,5.13081790386686e-10,7.35134876556396e-09,Higher in basal-like
209136_s_at,USP10,7.60470859035899,6.24766231485488,1.35704627550411,7.26921433138061,66.5330986511713,5.15930179412243e-10,7.39022335849211e-09,Higher in basal-like
221016_s_at,TCF7L1,8.39343979081305,6.91259836991978,1.48084142089326,7.25001876311952,67.5744669423583,5.17590594567239e-10,7.41012457658124e-09,Higher in basal-like
224967_at,UGCG,8.93794555134873,10.3635486875909,-1.42560313624213,-7.90717755650451,44.3634033066896,5.1858643117773e-10,7.42049545266747e-09,Higher in luminal A
202766_s_at,FBN1,9.68498629716837,11.2621585998856,-1.57717230271724,-7.33815165732092,62.8448818024265,5.19884735562325e-10,7.43518124950828e-09,Higher in luminal A
210563_x_at,CFLAR,8.94816798869105,7.85135829531018,1.09680969338087,7.24217146668795,67.9394820142288,5.20923374993824e-10,7.44808721960966e-09,Higher in basal-like
223551_at,PKIB,7.4786586511012,9.77182661596043,-2.29316796485923,-7.67138135348809,50.2203768252262,5.23220697799891e-10,7.47311694153841e-09,Higher in luminal A
238044_at,"",4.99003579738665,6.20738029917278,-1.21734450178613,-7.94423104171613,43.4900671776642,5.25825317514741e-10,7.50835707367942e-09,Higher in luminal A
209081_s_at,COL18A1,7.89991906265001,8.95839302174706,-1.05847395909705,-7.35260673222172,61.9241136426253,5.29773868369895e-10,7.55093489393222e-09,Higher in luminal A
202283_at,SERPINF1,9.7959289385761,11.1660569344785,-1.37012799590244,-7.26638625274289,66.2080009313945,5.347626545454e-10,7.61608443273502e-09,Higher in luminal A
230645_at,FRMD3,7.88430681352094,5.60410979713761,2.28019701638334,7.56372520961719,53.3841888054446,5.35870871902875e-10,7.62988018783586e-09,Higher in basal-like
1561141_at,LOC101929504,4.22207453192257,5.39168662625874,-1.16961209433617,-7.63002102796243,51.2298392308609,5.37607682702006e-10,7.64863389324282e-09,Higher in luminal A
218437_s_at,LZTFL1,6.54334348346597,7.67117968300708,-1.12783619954111,-7.27367803473089,65.7087040974548,5.38827778021427e-10,7.66399811740935e-09,Higher in luminal A
238999_at,"",5.80789493029876,6.82297753221311,-1.01508260191435,-7.33940915506917,62.2643612743299,5.42760892067262e-10,7.70590801708064e-09,Higher in luminal A
237005_at,EMC3-AS1,7.02832361078781,5.93662716711211,1.0916964436757,7.44222122776009,57.71341669532,5.44047190913682e-10,7.72066184230506e-09,Higher in basal-like
1567997_x_at,"",4.08553120109336,6.78871867666016,-2.7031874755668,-8.7950623794869,31.4930370538592,5.46215711360351e-10,7.74182056615599e-09,Higher in luminal A
212148_at,PBX1,9.02556313045555,10.271059077617,-1.24549594716143,-7.24472140781935,66.8371809053951,5.58165548971318e-10,7.90409256410432e-09,Higher in luminal A
223599_at,TRIM6,5.60307377925295,7.02226136615694,-1.41918758690399,-7.23069072704761,67.5190160098398,5.63054221135563e-10,7.96300815845497e-09,Higher in luminal A
235867_at,GSTM3,4.92584518937188,6.2260837597874,-1.30023857041552,-8.66368530189547,32.6524009275628,5.65103131979437e-10,7.98785257005577e-09,Higher in luminal A
211233_x_at,ESR1,4.58968507580735,5.72288154381693,-1.13319646800958,-8.39441981915049,35.7458281520501,5.65917500017108e-10,7.99522979675333e-09,Higher in luminal A
1557918_s_at,SLC16A1,6.22655040433967,4.89092775081486,1.33562265352482,7.32120139116725,62.6190212864112,5.66957687951853e-10,8.00578811693377e-09,Higher in basal-like
205891_at,ADORA2B,6.33126826394823,4.92136616599745,1.40990209795078,7.32877119345704,62.2210331464858,5.68419506197226e-10,8.02228613870246e-09,Higher in basal-like
232816_s_at,DDX11,6.94434291221111,5.80019925035839,1.14414366185272,7.38450097715026,59.5528385781335,5.74174767705536e-10,8.09098077945881e-09,Higher in basal-like
206734_at,JRKL,7.54148656475535,6.48985744986074,1.05162911489462,7.21868179835268,67.7765027784948,5.81064054280477e-10,8.1817350419225e-09,Higher in basal-like
1561195_at,"",6.93208054198737,5.83531317909849,1.09676736288888,7.3007217185643,63.3124677522256,5.81900559595039e-10,8.18929552016957e-09,Higher in basal-like
229665_at,CSTF3,7.28231168997146,6.27949575342321,1.00281593654825,7.35857029652017,60.4495007951968,5.87246327190538e-10,8.25815147611694e-09,Higher in basal-like
217538_at,SGSM2,5.91576016065649,6.93767874203503,-1.02191858137854,-7.67887647359564,48.7885834361488,6.09868192541231e-10,8.55985230034282e-09,Higher in luminal A
237999_at,"",5.94855468925145,4.86091027100618,1.08764441824527,7.23321403894272,66.2685846780514,6.10218495491448e-10,8.56137958455092e-09,Higher in basal-like
201792_at,AEBP1,9.70465723815416,11.5472839343857,-1.84262669623151,-7.21048248972168,67.4930997124067,6.13414139871545e-10,8.59959438396839e-09,Higher in luminal A
1554351_a_at,TIPRL,7.9871606710683,6.95788081379593,1.02927985727238,7.2468974610566,65.405676112668,6.15218012282893e-10,8.62267234595417e-09,Higher in basal-like
204776_at,THBS4,6.1594669564332,8.45679980473127,-2.29733284829807,-7.60101220742698,50.9108763048427,6.20221082242778e-10,8.69056577950381e-09,Higher in luminal A
218051_s_at,NT5DC2,8.39250339821496,7.31605208290148,1.07645131531348,7.27432370391812,63.7135831355152,6.27008262668556e-10,8.77904274164344e-09,Higher in basal-like
AFFX-r2-Bs-lys-M_at,"",4.52672249157132,5.7988396781889,-1.27211718661758,-8.29978830120655,36.4965637965148,6.31956119456596e-10,8.84140246450598e-09,Higher in luminal A
201041_s_at,DUSP1,9.75033974105624,11.428154196985,-1.67781445592874,-7.44080260842029,56.2188377096094,6.32688354935142e-10,8.84938240114579e-09,Higher in luminal A
203438_at,STC2,7.21080140235668,10.0051314425021,-2.79433004014541,-7.95126229516049,42.1792736029123,6.35451012131523e-10,8.88347841684761e-09,Higher in luminal A
216109_at,MED13L,5.8132254682957,7.11925456852229,-1.30602910022658,-7.30295552077584,62.0850975090975,6.37393117310852e-10,8.90607428800686e-09,Higher in luminal A
222484_s_at,CXCL14,7.51336659264211,10.6527874956307,-3.13942090298856,-7.19268532558595,67.9852934321005,6.37911923977979e-10,8.91104610206848e-09,Higher in luminal A
209687_at,CXCL12,8.60714498594045,10.390662664474,-1.78351767853357,-7.21325689311991,66.7344782779846,6.40357815815195e-10,8.9429281174191e-09,Higher in luminal A
216226_at,TAF4B,5.46248183087721,4.4490619248636,1.0134199060136,7.33700695526072,60.1579846449608,6.55867588173366e-10,9.14085148696885e-09,Higher in basal-like
230187_s_at,LOC102724851,5.94025434135309,7.16392825043174,-1.22367390907865,-7.19770028972726,67.0998429985269,6.6515082160059e-10,9.26078970486689e-09,Higher in luminal A
200628_s_at,WARS,9.27745156718775,7.79913777863922,1.47831378854854,7.28448966609335,62.4575942243407,6.65634513717811e-10,9.26516472441989e-09,Higher in basal-like
AFFX-r2-Bs-dap-5_at,"",7.27533900722493,8.97784028124941,-1.70250127402448,-7.31172277126622,61.0747081138483,6.69846521972784e-10,9.32141984954491e-09,Higher in luminal A
AFFX-M27830_M_at,"",10.9614757047962,9.93946629925533,1.0220094055409,7.35003413463612,59.200530354169,6.78254699631863e-10,9.42882677405851e-09,Higher in basal-like
227368_at,"",6.97996166272264,5.96151268002411,1.01844898269853,7.18854519615575,67.3543832767947,6.78442311646299e-10,9.42903746549603e-09,Higher in basal-like
239233_at,CCDC88A,4.38138744763394,3.02347019498881,1.35791725264513,7.84037650865823,43.976938179504,6.87011310673388e-10,9.53117061940307e-09,Higher in basal-like
209955_s_at,FAP,7.81312499421848,9.48992346742667,-1.67679847320819,-7.29245369300848,61.682993537479,6.87196569502059e-10,9.53132228247719e-09,Higher in luminal A
230735_at,"",7.15609108010078,6.14474505502439,1.01134602507639,7.2616739876107,63.1797343830931,6.88361925269721e-10,9.54506423132691e-09,Higher in basal-like
233004_x_at,"",6.36512843306004,7.44095876551345,-1.07583033245341,-7.22306052278395,65.1220597420005,6.92803180662921e-10,9.60177792211538e-09,Higher in luminal A
201852_x_at,COL3A1,12.1065134045595,13.5959682977497,-1.4894548931902,-7.34071071910428,59.2513972244279,7.00247256639264e-10,9.69266297639285e-09,Higher in luminal A
213033_s_at,NFIB,6.35614940649943,4.99256670087024,1.36358270562918,7.17728891078171,67.5582053865037,7.00696462827199e-10,9.6964259947044e-09,Higher in basal-like
215407_s_at,ASTN2,5.28460773811333,6.40251432602493,-1.1179065879116,-7.28807328399296,61.6336497272512,7.02167199955885e-10,9.70957255479873e-09,Higher in luminal A
209506_s_at,NR2F2,5.244219321091,6.42887158575457,-1.18465226466358,-7.99627220547396,40.6756992980904,7.10200574377621e-10,9.81304432754522e-09,Higher in luminal A
223125_s_at,C1orf21,8.17920547423962,9.79671782325512,-1.61751234901551,-7.30627781006606,60.548849986115,7.15802223164696e-10,9.88544747449602e-09,Higher in luminal A
229510_at,MS4A14,5.13992111879138,7.06430780097282,-1.92438668218144,-8.32644008117091,35.5470368825683,7.18248960596856e-10,9.91422921500457e-09,Higher in luminal A
1557538_at,"",5.63622024904076,6.74972526983265,-1.11350502079189,-7.57007987884233,50.559591970655,7.23009244091296e-10,9.96986895856031e-09,Higher in luminal A
222233_s_at,DCLRE1C,7.71146463760131,6.6036601752179,1.10780446238341,7.47429270890968,53.5826560333947,7.31188332448629e-10,1.00775704755807e-08,Higher in basal-like
223879_s_at,OXR1,7.32271133303271,6.19606540459145,1.12664592844126,7.30248489211552,60.4570461539906,7.32341075862913e-10,1.00909143958681e-08,Higher in basal-like
204619_s_at,VCAN,7.90011253187255,9.72298267873057,-1.82287014685803,-7.16597019508478,67.5649335221662,7.34017605457313e-10,1.01114670139528e-08,Higher in luminal A
221541_at,CRISPLD2,8.18904680617979,9.62865785046459,-1.43961104428481,-7.64140857183689,48.3266727089734,7.38362016146179e-10,1.01661906907057e-08,Higher in luminal A
228303_at,GALNT6,6.21292855019533,8.41575224512695,-2.20282369493163,-8.01691188244175,40.0786657331941,7.39429715526931e-10,1.01757663469507e-08,Higher in luminal A
220168_at,CASC1,3.14103061736931,4.60097154271292,-1.4599409253436,-8.18017601253957,37.4095763042335,7.4439730260453e-10,1.02389742188434e-08,Higher in luminal A
230323_s_at,TMEM45B,3.4559467987541,5.40716575207485,-1.95121895332075,-7.87156009511825,42.7968935101639,7.44822211367712e-10,1.02396666850716e-08,Higher in luminal A
226863_at,FAM110C,5.45660646443397,7.52688559496857,-2.0702791305346,-7.19013777190943,65.8812339876048,7.49346213901622e-10,1.02940965439877e-08,Higher in luminal A
203207_s_at,MTFR1,8.28684578226738,6.95406717940047,1.33277860286691,7.16669330988679,67.0284898900569,7.59949836939245e-10,1.04292814595013e-08,Higher in basal-like
202404_s_at,COL1A2,12.4864944329479,13.8883816293196,-1.40188719637171,-7.41910744545831,55.118478825455,7.66816927997055e-10,1.05129677879235e-08,Higher in luminal A
210029_at,IDO1,8.3238016009601,5.88696927135452,2.43683232960558,7.36454421109361,57.2307011543304,7.68359932864958e-10,1.0531481406215e-08,Higher in basal-like
210832_x_at,PTGER3,4.99533929923092,6.2198957334447,-1.22455643421378,-8.04176447398354,39.376403223561,7.76966858813869e-10,1.06387836227519e-08,Higher in luminal A
212218_s_at,FASN,8.32207131040741,10.1407852949499,-1.81871398454246,-7.75757847187242,45.0152749320233,7.76819430802359e-10,1.06387836227519e-08,Higher in luminal A
204036_at,LPAR1,6.56835041997512,7.9696530923624,-1.40130267238728,-7.16564171868429,66.7620007375185,7.77811579755677e-10,1.06431187022914e-08,Higher in luminal A
231472_at,FBXO15,4.80538797526895,5.84787098274847,-1.04248300747952,-7.53607970836621,50.9824315992202,7.78053963182732e-10,1.06431187022914e-08,Higher in luminal A
220459_at,MCM3AP-AS1,7.07384272203239,5.75915216299629,1.3146905590361,7.1941215171337,65.0806146426582,7.82075367603405e-10,1.06926658473909e-08,Higher in basal-like
229691_at,ZBTB42,5.44291474259666,6.59088817517732,-1.14797343258067,-7.14500714627359,67.8509880510794,7.84977032316946e-10,1.07269730672155e-08,Higher in luminal A
201525_at,APOD,6.8341165407293,9.89800983892266,-3.06389329819336,-7.22552117195602,63.3040013915239,7.88552752809544e-10,1.07677626772882e-08,Higher in luminal A
210042_s_at,CTSZ,7.41175457700916,6.28722811054483,1.12452646646433,7.14147207311238,67.9368245570653,7.91895019597648e-10,1.0797723646772e-08,Higher in basal-like
241700_at,ZFHX4,4.31133032808294,5.62348630030215,-1.31215597221921,-7.31664694251302,58.6851567949047,8.09134515438512e-10,1.10157942309763e-08,Higher in luminal A
235891_at,DNM3OS,4.08383001898403,5.43643390441569,-1.35260388543166,-7.13672436087079,67.8742977506761,8.11141991795787e-10,1.10403755044647e-08,Higher in luminal A
210147_at,ART3,5.98014517211169,3.00400026073524,2.97614491137646,7.96763894163286,40.4257761254524,8.11779599437178e-10,1.10463040316644e-08,Higher in basal-like
1555817_s_at,THSD4,3.25034442660201,4.82219641927953,-1.57185199267752,-8.78234323789356,30.1723057113789,8.17788841733268e-10,1.11225385377528e-08,Higher in luminal A
225871_at,STEAP2,6.33132288611719,8.02028827681082,-1.68896539069363,-7.20879925271836,63.6817464108608,8.19213531468807e-10,1.11391444499023e-08,Higher in luminal A
242086_at,SPATA6,4.89591091883961,6.11350163612846,-1.21759071728886,-7.13148298076038,67.9766512243493,8.23198977382072e-10,1.11850198019182e-08,Higher in luminal A
208669_s_at,EID1,8.80654940849531,9.90531684571278,-1.09876743721747,-7.32454093999009,57.9266766923083,8.40487578381211e-10,1.14000640902984e-08,Higher in luminal A
232889_at,"",10.3382656745672,11.3579061841298,-1.01964050956259,-7.14168750211296,67.0467005632985,8.41575598318738e-10,1.14119905352374e-08,Higher in luminal A
234725_s_at,SEMA4B,7.69189071868191,8.77062324517129,-1.07873252648938,-7.13940834289847,67.0475948446623,8.4948287003388e-10,1.15135041941255e-08,Higher in luminal A
228084_at,PLA2G12A,6.89104366020294,7.94650289273294,-1.05545923253,-7.14063447903392,66.7415563625752,8.63547161577465e-10,1.16983253367809e-08,Higher in luminal A
229927_at,LEMD1,5.04008292781021,3.28013769147834,1.75994523633188,7.88396497176504,41.6220228522336,8.65013152441008e-10,1.17123809087945e-08,Higher in basal-like
215043_s_at,GUSBP3,5.61352452117999,7.45587446038751,-1.84234993920752,-7.43926665780183,53.1418457725601,8.72779962876022e-10,1.18058496957562e-08,Higher in luminal A
227019_at,C1orf226,5.37054061361675,6.79389637521553,-1.42335576159878,-7.27632597532569,59.5791824841468,8.75470461066499e-10,1.1836386611971e-08,Higher in luminal A
201951_at,ALCAM,7.53748245033254,9.36297705506749,-1.82549460473495,-7.14907046811271,65.9394268585235,8.83089371133949e-10,1.19305439502715e-08,Higher in luminal A
226403_at,TMC4,7.62854426474377,9.12445501404613,-1.49591074930236,-7.14501296837002,66.1176036165877,8.86522658949119e-10,1.1962148661906e-08,Higher in luminal A
213234_at,FAM234B,6.32299227760172,8.02342203928114,-1.70042976167942,-7.31173640614767,57.872014348023,8.87582514958587e-10,1.19734946966101e-08,Higher in luminal A
201893_x_at,DCN,10.9230311905142,12.7282684960522,-1.80523730553803,-7.20482243439323,62.8119830884899,8.90725551677375e-10,1.20129303251013e-08,Higher in luminal A
229341_at,TFCP2L1,6.80138659888959,5.74727202246347,1.05411457642612,7.41918163712689,53.5193856744144,9.03586671278402e-10,1.21713725676636e-08,Higher in basal-like
200756_x_at,CALU,9.04668844553177,8.04045912921253,1.00622931631924,7.13154581993958,66.5646760171972,9.07734952514599e-10,1.22159994909395e-08,Higher in basal-like
221729_at,COL5A2,10.12763133657,11.7608712283347,-1.63323989176475,-7.10617643225159,67.9721325132892,9.14725881040135e-10,1.22941586887585e-08,Higher in luminal A
226189_at,ITGB8,9.70865800787268,8.04529242857339,1.66336557929929,7.26482201953175,59.4932922507149,9.22674254670915e-10,1.23979392661913e-08,Higher in basal-like
224975_at,NFIA,7.47192054528391,8.97170794567102,-1.49978740038711,-7.25550125075242,59.858000689795,9.27533868334465e-10,1.24479416424121e-08,Higher in luminal A
226350_at,CHML,9.33798580541281,7.92463651746181,1.413349287951,7.10211723661305,67.7912946560826,9.41746467842895e-10,1.26231890486174e-08,Higher in basal-like
201069_at,MMP2,9.28317323837516,11.0152258722582,-1.73205263388307,-7.09905186636217,67.944548870446,9.43951436898842e-10,1.26496433363834e-08,Higher in luminal A
214806_at,BICD1,7.27933426281834,6.14602089642951,1.13331336638883,7.11926993384472,66.7018315170256,9.45664447127402e-10,1.26694936649573e-08,Higher in basal-like
1555203_s_at,SLC44A4,4.72636534383302,6.65763229099973,-1.93126694716671,-7.11342603776406,67.0105222876315,9.4813778633633e-10,1.26964079029975e-08,Higher in luminal A
232105_at,BLACAT1,5.06440307862639,3.72884849561201,1.33555458301438,7.75197294799805,43.7254720355767,9.56766547754187e-10,1.28037657562554e-08,Higher in basal-like
224848_at,CDK6,7.72970912682388,6.53481118379884,1.19489794302504,7.27159335990184,58.7153789133401,9.6169308710576e-10,1.28590289893635e-08,Higher in basal-like
222456_s_at,LIMA1,4.45240477990147,5.87056318677445,-1.41815840687298,-8.22469018707806,35.4590818841852,9.79728834849521e-10,1.30873867689708e-08,Higher in luminal A
226003_at,KIF21A,7.7003342604867,6.53587042263129,1.16446383785541,7.12657795020587,65.6348637995517,9.89731710838429e-10,1.321454976559e-08,Higher in basal-like
213188_s_at,MINA,8.70517440987063,7.69958932936391,1.00558508050672,7.22513793242168,60.4705391013563,9.92725447722517e-10,1.32480507332752e-08,Higher in basal-like
219740_at,VASH2,7.21081256287645,5.00403959815994,2.20677296471652,7.25378802911343,59.1188472667322,9.95112821453133e-10,1.32734309619298e-08,Higher in basal-like
213933_at,PTGER3,5.35314045271571,8.10472365957477,-2.75158320685906,-8.18018038289642,35.9550990817514,1.00270707870185e-09,1.33649462525655e-08,Higher in luminal A
211475_s_at,BAG1,8.0898697709155,9.09378728529957,-1.00391751438407,-7.61391394429736,46.6226797304354,1.01468803169971e-09,1.35114632569853e-08,Higher in luminal A
216663_s_at,ZMYND10,3.96023361529923,5.11770181226507,-1.15746819696584,-7.98069023263935,38.9249898717422,1.01824289302402e-09,1.35554979732379e-08,Higher in luminal A
205776_at,FMO5,5.06920995887273,7.06794978356791,-1.99873982469518,-8.03507408593005,38.0275043982169,1.01943327004502e-09,1.35663229992935e-08,Higher in luminal A
235392_at,"",5.49403477658909,7.10454141309295,-1.61050663650386,-7.16993359384762,62.75351073734,1.02932827612087e-09,1.369307141044e-08,Higher in luminal A
223075_s_at,AIF1L,8.01738729586601,6.34799118555274,1.66939611031327,7.08487919062763,67.4628698296429,1.03427424615954e-09,1.37555204107936e-08,Higher in basal-like
202647_s_at,NRAS,7.5287959389711,6.17634313865488,1.35245280031622,7.16556710859473,62.4656152021409,1.07121964084996e-09,1.42123110564114e-08,Higher in basal-like
237301_at,"",4.19922089459972,8.38810216582322,-4.18888127122351,-8.75063623652182,29.5031129947466,1.07328934332357e-09,1.4232863169104e-08,Higher in luminal A
1556665_at,TTC6,4.7345589494484,6.54929967756572,-1.81474072811732,-7.9960576407375,38.3654120515885,1.07689167699622e-09,1.4273709682368e-08,Higher in luminal A
205279_s_at,GLRB,4.90968318926977,6.34329626505117,-1.4336130757814,-7.20652335278402,60.2664938588697,1.08663784370479e-09,1.43924234749417e-08,Higher in luminal A
204364_s_at,REEP1,5.68055180241191,8.19382126307334,-2.51326946066143,-7.1711847241588,61.7597889769895,1.10723104764144e-09,1.46368127489835e-08,Higher in luminal A
221900_at,COL8A2,6.48183895322388,8.41690534202381,-1.93506638879992,-7.28702795297427,56.4800634141075,1.10971659880399e-09,1.46661240124748e-08,Higher in luminal A
210180_s_at,TRA2B,7.06087418889271,5.96025672845929,1.10061746043342,7.12805684254926,63.9397386791861,1.11348897419769e-09,1.46982157567017e-08,Higher in basal-like
1557403_s_at,"",4.2410519516466,5.28891194644491,-1.04785999479831,-7.48170916521265,49.5515463842341,1.11848954934445e-09,1.47499797661379e-08,Higher in luminal A
206513_at,AIM2,6.93113890417136,5.23935605684426,1.69178284732709,7.31042850967005,55.4246772967495,1.12211033913849e-09,1.47905937300861e-08,Higher in basal-like
209504_s_at,PLEKHB1,6.65295328300807,4.66107898278347,1.9918743002246,7.06690676313675,67.2670110266277,1.12896250703256e-09,1.48737409812061e-08,Higher in basal-like
235056_at,ETV6,8.47907919888272,7.36537743550746,1.11370176337526,7.05815048461913,67.8017041094977,1.12929572125048e-09,1.4874546750029e-08,Higher in basal-like
1557267_s_at,GEN1,4.05512374917305,3.03968123413198,1.01544251504107,7.67035876020889,44.4444165750517,1.13065246606767e-09,1.4885484279185e-08,Higher in basal-like
205129_at,NPM3,6.66602749187269,5.65706426269857,1.00896322917412,7.17197168934468,61.439242377818,1.13230534485861e-09,1.49034171232895e-08,Higher in basal-like
229893_at,FRMD3,7.66632634934493,5.78560827745253,1.8807180718924,7.32294179586674,54.8259760422575,1.13455872236125e-09,1.49294821047175e-08,Higher in basal-like
240232_at,"",6.1145032738059,4.73746221646995,1.37704105733595,7.05444693744347,67.9566927977533,1.13500209002397e-09,1.49317226352408e-08,Higher in basal-like
1558152_at,LOC100131262,6.83065045727135,5.41730390622042,1.41334655105093,7.22163460947621,58.9572236213604,1.14405416263911e-09,1.50341954199042e-08,Higher in basal-like
238544_at,"",6.76303245652835,8.12805979538791,-1.36502733885956,-7.05734127714733,67.3899176562728,1.1647877241195e-09,1.52978065856914e-08,Higher in luminal A
205585_at,ETV6,7.32988108609489,6.17590033409646,1.15398075199843,7.04933209825083,67.793097890218,1.17200813960289e-09,1.53852449058314e-08,Higher in basal-like
210164_at,GZMB,7.06202124939459,4.81151709682122,2.25050415257337,7.22448297387702,58.4976814246278,1.17736060185955e-09,1.54517981052978e-08,Higher in basal-like
AFFX-DapX-5_at,"",6.64722993998704,8.24964740241828,-1.60241746243124,-7.27727290711132,56.0368419643024,1.20060204388457e-09,1.57228543112308e-08,Higher in luminal A
232282_at,WNK3,5.6179057111393,3.99811984570604,1.61978586543327,7.22795190207695,58.079206546002,1.20497308184766e-09,1.57687657371999e-08,Higher in basal-like
226459_at,PIK3AP1,8.41682137875668,7.12248418923159,1.29433718952508,7.15482973376325,61.4338951797999,1.21265468849891e-09,1.58541116914581e-08,Higher in basal-like
201681_s_at,DLG5,8.84162507986403,10.0298166660157,-1.18819158615165,-7.03793555468289,67.9509564396641,1.21593082404934e-09,1.588554786258e-08,Higher in luminal A
205713_s_at,COMP,6.34993717734877,9.22188061750975,-2.87194344016097,-7.08628370761324,64.9280472424877,1.22729217299863e-09,1.6030148007334e-08,Higher in luminal A
203144_s_at,KIAA0040,6.22700859013265,7.26940697484825,-1.0423983847156,-7.22838345375222,57.8100192954134,1.23190499274871e-09,1.60865549268057e-08,Higher in luminal A
228762_at,LFNG,7.08717466308092,8.30775835903715,-1.22058369595623,-7.61777408891173,45.0882602885209,1.23286244036028e-09,1.60952134495459e-08,Higher in luminal A
204719_at,ABCA8,3.70968727927094,6.29367387431234,-2.58398659504141,-7.24245991072674,57.0732635468927,1.24648948264398e-09,1.62498360666571e-08,Higher in luminal A
215552_s_at,ESR1,4.12431247509361,5.6952144387951,-1.57090196370148,-8.50693037724013,31.1899223155936,1.24793232833168e-09,1.62647675927377e-08,Higher in luminal A
203208_s_at,MTFR1,9.53888542648225,8.42951186900326,1.10937355747899,7.03730490002631,67.5472439250669,1.25217106563993e-09,1.62967038833285e-08,Higher in basal-like
242022_at,"",7.26268425565888,8.43496594470993,-1.17228168905105,-7.07303741026549,65.4114021424821,1.25159753700992e-09,1.62967038833285e-08,Higher in luminal A
233713_at,"",7.25842371883962,6.0436079626252,1.21481575621442,7.21027579335179,58.3569962831979,1.25947777465795e-09,1.63762139094659e-08,Higher in basal-like
238134_at,"",4.09999883307416,5.5064816658784,-1.40648283280424,-7.25399545355194,56.4763520447663,1.25947836285878e-09,1.63762139094659e-08,Higher in luminal A
212899_at,CDK19,8.61498027370548,7.59212011206805,1.02286016163743,7.0723218809158,65.321673319909,1.26324206471106e-09,1.64173424977602e-08,Higher in basal-like
233130_at,"",5.8198495009561,6.95892638203726,-1.13907688108116,-7.03482824126963,67.5111846893468,1.26810481703709e-09,1.64766233059656e-08,Higher in luminal A
229218_at,COL1A2,9.29310062199908,11.150274203478,-1.85717358147895,-7.04266739885827,66.9576939083701,1.27411568700942e-09,1.65468587143088e-08,Higher in luminal A
213285_at,TMEM30B,7.43631164733644,8.6006823055163,-1.16437065817987,-7.0872403566431,64.2570198697067,1.28325162696571e-09,1.66575932346511e-08,Higher in luminal A
224567_x_at,MALAT1,10.388650961025,12.3336586542154,-1.94500769319034,-7.17771963718889,59.5764119378376,1.28888280430682e-09,1.67227497212803e-08,Higher in luminal A
232628_at,"",7.74295422260978,6.64892796502603,1.09402625758375,7.02267934792029,67.9528935550272,1.29518435210347e-09,1.67965380576986e-08,Higher in basal-like
211813_x_at,DCN,10.52431255682,12.4029630163976,-1.87865045957766,-7.05389119174141,66.0011409497081,1.29889126936103e-09,1.68406165881704e-08,Higher in luminal A
207172_s_at,CDH11,7.30627120435098,9.01097998960221,-1.70470878525123,-7.06936307910353,65.0838304355852,1.30030385396796e-09,1.68549343802034e-08,Higher in luminal A
217889_s_at,CYBRD1,6.17425557407994,8.12288140289717,-1.94862582881723,-7.2239402314901,57.3588939655854,1.30453946732178e-09,1.69058296695469e-08,Higher in luminal A
231579_s_at,TIMP2,10.3217889352491,11.5422556328502,-1.22046669760106,-7.04483017245301,66.3519224126159,1.31592052442832e-09,1.70371666287281e-08,Higher in luminal A
203588_s_at,TFDP2,8.24540862315568,7.13587040209211,1.10953822106356,7.01960477048618,67.8494174824105,1.3207373667308e-09,1.70873912744928e-08,Higher in basal-like
223940_x_at,MALAT1,9.4972147477691,12.1247180666511,-2.62750331888202,-7.17132980776262,59.5022723682672,1.32976309941363e-09,1.71999130357188e-08,Higher in luminal A
230722_at,BNC2,6.27470745631302,7.74929448660343,-1.47458703029041,-7.07952804526931,64.1927536922178,1.33017778520756e-09,1.71999130357188e-08,Higher in luminal A
242093_at,SYTL5,3.93778434144942,6.47422264071038,-2.53643829926096,-8.39408779344111,32.094066865188,1.33349278108409e-09,1.7232029734288e-08,Higher in luminal A
237168_at,NEK5,3.49834130821969,5.38828964680037,-1.88994833858067,-8.61363794351791,29.9310232520882,1.3354685205878e-09,1.72494073619508e-08,Higher in luminal A
AFFX-LysX-3_at,"",6.44016994213938,7.46612573741478,-1.0259557952754,-7.63891202785223,43.9926976473714,1.34000976432312e-09,1.7299889932554e-08,Higher in luminal A
204159_at,CDKN2C,8.12670375885344,6.81228192567561,1.31442183317783,7.05822618980809,65.1964179090337,1.34987752034749e-09,1.74190591043189e-08,Higher in basal-like
209897_s_at,SLIT2,7.19680972914348,8.56231496216377,-1.36550523302029,-7.08234741755675,63.7912481073847,1.35422332556925e-09,1.74668932119601e-08,Higher in luminal A
202410_x_at,INS-IGF2,5.48980386983232,6.82533308906371,-1.33552921923139,-7.21440773042499,57.3203028186323,1.35797212836919e-09,1.75069856445616e-08,Higher in luminal A
201413_at,HSD17B4,8.6865202962827,9.83502164881581,-1.14850135253311,-7.01502589003139,67.4070482788074,1.38582812192078e-09,1.78366649166711e-08,Higher in luminal A
229304_s_at,CENPU,6.94537733774737,5.94412672136571,1.00125061638166,7.11177399161383,61.8251270710604,1.39576530772375e-09,1.79476642050319e-08,Higher in basal-like
218704_at,RNF43,6.05943139041306,7.07512742387657,-1.01569603346351,-7.01088512287813,67.4735215654897,1.40357004165189e-09,1.80352977737526e-08,Higher in luminal A
224566_at,MIR612,10.7292619852063,12.1690867912534,-1.43982480604716,-7.05598167209659,64.7403873697889,1.40699376160295e-09,1.80707972552598e-08,Higher in luminal A
238447_at,RBMS3,6.44946260153644,8.11852541244504,-1.66906281090859,-7.00491216910477,67.5446501947001,1.43193853581424e-09,1.83782252219821e-08,Higher in luminal A
225003_at,TMEM205,8.63390120471796,9.69203743542123,-1.05813623070327,-7.02019431678055,66.4519067279048,1.44615764989766e-09,1.85389611976915e-08,Higher in luminal A
206134_at,ADAMDEC1,8.01218124289863,5.46908688575574,2.54309435714289,6.99876969957533,67.7360236550057,1.45049619787467e-09,1.85858635150686e-08,Higher in basal-like
211235_s_at,ESR1,4.64314290480964,5.84486828470048,-1.20172537989084,-8.48266908256012,30.8398957744721,1.45651979873291e-09,1.86578454249216e-08,Higher in luminal A
218984_at,PUS7,9.07455841232077,8.02386238944746,1.05069602287331,6.99571335849047,67.8637261454499,1.45679638077714e-09,1.86578454249216e-08,Higher in basal-like
219436_s_at,EMCN,5.23611202262828,6.62761955355824,-1.39150753092996,-7.08807303478408,62.4620815938972,1.46124205006205e-09,1.87104002546002e-08,Higher in luminal A
215078_at,LOC100129518,5.03240342209497,3.51606810450964,1.51633531758532,7.42924683627703,48.7439872906055,1.4830215930108e-09,1.89316380102418e-08,Higher in basal-like
227094_at,DHTKD1,9.16980926276838,8.06821231346727,1.10159694930111,6.98840020359745,67.7853403656885,1.50926019847462e-09,1.92396365939846e-08,Higher in basal-like
216685_s_at,MTAP,6.5417083834905,5.37461548983552,1.16709289365498,7.18556092516993,57.2519876221758,1.52661735849288e-09,1.94427682449565e-08,Higher in basal-like
216623_x_at,TOX3,4.73129243433793,7.61068271409056,-2.87939027975264,-7.03465733463832,64.7339923883366,1.53502933892656e-09,1.95453491163972e-08,Higher in luminal A
220414_at,CALML5,8.40570351525282,4.91458638534447,3.49111712990836,7.07116506077485,62.3321308493964,1.57890257664259e-09,2.00619331577815e-08,Higher in basal-like
202450_s_at,CTSK,9.79235412392038,11.3677861501586,-1.57543202623824,-7.00000487750747,66.225781033131,1.59526302316682e-09,2.02415887193422e-08,Higher in luminal A
1566901_at,TGIF1,6.49833169620819,7.60534670061929,-1.1070150044111,-7.00894322536307,65.5669644929322,1.60848657288548e-09,2.03809973053334e-08,Higher in luminal A
213392_at,IQCK,7.45658105484887,8.49125911721631,-1.03467806236745,-7.19703060730099,56.1755803823213,1.60912663442571e-09,2.03843833960208e-08,Higher in luminal A
226380_at,PTPN21,6.09159750546986,7.33524356281009,-1.24364605734023,-6.97417801705029,67.6157555666993,1.61844192977971e-09,2.04976401460982e-08,Higher in luminal A
223487_x_at,GNB4,7.01355443430161,5.8988464529555,1.11470798134611,6.97241259558965,67.6958823441011,1.62186460803631e-09,2.05362314600244e-08,Higher in basal-like
235693_at,"",7.56671247566117,9.01159421603848,-1.44488174037731,-7.09957425987098,60.5179748322426,1.62313919569391e-09,2.0542855445501e-08,Higher in luminal A
204981_at,SLC22A18,6.74782383258695,7.85121180073609,-1.10338796814914,-7.17648641288189,56.8992224095742,1.63095825522013e-09,2.06274907712609e-08,Higher in luminal A
237452_at,"",6.30299637633929,4.85242744065373,1.45056893568556,7.11937202308705,59.4344542384838,1.63890508695215e-09,2.07136235850922e-08,Higher in basal-like
213790_at,ADAM12,7.3738867600607,9.26310619433925,-1.88921943427856,-7.03504756836972,63.740564545481,1.64520256967917e-09,2.0771971387002e-08,Higher in luminal A
91826_at,EPS8L1,7.30877123782264,8.3630592513518,-1.05428801352916,-6.96453634121863,67.9783460789284,1.64542127255795e-09,2.0771971387002e-08,Higher in luminal A
203223_at,RABEP1,5.21543603245932,6.44549881297819,-1.23006278051887,-7.6129768959917,43.1577053612886,1.64778457459401e-09,2.07970040664652e-08,Higher in luminal A
204037_at,LPAR1,6.31173768793978,7.48799677229735,-1.17625908435757,-7.00901860265358,65.170911586261,1.65250113687845e-09,2.08469080892546e-08,Higher in luminal A
236471_at,NFE2L3,5.79169046868342,4.23910779842519,1.55258267025823,7.32005725729501,51.1153142100958,1.67925717526185e-09,2.11697915742314e-08,Higher in basal-like
1557810_at,"",6.73115940807848,5.66234777277566,1.06881163530282,6.98558514173832,66.3287692943604,1.68077557416507e-09,2.11840489897361e-08,Higher in basal-like
1553725_s_at,ZNF644,6.66689574035206,5.52805289536076,1.1388428449913,6.99820821270987,65.4338837944431,1.69593488361448e-09,2.13554214098622e-08,Higher in basal-like
227623_at,CACNA2D1,5.71989782230538,7.06767323544372,-1.34777541313834,-6.9684846017088,67.1766616770751,1.70494854280593e-09,2.14639791798099e-08,Higher in luminal A
216176_at,HCRP1,6.14799682672015,7.18515035292362,-1.03715352620347,-6.96729666500178,67.0801371127548,1.72415558777043e-09,2.16907976901399e-08,Higher in luminal A
243303_at,"",6.67158880855597,5.41555255708333,1.25603625147264,7.00947787558061,64.5207145837116,1.72592381970984e-09,2.16980650362464e-08,Higher in basal-like
33148_at,ZFR,5.64469356070677,4.64016310292046,1.00453045778632,7.26041392032312,52.806427116678,1.75207516938211e-09,2.20116520877682e-08,Higher in basal-like
1555125_at,PAXBP1,6.44737015391391,5.33770165015004,1.10966850376387,6.96407162823397,66.8370904311949,1.77524339322029e-09,2.22669035384995e-08,Higher in basal-like
235800_at,"",4.23718398129657,5.27798319826457,-1.040799216968,-7.14412333774415,57.1458801601085,1.80703916318263e-09,2.26345627140917e-08,Higher in luminal A
201983_s_at,EGFR,8.58079849760534,7.01689232586918,1.56390617173616,7.17515457439808,55.742823160511,1.81915531130965e-09,2.27706768877874e-08,Higher in basal-like
208614_s_at,FLNB,9.59921063380624,10.6132750853465,-1.01406445154027,-6.9418035412755,67.780295008781,1.83081732134686e-09,2.29061640834415e-08,Higher in luminal A
203325_s_at,COL5A1,8.33442289503347,9.96030463687022,-1.62588174183675,-6.99978783287497,64.2141073604747,1.83414417644666e-09,2.29425378282364e-08,Higher in luminal A
219454_at,EGFL6,7.4884963196097,5.62583518316394,1.86266113644575,6.93894419981862,67.9325365107292,1.83474539334082e-09,2.29448088702903e-08,Higher in basal-like
230130_at,SLIT2,6.45930404662778,7.87547463689909,-1.41617059027131,-6.95074961844999,67.1568873021045,1.83661150168491e-09,2.29628936324314e-08,Higher in luminal A
232235_at,DSEL,3.73404032653028,5.28982735814437,-1.55578703161409,-7.57717217684064,43.0915400075596,1.87241022598478e-09,2.338908592774e-08,Higher in luminal A
1569868_s_at,EME2,6.74257409952983,7.75053632318416,-1.00796222365433,-7.38996401745082,47.9429124202772,1.87375146193778e-09,2.3400493645831e-08,Higher in luminal A
230493_at,SHISA2,5.36043618672174,8.61036867248341,-3.24993248576167,-7.44628552881839,46.3406193767458,1.87596332662582e-09,2.34227665867245e-08,Higher in luminal A
243666_at,CELF4,4.73535230566366,3.10686300889352,1.62848929677014,7.65366260039569,41.3513547409196,1.89318390881551e-09,2.36000524884833e-08,Higher in basal-like
202697_at,NUDT21,8.53107588747685,7.35629120489805,1.1747846825788,7.03925145741501,61.585322819973,1.89725592288325e-09,2.36346474330467e-08,Higher in basal-like
212272_at,LPIN1,5.81950957029296,4.45010054056122,1.36940902973175,7.52836852614512,44.1026656333752,1.9091302816815e-09,2.37717372240801e-08,Higher in basal-like
226587_at,PWAR6,6.66794047573221,8.24774617499629,-1.57980569926408,-7.06545799396828,60.0416396135187,1.92803888214134e-09,2.40017135430505e-08,Higher in luminal A
218694_at,ARMCX1,8.34405754381259,9.60804264286797,-1.26398509905538,-6.9351298048341,67.1514736364998,1.95938382593207e-09,2.43365085603898e-08,Higher in luminal A
204621_s_at,NR4A2,5.99218208455295,8.06816010275328,-2.07597801820033,-7.11789169692142,57.2494276269402,1.98089036539447e-09,2.45812938556384e-08,Higher in luminal A
206308_at,TRDMT1,6.3748415785956,5.34021120460939,1.03463037398621,7.15029308303633,55.7161015881939,2.00412344910874e-09,2.48583143330354e-08,Higher in basal-like
236236_at,WNK3,5.40481648202653,4.20520457138717,1.19961191063936,7.20162086959997,53.572156699147,2.02013890915637e-09,2.50411244252762e-08,Higher in basal-like
241789_at,RBMS3,4.82913382078671,6.11603907250036,-1.28690525171366,-6.96547433515117,64.8248816803153,2.02023593671502e-09,2.50411244252762e-08,Higher in luminal A
232216_at,YME1L1,7.85906059646352,6.82917084065531,1.02988975580822,7.42252937711563,46.3491458255659,2.03388883675801e-09,2.51944932970524e-08,Higher in basal-like
229007_at,LOC283788,5.13237382200732,6.26003075232776,-1.12765693032044,-6.92024923892906,67.3114885554784,2.06202223427826e-09,2.55243526509313e-08,Higher in luminal A
223654_s_at,CELF4,5.13026143966956,4.03719249455499,1.09306894511457,7.54574789258119,43.1332794942286,2.06481104159684e-09,2.55473056572318e-08,Higher in basal-like
211363_s_at,MTAP,5.75377453235156,4.60715108117363,1.14662345117793,7.16021452888426,54.9721061768983,2.06622435088896e-09,2.55590082318674e-08,Higher in basal-like
227557_at,SCARF2,5.96021380685011,6.97590385463407,-1.01569004778396,-7.07021892234469,58.9172114144385,2.07146951942666e-09,2.56123012154347e-08,Higher in luminal A
208760_at,UBE2I,6.60030712169814,7.65765150242885,-1.05734438073071,-6.96946625363805,64.1127654220882,2.08819570913032e-09,2.57841238474933e-08,Higher in luminal A
208935_s_at,LGALS8,7.48197123163232,8.53329654463576,-1.05132531300344,-6.91867014919273,67.1221144316647,2.10077764549324e-09,2.59277692477072e-08,Higher in luminal A
225743_at,RPUSD3,8.17145530342833,7.08282102991677,1.08863427351156,7.13374657260427,55.7655436829839,2.12460139561177e-09,2.62040562384555e-08,Higher in basal-like
236565_s_at,LARP6,7.52440499226306,5.98471100834542,1.53969398391763,7.25095255282602,51.127423332139,2.1563202801378e-09,2.65593177104155e-08,Higher in basal-like
222314_x_at,EGOT,5.60751709220804,7.5038805018831,-1.89636340967505,-7.16266101376606,54.2235578151289,2.19549617894122e-09,2.70114206983823e-08,Higher in luminal A
214774_x_at,TOX3,4.92569098710184,7.68393660027744,-2.7582456131756,-6.93754301077924,65.2483514476352,2.1990287269419e-09,2.70487954208207e-08,Higher in luminal A
231329_at,"",3.36587320125294,4.6323146656747,-1.26644146442176,-8.07363441690219,33.6581180772227,2.21820499240045e-09,2.72601388985153e-08,Higher in luminal A
218724_s_at,TGIF2,6.78472642427223,5.69729632128027,1.08743010299196,6.91970018818549,66.0787611020399,2.23826695536982e-09,2.75005046707516e-08,Higher in basal-like
233037_at,"",5.84725847162449,6.97400601064869,-1.1267475390242,-6.9394553905599,64.8555946524769,2.24064318842826e-09,2.75173329576179e-08,Higher in luminal A
217428_s_at,COL10A1,7.40155724154847,10.1348562916615,-2.73329905011307,-6.88855763873679,67.9419991831916,2.25873223510246e-09,2.77021500570272e-08,Higher in luminal A
219534_x_at,CDKN1C,5.38807477895468,6.55473150937285,-1.16665673041816,-6.8875474791875,67.9999997897189,2.26002626222305e-09,2.77118044151256e-08,Higher in luminal A
204749_at,NAP1L3,4.11591943564596,5.63348501805088,-1.51756558240492,-7.17356758225833,53.3600453453171,2.28899702047394e-09,2.80293196180095e-08,Higher in luminal A
205692_s_at,CD38,6.85663977346576,5.35093495870298,1.50570481476278,7.06199803412382,58.0456874091764,2.29751088205696e-09,2.81272744013578e-08,Higher in basal-like
1553677_a_at,TIPRL,8.38526863675365,7.2582161820634,1.12705245469025,6.93076831278582,64.9743685842762,2.30253094188717e-09,2.8182422038881e-08,Higher in basal-like
242710_at,"",6.01013824864696,4.64452144333099,1.36561680531597,6.9118370702912,66.104619833052,2.30752663426205e-09,2.82372468057917e-08,Higher in basal-like
238469_at,OGFRL1,6.50723804522523,5.03069318291103,1.4765448623142,6.92746216869606,65.0568404413597,2.3207500816648e-09,2.83736607144505e-08,Higher in basal-like
203819_s_at,IGF2BP3,5.98313442851098,3.56353282192107,2.41960160658991,7.61629796485259,40.7885867217399,2.32918666516788e-09,2.84577164062691e-08,Higher in basal-like
223631_s_at,C19orf33,5.34200124580046,8.30322435702608,-2.96122311122562,-7.64683771523777,40.1723059633446,2.32973848464485e-09,2.84580991170593e-08,Higher in luminal A
235341_at,DNAJC3,7.38889631493661,5.98338381105851,1.40551250387809,7.01832209995058,59.8458623529984,2.35608004719776e-09,2.87618564154488e-08,Higher in basal-like
239069_s_at,"",8.52227560568052,7.19567921309178,1.32659639258874,6.93325965065955,64.3992052781908,2.37015564874906e-09,2.89001472112745e-08,Higher in basal-like
223500_at,CPLX1,3.94184693957885,6.1520371285291,-2.21019018895025,-8.15353305067282,32.2931711854766,2.4232914976925e-09,2.94888632620382e-08,Higher in luminal A
204769_s_at,TAP2,7.20834747476245,5.89494608030916,1.31340139445329,7.10688683534832,55.3223923634119,2.44794898370457e-09,2.97558049542124e-08,Higher in basal-like
207574_s_at,GADD45B,8.37654148047571,9.40078251952499,-1.02424103904928,-7.14691772045754,53.5968600879485,2.47092879534419e-09,3.00151148379124e-08,Higher in luminal A
226134_s_at,MSI2,7.75505100161201,9.00213557697849,-1.24708457536648,-6.90163135450386,65.5958360885531,2.48730375651734e-09,3.02073151682776e-08,Higher in luminal A
230707_at,SORL1,6.02549594175292,7.03738758719246,-1.01189164543954,-6.96770558335908,61.6106082959828,2.51628796947414e-09,3.05457470539517e-08,Higher in luminal A
210148_at,HIPK3,5.2633278701493,4.18304659978694,1.08028127036236,6.90876891899469,64.8869037209919,2.53252361219238e-09,3.07360107650652e-08,Higher in basal-like
229625_at,GBP5,7.40350148445346,5.52285962854881,1.88064185590465,6.88349300523223,66.3776418607378,2.54598654614833e-09,3.08788408186912e-08,Higher in basal-like
236285_at,KLHDC7B,7.97922195528493,5.17519765700925,2.80402429827567,7.19730780622657,51.3912452401261,2.55105204444833e-09,3.09265566585837e-08,Higher in basal-like
205392_s_at,CCL15-CCL14,5.14165235053969,6.75675550877115,-1.61510315823147,-7.46942991515012,43.3897446159502,2.56477848455351e-09,3.10722941819108e-08,Higher in luminal A
1563658_a_at,SYT9,4.27887159211173,5.76784047927789,-1.48896888716616,-8.40592873746535,29.4473530926185,2.56661326373728e-09,3.10876340706326e-08,Higher in luminal A
AFFX-HUMISGF3A/M97935_5_at,STAT1,7.3072802485988,5.44552919222531,1.86175105637349,6.9420501622472,62.5115748067242,2.61060190879595e-09,3.15854523928786e-08,Higher in basal-like
1568574_x_at,SPP1,4.48155375374229,3.10623827055689,1.3753154831854,7.38308122171329,45.4424386922094,2.61191879458683e-09,3.15943938261139e-08,Higher in basal-like
221245_s_at,FZD5,6.61781071415968,5.39015585199431,1.22765486216537,6.88693763356944,65.735260611497,2.61690736407417e-09,3.16477350432991e-08,Higher in basal-like
224976_at,NFIA,7.68614359439529,9.06171483269043,-1.37557123829513,-6.93724428950135,62.6998406358904,2.62576953709211e-09,3.17408687686294e-08,Higher in luminal A
1556942_at,"",5.88616779846663,4.8090222819941,1.07714551647254,6.93959943083988,62.5568150265754,2.62778997867999e-09,3.17582707967127e-08,Higher in basal-like
201399_s_at,TRAM1,10.4402932297984,9.30484844731114,1.13544478248722,6.94159910426524,62.4269366276077,2.63120250585733e-09,3.17784398073226e-08,Higher in basal-like
32128_at,CCL18,7.74151877552155,5.51507840748807,2.22644036803348,7.49351967090879,42.6356450670592,2.63316084963477e-09,3.17950683422662e-08,Higher in basal-like
228686_at,LOC101929964,5.19977769567671,6.44367239187814,-1.24389469620143,-6.94802412629754,62.0369092940734,2.63771989467807e-09,3.18290300687538e-08,Higher in luminal A
1555778_a_at,POSTN,10.2621819254437,12.1923127890472,-1.93013086360342,-6.85039337952043,67.8343696548797,2.66229064881404e-09,3.21184336328128e-08,Higher in luminal A
1552532_a_at,ATP6V1C2,4.92925965517399,3.34526793186477,1.58399172330921,7.51659780470216,42.0133561658634,2.67090904097938e-09,3.22010919108153e-08,Higher in basal-like
242074_at,"",7.4557148074379,6.30949346727993,1.14622134015797,7.02284303280242,58.0512397866072,2.67210898521274e-09,3.22084565181893e-08,Higher in basal-like
209170_s_at,GPM6B,8.6975519774754,7.01395652867026,1.68359544880515,6.96622089767336,60.8779801411783,2.6727379618501e-09,3.2208937197301e-08,Higher in basal-like
229391_s_at,FAM26F,8.79360393225353,6.89582325415796,1.89778067809557,6.84701702669739,67.7994040829783,2.7054697065305e-09,3.25746655372286e-08,Higher in basal-like
233887_at,ADGRG6,5.10966335081149,4.01409578591968,1.0955675648918,7.37598008306314,45.2365785796794,2.74712769525206e-09,3.30398606990555e-08,Higher in basal-like
227727_at,MRGPRF,5.5376224773543,6.66615423290644,-1.12853175555214,-7.30266409954905,47.2791716896244,2.7525309475203e-09,3.3090287941001e-08,Higher in luminal A
206392_s_at,RARRES1,9.37596346484063,6.59840835670026,2.77755510814037,6.84223090772768,67.7811164302982,2.76255420678557e-09,3.32034845583647e-08,Higher in basal-like
228439_at,BATF2,6.61916420588433,5.35561657396871,1.26354763191562,6.93583032146371,61.9647524087633,2.78343882400351e-09,3.34271760561338e-08,Higher in basal-like
222858_s_at,DAPP1,7.81008558306876,6.4409683340625,1.36911724900627,6.90316972628895,63.712650034862,2.80508220375602e-09,3.36702238178618e-08,Higher in basal-like
208850_s_at,THY1,7.99257606999889,9.31736828879378,-1.32479221879489,-6.84302875204459,67.4254808377165,2.81438219907364e-09,3.37744395817276e-08,Higher in luminal A
231033_at,DSC2,6.18227860293451,4.71387175779437,1.46840684514014,7.26949550688487,48.004137417947,2.84203498783335e-09,3.40838479841606e-08,Higher in basal-like
241797_at,"",6.27582904902396,5.18314470042166,1.0926843486023,6.89499628395151,63.8762464077881,2.86675609654731e-09,3.43501839970905e-08,Higher in basal-like
207836_s_at,RBPMS,6.47248052473306,7.92357780023043,-1.45109727549736,-6.84332848677248,67.0539617765755,2.87642006509436e-09,3.44508799691203e-08,Higher in luminal A
231855_at,KIAA1524,5.53524501279994,4.49900208121088,1.03624293158906,6.89094068924413,64.0605017767319,2.87779344969305e-09,3.44597803026647e-08,Higher in basal-like
204900_x_at,SAP30,8.78711736899549,7.57409307434624,1.21302429464926,6.83179763611681,67.7741605633529,2.88534042317944e-09,3.45283934386505e-08,Higher in basal-like
209924_at,CCL18,7.3761060867504,5.49862955870055,1.87747652804985,7.29197696969697,47.1883826583133,2.88790513997415e-09,3.4550593769822e-08,Higher in basal-like
244571_s_at,TTC12,4.45209443801582,5.48621901509324,-1.03412457707742,-7.79247035241115,36.3240037818615,2.90285059044676e-09,3.47142073562285e-08,Higher in luminal A
244033_at,CEP128,5.90106379357675,4.81436626323916,1.08669753033758,6.99766045632682,58.1098161361185,2.93160244746174e-09,3.50427118091322e-08,Higher in basal-like
218844_at,ACSF2,6.65644960243127,7.79660578044831,-1.14015617801704,-7.08974452216565,54.0415251408486,2.9341153592014e-09,3.50650835550463e-08,Higher in luminal A
AFFX-r2-Bs-thr-5_s_at,"",5.47903950872201,6.96636171138824,-1.48732220266623,-6.97534467029576,58.9206538999288,2.9967676212707e-09,3.57201372777362e-08,Higher in luminal A
204368_at,SLCO2A1,5.54369991071197,6.55113783720858,-1.00743792649661,-6.88526669597403,63.6910043530952,3.01919040737697e-09,3.59638857349316e-08,Higher in luminal A
230441_at,PLEKHG4B,6.27441848916175,4.92436976338489,1.35004872577686,7.01252611822319,57.0539354980471,3.01896655798284e-09,3.59638857349316e-08,Higher in basal-like
207417_s_at,ZNF559-ZNF177,5.31298833187639,6.75288162291961,-1.43989329104322,-6.94239934198309,60.4938913072268,3.02176044951477e-09,3.59866592413897e-08,Higher in luminal A
203922_s_at,CYBB,7.08739400119495,5.66190686704497,1.42548713414998,6.82019037687143,67.7895024411339,3.02407808219947e-09,3.60064174965714e-08,Higher in basal-like
217504_at,ABCA6,3.86964456316697,5.13919173295434,-1.26954716978737,-7.69645203707303,37.6534817154546,3.04436761021986e-09,3.62243305960328e-08,Higher in luminal A
212276_at,LPIN1,8.69379572973778,7.2565807185935,1.43721501114428,7.06358350884292,54.685113241429,3.05247425272254e-09,3.63049879851218e-08,Higher in basal-like
210056_at,RND1,5.40217710576248,6.64786152762653,-1.24568442186405,-7.52227647505521,40.9526475687046,3.06932688019171e-09,3.6470081409028e-08,Higher in luminal A
238805_at,HSPB2-C11orf52,6.04984128690139,7.51398019101317,-1.46413890411178,-6.87160322557343,64.2047202611948,3.08135391281347e-09,3.65768617418751e-08,Higher in luminal A
226675_s_at,MALAT1,8.58722579263231,10.3951017023484,-1.80787590971612,-6.84354549923895,65.926591797964,3.08547423052472e-09,3.66178214790404e-08,Higher in luminal A
1556685_at,"",3.94895151047046,5.00183014980311,-1.05287863933265,-7.36975451116206,44.2663496344036,3.18078893171088e-09,3.77162513210349e-08,Higher in luminal A
239286_at,CDH11,5.44566447666752,6.64940555337585,-1.20374107670832,-7.01546401999842,56.1675234013311,3.21676942786567e-09,3.81214470253015e-08,Higher in luminal A
212473_s_at,MICAL2,8.91187090031757,10.0219372118463,-1.11006631152868,-6.860482152288,64.1126817295007,3.24273148974798e-09,3.83841403338321e-08,Higher in luminal A
213182_x_at,CDKN1C,5.510421352133,6.67703570168674,-1.16661434955373,-6.79967467019549,67.9466016255252,3.26022365418248e-09,3.85661463203002e-08,Higher in luminal A
52255_s_at,COL5A3,6.43036796340587,7.56211297558107,-1.1317450121752,-6.86485134546613,63.73762256256,3.26741774258174e-09,3.86428866700533e-08,Higher in luminal A
205161_s_at,PEX11A,5.5816295693297,6.62673452316568,-1.04510495383598,-6.85097357185257,64.545313281134,3.27432574018349e-09,3.87162110390425e-08,Higher in luminal A
235226_at,CDK19,6.38016374727712,5.12440895052861,1.25575479674851,6.79868258906069,67.8933271512632,3.28408648051238e-09,3.88232277453004e-08,Higher in basal-like
229499_at,CAPN13,6.35423165880234,7.44859453994595,-1.09436288114361,-6.92444879846306,60.032782803953,3.35685397744999e-09,3.96320430181555e-08,Higher in luminal A
241864_x_at,"",5.07862209116972,6.83376426705488,-1.75514217588516,-7.32803955718989,44.9334297598305,3.36083245405347e-09,3.96618852634089e-08,Higher in luminal A
213664_at,SLC1A1,5.35337377791928,8.61501220356151,-3.26163842564223,-7.3244457136104,45.0054035707474,3.37125162465308e-09,3.97676769315873e-08,Higher in luminal A
228821_at,ST6GAL2,4.02915046191554,6.05489154353384,-2.0257410816183,-7.05386155948193,53.9136831808944,3.39502601086478e-09,4.00308490713892e-08,Higher in luminal A
218312_s_at,ZSCAN18,7.59217088311616,8.85747723772805,-1.26530635461189,-6.83402929100939,64.991176693995,3.40617973999765e-09,4.01537035973203e-08,Higher in luminal A
202768_at,FOSB,5.89804921290064,8.50478387990148,-2.60673466700084,-7.49016350105642,40.8882343069978,3.43566747343555e-09,4.04664194549954e-08,Higher in luminal A
230178_s_at,ELP2,6.37094709694087,8.14866166876397,-1.7777145718231,-7.34570198279379,44.1972781472176,3.48019309411058e-09,4.0921806273001e-08,Higher in luminal A
227446_s_at,DHRS4-AS1,7.41718128338545,8.43351399746034,-1.01633271407489,-6.7880801937072,67.4730602852796,3.5186483049597e-09,4.13369351254129e-08,Higher in luminal A
210809_s_at,POSTN,11.9941582812392,13.3610570545635,-1.36689877332435,-6.79008327469924,67.3171450523203,3.52282246252694e-09,4.13681954765164e-08,Higher in luminal A
33322_i_at,SFN,10.9364905670233,9.6226504833331,1.31384008369023,6.92756203668124,59.1572119787414,3.54428297555088e-09,4.16112672725455e-08,Higher in basal-like
221103_s_at,CFAP44,4.65219897095422,5.75962666188493,-1.10742769093071,-6.91320089705507,59.876997183702,3.54955748464017e-09,4.16553027415113e-08,Higher in luminal A
225078_at,EMP2,8.89244996995795,10.1495213213428,-1.25707135138484,-6.79964121382569,66.4883835738442,3.56374379959908e-09,4.18038387133833e-08,Higher in luminal A
207173_x_at,CDH11,9.01978546831621,10.9418642215117,-1.92207875319546,-6.78050260120963,67.764536537178,3.56721315876278e-09,4.18355597287334e-08,Higher in luminal A
208305_at,PGR,3.25505754339496,5.25717280823614,-2.00211526484118,-8.34194153048785,28.8160654815605,3.57271972257795e-09,4.18911539420866e-08,Higher in luminal A
203632_s_at,GPRC5B,8.429756718788,7.05374821498817,1.37600850379983,6.82811642754233,64.4285237808789,3.6190248796163e-09,4.23977255823915e-08,Higher in basal-like
209624_s_at,MCCC2,6.24016596197769,7.77056675374046,-1.53040079176277,-7.36933145418787,43.2975725408355,3.62235781385647e-09,4.24173424532235e-08,Higher in luminal A
209443_at,SERPINA5,5.17315652781706,7.51278483871395,-2.33962831089689,-7.42789111116186,41.8920569199502,3.62919677385811e-09,4.24804824685704e-08,Higher in luminal A
208140_s_at,DRC3,4.45467041359725,5.76305409910597,-1.30838368550872,-7.89810978563827,33.6157709622717,3.657414446518e-09,4.27467154474929e-08,Higher in luminal A
229390_at,FAM26F,9.22806222539235,7.23918471622534,1.98887750916701,6.76911315820157,67.9770054640852,3.69180214034324e-09,4.3120974583052e-08,Higher in basal-like
229942_at,BNC2,4.80445788529688,6.06583686210695,-1.26137897681007,-7.33526926140181,43.8779891060382,3.75769471311214e-09,4.3851870285569e-08,Higher in luminal A
222396_at,HN1,9.43038683184913,8.41139518954927,1.01899164229987,6.76682338820781,67.7557697177534,3.77606173824896e-09,4.40298945486803e-08,Higher in basal-like
209969_s_at,STAT1,9.01538719956775,6.99918622599621,2.01620097357154,6.81433764828987,64.5475263707318,3.79670411063763e-09,4.42234335852391e-08,Higher in basal-like
1557948_at,PHLDB3,6.13373936767569,7.22134085613786,-1.08760148846218,-6.7893514578641,66.0909981885288,3.80956470302025e-09,4.43531548742784e-08,Higher in luminal A
221585_at,CACNG4,5.11019812877488,6.22041216503188,-1.11021403625701,-7.27084147291749,45.3926954783186,3.8563072483235e-09,4.48317241765016e-08,Higher in luminal A
219225_at,PGBD5,6.07239710490873,4.33418783086931,1.73820927403942,7.16162244365675,48.6853870065126,3.8575515935723e-09,4.48366567556475e-08,Higher in basal-like
222837_s_at,NAA15,5.03033498520102,3.89205463303375,1.13828035216728,6.92512958285216,58.177830111613,3.86059215539236e-09,4.4862460381738e-08,Higher in basal-like
209167_at,GPM6B,8.53915783914781,6.92280021628883,1.61635762285898,6.84634059620357,62.3272557502884,3.87484334122762e-09,4.5000160509712e-08,Higher in basal-like
222108_at,AMIGO2,7.38642474371679,9.1593476877626,-1.77292294404582,-6.77999291071964,66.4070576443575,3.88137998076315e-09,4.50561465919798e-08,Higher in luminal A
230425_at,EPHB1,4.93964529185402,3.56184972529905,1.37779556655497,7.13182474786735,49.4970965178253,3.93402339004606e-09,4.56163685594233e-08,Higher in basal-like
214452_at,BCAT1,4.9637936640849,3.72527934076406,1.23851432332084,7.08914107280531,50.9774131953727,3.94433204606655e-09,4.57189643033048e-08,Higher in basal-like
219763_at,DENND1A,5.83957356804752,4.65309611086078,1.18647745718673,6.79338104592218,65.2669996806676,3.94660674046069e-09,4.57356344923036e-08,Higher in basal-like
241368_at,PLIN5,6.37669139748044,7.45352584028471,-1.07683444280427,-7.78273154798076,34.8544587115283,3.95441164178946e-09,4.58163713741976e-08,Higher in luminal A
221958_s_at,WLS,6.3523007237459,8.08335389380604,-1.73105317006014,-6.84471298164796,61.8879810177275,4.02089267146214e-09,4.65176273407094e-08,Higher in luminal A
AFFX-r2-Bs-phe-M_at,"",5.04590604398616,6.38326313611709,-1.33735709213094,-7.57026360499249,38.2131998364366,4.07063187570014e-09,4.70432884810622e-08,Higher in luminal A
205528_s_at,RUNX1T1,4.68507151151569,6.13582232252332,-1.45075081100763,-6.78175056725676,65.4035142861764,4.10197374568702e-09,4.73254725776404e-08,Higher in luminal A
221872_at,RARRES1,9.52718000376659,6.95287778542954,2.57430221833705,6.73865100187545,67.9510370449508,4.19241871631188e-09,4.82708860155564e-08,Higher in basal-like
206391_at,RARRES1,8.52864849906885,6.03483762650258,2.49381087256627,6.79651696549396,64.0471616085354,4.21490697646291e-09,4.85055859688717e-08,Higher in basal-like
202235_at,SLC16A1,5.08829213103297,4.03256802093917,1.05572411009379,6.8193563444159,62.6552655726201,4.21930098820622e-09,4.85459346654409e-08,Higher in basal-like
238466_at,"",3.60049305544955,4.91110232203011,-1.31060926658056,-7.57068230085703,37.9056992278163,4.279086685393e-09,4.91125422583275e-08,Higher in luminal A
236808_at,FGFR1OP2,6.76939534707574,5.75731088274124,1.01208446433451,6.74458343680903,67.1172137778389,4.29805581271886e-09,4.92964551207056e-08,Higher in basal-like
204464_s_at,EDNRA,7.65486697734813,9.09767179325221,-1.44280481590407,-6.7680029130386,65.517946790423,4.30665336222606e-09,4.93743494610421e-08,Higher in luminal A
238478_at,BNC2,5.92017702465344,7.42994218600558,-1.50976516135214,-6.85228958964764,60.4314580239899,4.32795119189282e-09,4.95769393288791e-08,Higher in luminal A
219558_at,ATP13A3,6.85036384671671,5.52182204723964,1.32854179947707,6.93145004653716,56.446721480487,4.3293847317829e-09,4.95829723942669e-08,Higher in basal-like
215271_at,TNN,5.24735882947378,6.79347322803304,-1.54611439855926,-7.10814381018934,49.3376762593184,4.354154337233e-09,4.98144775869877e-08,Higher in luminal A
218699_at,RAB29,8.76727503642922,7.71080101192024,1.05647402450898,7.12961303533672,48.5861053246185,4.36826378263821e-09,4.99549931637197e-08,Higher in basal-like
232344_at,"",5.87673034902996,6.97717355387517,-1.10044320484521,-6.82324324999438,61.8435697548782,4.39237971657646e-09,5.01887901784364e-08,Higher in luminal A
207749_s_at,PPP2R3A,8.26199159958355,7.19486297843842,1.06712862114512,6.76515980904866,65.2781951996402,4.42249055708678e-09,5.0480098373428e-08,Higher in basal-like
222885_at,EMCN,6.25215709714225,7.52346200291095,-1.2713049057687,-6.75120259037825,66.1824041787606,4.42620581747371e-09,5.05014196724489e-08,Higher in luminal A
219602_s_at,PIEZO2,5.60660851010925,7.63192713633354,-2.02531862622429,-7.37675061623095,41.635890418187,4.44546804062852e-09,5.0675033930517e-08,Higher in luminal A
229576_s_at,TBX3,5.17106513052098,6.89311477599947,-1.72204964547849,-7.45346679422848,39.9549957516275,4.44605647489145e-09,5.0675033930517e-08,Higher in luminal A
212593_s_at,MIR4680,10.2153444729736,11.5101872131175,-1.29484274014388,-6.74430679650038,66.472851777463,4.47289474197508e-09,5.09596832709914e-08,Higher in luminal A
223343_at,MS4A7,8.25920444844358,9.99294460064125,-1.73374015219767,-6.98747193128688,53.5840060487873,4.48125592762054e-09,5.10443058005527e-08,Higher in luminal A
AFFX-PheX-M_at,"",5.42079459801037,6.59584214635648,-1.17504754834611,-7.64190755941974,36.3349280563609,4.53008412853631e-09,5.15467949485375e-08,Higher in luminal A
229010_at,CBL,6.52220718495848,5.36493106316079,1.15727612179769,7.0263899590094,51.7361771633721,4.60569692376394e-09,5.23418165260431e-08,Higher in basal-like
226319_s_at,ALYREF,8.88789140387445,7.54846354584128,1.33942785803317,6.71489636697208,67.9829941525747,4.61507283214187e-09,5.24215907872307e-08,Higher in basal-like
219689_at,SEMA3G,4.29941327359352,5.45921014627875,-1.15979687268524,-6.80090791385159,62.343263919377,4.63866527698988e-09,5.26726945003991e-08,Higher in luminal A
233154_at,"",3.4082590018491,4.54373118484858,-1.13547218299947,-8.0716272288378,30.4505607249407,4.66444331927356e-09,5.29324280783067e-08,Higher in luminal A
224694_at,ANTXR1,9.13141302721959,10.6245986162004,-1.4931855889808,-6.72856962710351,66.7215283311361,4.69932490356146e-09,5.32619380394326e-08,Higher in luminal A
203626_s_at,SKP2,5.64049874207162,4.23106527678723,1.40943346528439,7.26118243013162,43.9033184032708,4.80206674879356e-09,5.43587990663122e-08,Higher in basal-like
212558_at,SPRY1,7.20708417339986,8.39209060624592,-1.18500643284605,-6.72076490341077,66.7526992161737,4.84278297035143e-09,5.48083541511e-08,Higher in luminal A
205746_s_at,ADAM17,6.24104880119055,5.08978042157434,1.15126837961621,6.9011903092759,56.2679607616028,4.93049776256774e-09,5.57088169391178e-08,Higher in basal-like
231152_at,INO80D,4.97165279197071,3.75435969153884,1.21729310043187,6.94051364029346,54.3393582676566,4.99672150472976e-09,5.64337426711629e-08,Higher in basal-like
214705_at,PATJ,6.68961692407714,7.82735139328106,-1.13773446920392,-6.69470950214702,67.9060651031243,5.03752538844668e-09,5.6824159400314e-08,Higher in luminal A
239134_at,"",6.12120365732345,5.08844095482118,1.03276270250227,6.89539810583998,56.2661059949019,5.04129304138463e-09,5.68549292569523e-08,Higher in basal-like
226847_at,FST,5.04157506785127,7.18868054951188,-2.14710548166061,-6.71371569919272,66.5348979934551,5.04954967232027e-09,5.69208661615104e-08,Higher in luminal A
204770_at,TAP2,6.2239983108873,5.05844478811559,1.16555352277171,6.78562513390885,61.8208181147819,5.10772818344772e-09,5.74619420637869e-08,Higher in basal-like
212444_at,GPRC5A,6.95149320777484,8.79172833408227,-1.84023512630742,-6.83109192160831,59.2964537643089,5.10905887727856e-09,5.74650882771457e-08,Higher in luminal A
210854_x_at,SLC6A8,7.99621695143334,6.89950333681552,1.09671361461782,6.70654176044303,66.7832323260442,5.12363394111569e-09,5.76171710675649e-08,Higher in basal-like
236335_at,GUCY1A2,3.78319150653895,5.29452061084225,-1.5113291043033,-7.3013115043342,42.3532367993971,5.15212427646966e-09,5.79018283280531e-08,Higher in luminal A
1563010_at,ITGB8,5.77997808515294,4.28395126479383,1.49602682035911,6.76287371436872,62.9364766108053,5.18867172516244e-09,5.82526953949191e-08,Higher in basal-like
228557_at,L3MBTL4,5.54322528099448,4.2939618376357,1.24926344335877,7.01688380950054,50.771657398979,5.23335929807064e-09,5.86941373583614e-08,Higher in basal-like
227705_at,TCEAL7,3.72566243608921,5.23851765767526,-1.51285522158605,-6.7209471618637,65.2837065180704,5.28938013201683e-09,5.92737976466531e-08,Higher in luminal A
219209_at,IFIH1,8.65924272056169,6.86277911166074,1.79646360890096,6.69854657725551,66.7358533013965,5.30879124601812e-09,5.94669455800124e-08,Higher in basal-like
1556473_at,LOC285097,2.96190191893555,4.60848650614375,-1.6465845872082,-8.16806290858931,28.9359189991217,5.3350172858677e-09,5.97240110779722e-08,Higher in luminal A
235318_at,FBN1,5.76648428527523,7.29886762127027,-1.53238333599505,-6.85692180820376,56.7663746819164,5.60943162767881e-09,6.2565417022305e-08,Higher in luminal A
219121_s_at,ESRP1,9.68836351124282,8.37717808844366,1.31118542279916,6.8065383834016,59.2882359414289,5.62566121881647e-09,6.27208456645169e-08,Higher in basal-like
204304_s_at,PROM1,10.0239103965124,6.73723534628549,3.2866750502269,6.78872162835019,59.9901782660017,5.73334308687908e-09,6.3856291154026e-08,Higher in basal-like
242913_at,CLIC6,4.09253113658463,6.35063818671506,-2.25810705013043,-7.19244808173958,44.3225328796858,5.74250369149914e-09,6.39322723137275e-08,Higher in luminal A
218901_at,PLSCR4,6.63376846587769,7.79181173685355,-1.15804327097586,-6.70952801292199,64.5785366776635,5.78646621998598e-09,6.43823851399539e-08,Higher in luminal A
218975_at,COL5A3,6.32574408409183,7.42024527412444,-1.09450119003262,-6.81088996236963,58.5426334765654,5.84388452072137e-09,6.49815713179664e-08,Higher in luminal A
242982_x_at,ITGB8,5.5634211540433,4.49187929706758,1.07154185697572,6.93999539887068,52.4765945233538,5.90574685361522e-09,6.5602744660994e-08,Higher in basal-like
236179_at,CDH11,5.83903517345449,7.6932025061374,-1.85416733268291,-6.79717304497035,59.115446658983,5.90875790764073e-09,6.56095326158117e-08,Higher in luminal A
225242_s_at,CCDC80,7.45934656221862,9.64985665550013,-2.19051009328151,-6.78006850328553,60.0095847755912,5.92281247032221e-09,6.57522379319527e-08,Higher in luminal A
203697_at,FRZB,5.68583608602642,7.46875358207807,-1.78291749605165,-6.69954806253494,64.8219331870812,5.93432426116904e-09,6.58666623993945e-08,Higher in luminal A
227874_at,EMCN,4.96114504371927,6.34061708830485,-1.37947204458557,-6.75066819683266,61.6294655394606,5.94369448222787e-09,6.59572753837647e-08,Higher in luminal A
229302_at,TMEM178A,3.75707794028302,5.04438785358948,-1.28730991330646,-7.19328856716862,43.9573672153383,5.99160014572016e-09,6.64214797176095e-08,Higher in luminal A
210236_at,PPFIA1,6.58712186372024,5.55949424297471,1.02762762074554,6.71338552681019,63.6691038634891,6.03272396424753e-09,6.68367138288214e-08,Higher in basal-like
240192_at,GATA3-AS1,4.21513254832955,6.11867699074409,-1.90354444241454,-7.8419317820323,31.9901389575973,6.04187443646878e-09,6.69152920732699e-08,Higher in luminal A
218002_s_at,CXCL14,7.85590360175615,10.9334495966422,-3.07754599488601,-6.64804772776795,67.9989720849218,6.07193543864671e-09,6.72302693616867e-08,Higher in luminal A
203627_at,IGF1R,7.0855907724398,8.84766006707538,-1.76206929463559,-6.76501589225957,60.3806249662175,6.12070947851505e-09,6.77428726189899e-08,Higher in luminal A
205671_s_at,HLA-DOB,6.92838864338207,5.50807368656539,1.42031495681668,6.67386429597525,65.6958992299422,6.24474863016148e-09,6.89482292718253e-08,Higher in basal-like
231793_s_at,CAMK2D,6.71129654762008,5.42527859548101,1.28601795213908,6.76799665179773,59.9322921173804,6.24363520664714e-09,6.89482292718253e-08,Higher in basal-like
214295_at,KIAA0485,7.76744181719045,9.38027190263689,-1.61283008544644,-6.80426038284987,57.9340468915962,6.27522468582946e-09,6.92427668411151e-08,Higher in luminal A
1556602_at,"",5.21365390606242,6.60485825644489,-1.39120435038247,-7.12839894255363,45.361801086738,6.30083031501299e-09,6.94832386997449e-08,Higher in luminal A
235489_at,RHOJ,4.88493521824803,6.23775600085198,-1.35282078260395,-6.67335519962783,65.4655664620569,6.3446612263117e-09,6.99242798928829e-08,Higher in luminal A
223502_s_at,TNFSF13B,9.54509176232081,7.90700044473549,1.63809131758532,6.63496711942273,67.9668801826356,6.4191334654676e-09,7.07022808671316e-08,Higher in basal-like
240903_at,"",5.19415100151163,4.15770983495176,1.03644116655988,6.94998759560283,51.1040564596846,6.46474529116511e-09,7.11616566930647e-08,Higher in basal-like
210145_at,PLA2G4A,6.23839132303621,4.41591196477647,1.82247935825974,6.79032415531465,58.1862521574885,6.49824643995187e-09,7.14728674520959e-08,Higher in basal-like
219268_at,ETNK2,4.98266464647717,6.06202880125589,-1.07936415477872,-6.92836595522011,51.8581195680375,6.52195012888401e-09,7.16903142936737e-08,Higher in luminal A
232231_at,RUNX2,7.9549595865789,9.18001908733312,-1.22505950075422,-6.6504229391447,66.563591398236,6.52741389250734e-09,7.17243073632222e-08,Higher in luminal A
223395_at,ABI3BP,6.04465060012797,8.10738560545276,-2.06273500532479,-6.62869420805499,67.9988860821513,6.57510119851284e-09,7.2216484135936e-08,Higher in luminal A
232304_at,PELI1,8.42430065249854,7.33174848316104,1.0925521693375,6.63587254022816,67.3682678163005,6.61477886725846e-09,7.26230993107142e-08,Higher in basal-like
227209_at,CNTN1,5.08855314960521,6.74430819112788,-1.65575504152267,-6.74997045803838,60.1029254936399,6.62026961326027e-09,7.2668789621563e-08,Higher in luminal A
202718_at,IGFBP2,7.05968410929374,9.25347995712743,-2.19379584783369,-6.71602520856205,62.0141984931913,6.64556424567073e-09,7.28711739010183e-08,Higher in luminal A
229975_at,BMPR1B,5.53167558365665,9.36657040858238,-3.83489482492574,-7.15351348909141,44.1988230029231,6.64961315396076e-09,7.28738422916024e-08,Higher in luminal A
222146_s_at,TCF4,8.05580784377906,9.13416662662993,-1.07835878285087,-6.63875814666624,66.9029888881737,6.71300512600408e-09,7.34801912440987e-08,Higher in luminal A
200641_s_at,YWHAZ,10.745805064341,9.34051047592536,1.40529458841568,6.65095686397544,65.9754797833308,6.74113669368867e-09,7.37585848964235e-08,Higher in basal-like
205194_at,PSPH,6.45766710548706,5.3628226145747,1.09484449091237,6.63079167846125,67.1518319025327,6.83741092945809e-09,7.46476522699923e-08,Higher in basal-like
222803_at,PRTFDC1,7.89026226846335,6.2557672898332,1.63449497863015,6.64002722515498,66.3424125552093,6.89808408651612e-09,7.52349386455753e-08,Higher in basal-like
209168_at,GPM6B,6.8160926934822,5.49450393939949,1.32158875408272,6.61800218062431,67.7739758748608,6.95719500660765e-09,7.5824920089892e-08,Higher in basal-like
205029_s_at,FABP7,6.17375474332526,2.93525569022155,3.23849905310371,7.29070493683934,40.3986720414888,6.99578681748289e-09,7.62093333823226e-08,Higher in basal-like
219869_s_at,SLC39A8,6.67751613644393,5.30132542443497,1.37619071200896,6.61912829890911,67.5567522568363,7.00982067364281e-09,7.63337449378676e-08,Higher in basal-like
213909_at,LRRC15,7.85287019990747,10.046922853305,-2.19405265339751,-6.66889836026291,64.015063932965,7.05755134675328e-09,7.68209476177057e-08,Higher in luminal A
215363_x_at,FOLH1B,6.282980114613,5.1206539416405,1.16232617297249,6.70060304813231,61.9458006326517,7.09676671174445e-09,7.72324283369084e-08,Higher in basal-like
213843_x_at,SLC6A8,7.92466014553263,6.73720150467393,1.18745864085871,6.64758476190681,65.0844118929229,7.20540970974454e-09,7.83679681480571e-08,Higher in basal-like
1552378_s_at,RDH10,6.24426266458633,4.32407316211195,1.92018950247438,7.09589905910762,45.1331819822621,7.23240239010596e-09,7.86459030785687e-08,Higher in basal-like
201505_at,LAMB1,8.40399478570894,9.49752608462188,-1.09353129891295,-6.60548786578138,67.7693174800943,7.32583897995317e-09,7.95353944060642e-08,Higher in luminal A
215243_s_at,GJB3,6.0136115759223,4.97918042765009,1.03443114827222,6.86764474637473,52.7428125138786,7.53334197133444e-09,8.16261340235257e-08,Higher in basal-like
232530_at,PLD1,6.18877819920426,4.91128003893385,1.27749816027041,6.60841253090619,66.9809821080652,7.56557201235695e-09,8.19428783232204e-08,Higher in basal-like
210458_s_at,TANK,6.11519850837503,5.02310626854949,1.09209223982554,6.59173822121285,67.8460654361913,7.71832362712821e-09,8.34414624069336e-08,Higher in basal-like
241355_at,HR,6.83816535728608,5.75325269882444,1.08491265846164,6.80004328227367,55.2662163411458,7.84717894401085e-09,8.46575589510247e-08,Higher in basal-like
225207_at,PDK4,5.71691898199753,7.54135601514523,-1.8244370331477,-6.67577168131395,61.847699244747,7.881211801167e-09,8.49576607312314e-08,Higher in luminal A
225293_at,COL27A1,9.80088323991572,8.34715370799844,1.45372953191728,6.58198063152945,67.9915021949489,7.96991846705641e-09,8.5846196254198e-08,Higher in basal-like
202503_s_at,KIAA0101,10.1074673434368,8.43531020759852,1.67215713583832,6.68351137764294,61.2005458941836,7.97656037570946e-09,8.58861208878966e-08,Higher in basal-like
211535_s_at,FGFR1,7.6061370602618,8.70331077222329,-1.09717371196149,-6.58557473291584,67.6124041891224,8.01864231735446e-09,8.63030056498731e-08,Higher in luminal A
223878_at,INPP4B,3.21682596329105,4.77733882812531,-1.56051286483426,-7.93760614852882,29.6313831882582,8.04651705273749e-09,8.65519023919777e-08,Higher in luminal A
230653_at,"",7.81044377667239,9.12868285615709,-1.3182390794847,-6.63640755334049,63.9596474746446,8.06856914294585e-09,8.67379115003076e-08,Higher in luminal A
243036_at,CCDC30,3.49394860820309,4.58038386679431,-1.08643525859122,-7.71777930266564,32.2140452643473,8.09150255820991e-09,8.69502559689714e-08,Higher in luminal A
205239_at,AREG,5.12052069398072,8.44285680812251,-3.32233611414179,-7.1216524828777,43.4679526710606,8.09638565177602e-09,8.69856328376604e-08,Higher in luminal A
230650_at,SLCO5A1,4.77417072937638,3.34721819702023,1.42695253235615,7.05084364444956,45.3598256272331,8.21975736911173e-09,8.81898026209152e-08,Higher in basal-like
205257_s_at,AMPH,4.8057609687898,5.88081952695279,-1.075058558163,-6.62169376237859,64.5506388060157,8.25911468311146e-09,8.85933431186461e-08,Higher in luminal A
221210_s_at,NPL,7.46971621458211,6.14348571935376,1.32623049522834,6.5869476848283,66.8312764247216,8.3285291054241e-09,8.92342404152582e-08,Higher in basal-like
1565951_s_at,CHML,6.30454516732378,4.99576084673015,1.30878432059362,6.58258662544403,66.9575050936413,8.41827279302531e-09,9.01074911821963e-08,Higher in basal-like
1566482_at,"",4.61771534779896,5.7491997962173,-1.13148444841834,-6.58566084451432,66.7168490264752,8.42644314077982e-09,9.01772908048809e-08,Higher in luminal A
228806_at,RORC,5.10696478737165,6.43873641677469,-1.33177162940305,-6.56806998314854,67.8579796618143,8.49999069171224e-09,9.08221596774216e-08,Higher in luminal A
1552288_at,CILP2,4.53840439623951,5.74725959722414,-1.20885520098464,-7.48378688858947,35.3871734555598,8.56388695692837e-09,9.14691383805546e-08,Higher in luminal A
237227_at,NEK10,3.87947660473785,5.90228408565606,-2.02280748091821,-7.92889129412015,29.4353599256703,8.62795565408502e-09,9.21354444115427e-08,Higher in luminal A
229802_at,WISP1,6.68081445862119,8.66919689403029,-1.9883824354091,-6.61192655702614,64.2227066839617,8.76105836689385e-09,9.33744378576845e-08,Higher in luminal A
238581_at,GBP5,7.02910209290083,5.00325886297285,2.02584322992798,6.59326499585998,65.3258304627319,8.84805690395404e-09,9.42473297538754e-08,Higher in basal-like
240099_at,"",4.91549578591176,5.9941408057569,-1.07864501984514,-7.31055748378323,38.3820351228781,8.84813065618002e-09,9.42473297538754e-08,Higher in luminal A
221698_s_at,CLEC7A,8.66824465178735,7.34636399002897,1.32188066175838,6.57026174945074,66.5896775546077,9.03648863168127e-09,9.60665012516379e-08,Higher in basal-like
200629_at,WARS,10.3026873904456,8.97547391275578,1.32721347768978,6.65684193822688,60.7988022796989,9.09933438191353e-09,9.66031276371111e-08,Higher in basal-like
227458_at,CD274,6.81681357149322,5.12484527865987,1.69196829283335,6.56709229065252,66.7002719076358,9.09738298243009e-09,9.66031276371111e-08,Higher in basal-like
201825_s_at,SCCPDH,8.18248966686331,9.18359468649006,-1.00110501962675,-6.57313084747133,65.9984127797105,9.23521893681552e-09,9.7855735536897e-08,Higher in luminal A
219821_s_at,GFOD1,8.3007765590982,7.16213987909979,1.13863667999841,6.65844662719861,60.4535803035405,9.25260537173468e-09,9.80209646773093e-08,Higher in basal-like
215049_x_at,CD163,9.36834864790142,7.72011016771149,1.64823848018993,6.67457866299851,59.3087624670243,9.39151218764495e-09,9.93193285995141e-08,Higher in basal-like
228977_at,LOC729680,6.69635304399312,5.3051183945722,1.39123464942092,6.56442102576813,66.0659897839376,9.53088608511061e-09,1.00701778580538e-07,Higher in basal-like
205357_s_at,AGTR1,4.06625571771049,7.30030991513473,-3.23405419742423,-7.78891920575549,30.5444390202726,9.59099698710078e-09,1.01225802675375e-07,Higher in luminal A
243584_at,"",4.55957030332892,5.61360844228389,-1.05403813895497,-6.61740090047973,62.3410108935402,9.62459155048826e-09,1.01528949068676e-07,Higher in luminal A
202430_s_at,PLSCR1,8.65581721037992,7.59790721495652,1.0579099954234,6.57972944180427,64.7346591517373,9.67362569812495e-09,1.01987174131312e-07,Higher in basal-like
234081_at,"",4.04363119276503,5.16345276440698,-1.11982157164195,-6.84822319986037,50.6522469858795,9.75982383516776e-09,1.02777035475308e-07,Higher in luminal A
226702_at,CMPK2,9.04430490983249,7.07702179669228,1.96728311314021,6.54943796206054,66.6940233389063,9.77913503718769e-09,1.02960563866404e-07,Higher in basal-like
229163_at,CAMK2N1,5.97692951343934,7.01600947348636,-1.03907996004702,-6.63872319557113,60.7767980233092,9.78519563769619e-09,1.03004538215448e-07,Higher in luminal A
243349_at,KIAA1324,5.6749281704944,7.20973171022128,-1.53480353972689,-6.55685031216897,65.9685639388178,9.88253494528915e-09,1.03949133923371e-07,Higher in luminal A
205363_at,BBOX1,6.9799279782674,4.69607773698615,2.28385024128125,6.6197429746549,61.6294052560816,9.97672300060442e-09,1.04899486549624e-07,Higher in basal-like
33323_r_at,SFN,10.3355025337034,8.93421443407314,1.40128809963025,6.63474789070132,60.6584934820441,1.00170015679981e-08,1.05221817623496e-07,Higher in basal-like
230418_s_at,GALNT16,4.88841427203435,6.62111947831694,-1.73270520628259,-6.72759451947828,55.5413758759782,1.00976847623544e-08,1.06028598882605e-07,Higher in luminal A
224583_at,COTL1,9.3183448580517,7.96682963251479,1.35151522553691,6.52557770971761,67.8798556980516,1.01057412038992e-08,1.06092818802456e-07,Higher in basal-like
215108_x_at,TOX3,5.02473194369131,7.41560484520324,-2.39087290151193,-6.57355433556482,64.3925659679871,1.01186673110784e-08,1.06190311304204e-07,Higher in luminal A
205098_at,CCR1,7.51653582630122,6.08609396231765,1.43044186398357,6.58958990075292,63.3045882882127,1.01286446553092e-08,1.06272048844566e-07,Higher in basal-like
223378_at,GLIS2,7.88777665170752,9.11739274015668,-1.22961608844916,-6.54193958776955,66.5412745876763,1.01680261063324e-08,1.06601863942359e-07,Higher in luminal A
225973_at,TAP2,8.52214301129251,7.00685545549191,1.5152875558006,6.52064100357437,67.9892957092951,1.0252225481076e-08,1.07403799229322e-07,Higher in basal-like
206698_at,XK,4.71917618699956,3.35429475843213,1.36488142856742,6.99099402449763,45.1700397959543,1.03085838661877e-08,1.07952848665737e-07,Higher in basal-like
215599_at,GUSBP9,8.14016434077815,9.38370604855874,-1.2435417077806,-6.81908473603576,51.2077212431711,1.03167709174794e-08,1.08017895425735e-07,Higher in luminal A
223194_s_at,SLC22A23,6.79756609934266,7.94966276366566,-1.152096664323,-6.54744945379728,65.8658455659273,1.03262175181731e-08,1.08096102394431e-07,Higher in luminal A
243729_at,"",5.89958775674626,7.48669898648625,-1.58711122973998,-6.52769022411975,66.8056571457658,1.06192080655489e-08,1.10971942084076e-07,Higher in luminal A
205287_s_at,TFAP2C,6.73608815531475,5.38527519890861,1.35081295640614,6.57463686073533,63.4854113542774,1.06348677806226e-08,1.11109638242607e-07,Higher in basal-like
219716_at,APOL6,7.88498577686243,6.62739085809006,1.25759491877237,6.62887138450836,59.5792470301325,1.10152515202023e-08,1.147815660124e-07,Higher in basal-like
1554519_at,CD80,5.90919278204321,4.7603146221209,1.14887815992231,6.55553110647233,63.9937768258266,1.11367625714538e-08,1.15959339857977e-07,Higher in basal-like
214897_at,"",4.18194969581765,5.31093755664591,-1.12898786082826,-7.10931655387944,41.1769613174322,1.12904792601849e-08,1.17470400295073e-07,Higher in luminal A
210375_at,PTGER3,3.23088612309297,5.17708128004423,-1.94619515695126,-7.59605906260122,32.2084851674824,1.1331647440748e-08,1.17809055680338e-07,Higher in luminal A
220386_s_at,EML4,7.77972859744617,6.61025838291209,1.16947021453409,6.49640300029592,67.9771805333908,1.13301709818985e-08,1.17809055680338e-07,Higher in basal-like
206600_s_at,SLC16A5,6.04183471087097,7.19509115592516,-1.15325644505419,-6.59126133868211,61.3284773333299,1.13802589370901e-08,1.1824698924086e-07,Higher in luminal A
214850_at,SMA4,6.1802471337559,7.73551448357232,-1.55526734981642,-6.64905101570785,57.9159226309626,1.14288368531014e-08,1.1870662137981e-07,Higher in luminal A
232226_at,LRRC4C,4.56931024552581,6.11467342985585,-1.54536318433004,-7.33104283955126,36.3381084565252,1.14793865560069e-08,1.19099727043871e-07,Higher in luminal A
212338_at,MYO1D,6.65466159724606,7.71125627134696,-1.0565946741009,-6.49388595065566,67.290612449423,1.18723489336848e-08,1.22869710003638e-07,Higher in luminal A
222587_s_at,GALNT7,7.09589503412214,8.6046706126712,-1.50877557854906,-6.66256365608022,56.5131706454337,1.20100527015373e-08,1.24200800351155e-07,Higher in luminal A
219310_at,SYNDIG1,5.08231631789623,6.49877163909035,-1.41645532119412,-7.0954694441046,41.0375904164553,1.20280851029892e-08,1.24363758132741e-07,Higher in luminal A
202403_s_at,COL1A2,12.6080079865498,13.9124632392733,-1.30445525272354,-6.60452800906084,59.6760191950295,1.20328561885806e-08,1.24389565534249e-07,Higher in luminal A
221824_s_at,MARCH8,7.42655366908117,8.4265813221197,-1.00002765303853,-6.8880923532261,46.8689034002057,1.22479418156822e-08,1.2637407412199e-07,Higher in luminal A
204533_at,CXCL10,10.3971513510788,7.69356869669389,2.70358265438491,6.51835799005086,64.9125003733056,1.22589558814491e-08,1.26463851475138e-07,Higher in basal-like
219385_at,SLAMF8,6.49545181461233,5.32192361659233,1.17352819802,6.47488859003635,67.9547457787446,1.23882566084046e-08,1.27605111165132e-07,Higher in basal-like
202007_at,NID1,7.92064448079527,9.07808321080834,-1.15743873001307,-6.4818340516993,67.411457906361,1.23908844590578e-08,1.27608138594648e-07,Higher in luminal A
225240_s_at,MSI2,8.48946045766211,9.6399148070087,-1.15045434934659,-6.51075833422036,65.1381598137858,1.24792995959232e-08,1.2837529354499e-07,Higher in luminal A
228003_at,RAB30,5.98302229679035,7.38732075606605,-1.4042984592757,-7.23965734726972,37.5651563698981,1.24818118058559e-08,1.2837529354499e-07,Higher in luminal A
229238_at,C17orf97,6.20663794128931,7.21505648579116,-1.00841854450185,-6.61962959666365,58.1889279519262,1.25578398926981e-08,1.29060130852118e-07,Higher in luminal A
237377_at,"",5.44967308569616,6.99871346212335,-1.5490403764272,-6.49255679805619,65.8248195050807,1.29258862494035e-08,1.32543666670318e-07,Higher in luminal A
205529_s_at,RUNX1T1,5.32567715322194,6.76259789708305,-1.43692074386111,-6.47084412612187,67.3083334908445,1.30300885773204e-08,1.33436990628393e-07,Higher in luminal A
201826_s_at,SCCPDH,5.77922262152401,6.82582167405621,-1.0465990525322,-6.51843737868781,63.5112654448604,1.32902369353177e-08,1.35872046454468e-07,Higher in luminal A
1553186_x_at,RASEF,8.45896458677633,9.58440968845702,-1.12544510168069,-6.47097073237989,66.8487024455382,1.33455873000755e-08,1.36361425085335e-07,Higher in luminal A
229158_at,WNK4,4.6493097737517,6.41136195527515,-1.76205218152345,-6.71869188401357,52.4315994064988,1.34068034251075e-08,1.36910156381725e-07,Higher in luminal A
202363_at,SPOCK1,6.35482558839462,8.18884240175609,-1.83401681336147,-6.46397212117994,67.2752391234742,1.34237906899268e-08,1.37045151510009e-07,Higher in luminal A
244231_at,LOC149684,5.34719366534115,4.22054444570371,1.12664921963744,6.97361850108913,43.236190771487,1.3662786392211e-08,1.39286882089749e-07,Higher in basal-like
221185_s_at,IQCG,8.16806003552784,6.61332869982321,1.55473133570464,6.51745582592529,63.0854388029898,1.36822126198535e-08,1.39436155636624e-07,Higher in basal-like
204163_at,EMILIN1,6.08728011936254,7.40105374359001,-1.31377362422747,-6.61305565921987,57.2120914983603,1.37940367296782e-08,1.40471029650802e-07,Higher in luminal A
225802_at,TOP1MT,7.61591746145808,6.52302108347772,1.09289637798036,6.47929476943157,65.5901311100126,1.38154014589368e-08,1.40662397535823e-07,Higher in basal-like
205487_s_at,VGLL1,6.06241971061617,4.58196606673146,1.4804536438847,6.78050201879367,49.4370779775035,1.39372788656309e-08,1.41806900913221e-07,Higher in basal-like
244349_at,"",7.23087823285096,5.97665177491577,1.25422645793519,6.87914947354486,45.6333223620837,1.43839109727488e-08,1.45907297297781e-07,Higher in basal-like
AFFX-ThrX-5_at,"",5.20365489407909,6.34340238874443,-1.13974749466534,-6.6676098560624,53.7970580663697,1.44988691506406e-08,1.47018855862625e-07,Higher in luminal A
210692_s_at,SLC43A3,8.34108511528633,7.25947461836935,1.08161049691698,6.47597794503087,64.8931166533032,1.45540583248597e-08,1.47551110497257e-07,Higher in basal-like
214130_s_at,LOC101930416,7.41582893931581,6.12849666803065,1.28733227128517,6.53515998487904,60.6003035644854,1.48586979251251e-08,1.50360782723712e-07,Higher in basal-like
202952_s_at,ADAM12,7.28085336743225,8.85756185728431,-1.57670848985206,-6.63363923196319,55.0051320293178,1.49971743682897e-08,1.51649807395272e-07,Higher in luminal A
212327_at,LIMCH1,7.15916393513726,8.64841739226036,-1.4892534571231,-6.42754939935527,67.8208144465058,1.51386844776403e-08,1.52967579710772e-07,Higher in luminal A
208555_x_at,CST2,4.75005037956502,5.95097225493591,-1.20092187537089,-7.21300747328046,36.7336501096019,1.53970283768084e-08,1.55262361951678e-07,Higher in luminal A
212096_s_at,MTUS1,8.15745780612567,9.38096478816946,-1.22350698204378,-6.49672257022396,62.2920702937736,1.55754821859876e-08,1.5691717127674e-07,Higher in luminal A
1559051_s_at,MB21D1,5.65937127331318,4.56695221489673,1.09241905841645,6.65966270888525,53.08453450838,1.58055787307436e-08,1.59059454648151e-07,Higher in basal-like
209681_at,SLC19A2,7.72225308087015,8.99688764166172,-1.27463456079157,-6.60966758013347,55.2256628907913,1.61445356341472e-08,1.62112485913131e-07,Higher in luminal A
204502_at,SAMHD1,7.33380009687652,6.13929154215403,1.19450855472249,6.42024904079182,66.8764514260008,1.63770516036328e-08,1.64236114532029e-07,Higher in basal-like
230404_at,C5orf63,4.51032885999393,5.55291850971376,-1.04258964971983,-6.79581598710437,47.0286517082392,1.66354202360739e-08,1.66521713915661e-07,Higher in luminal A
214981_at,POSTN,5.19021501904584,6.84674050598448,-1.65652548693864,-6.70754557694168,50.3816416198241,1.66438576931334e-08,1.66545190221828e-07,Higher in luminal A
227092_at,LOC101927752,5.83065537322357,6.95595834312546,-1.12530296990189,-6.47076798553508,62.8756270407888,1.66774305633357e-08,1.66820072457077e-07,Higher in luminal A
224221_s_at,VAV3,5.20893774272448,7.0623230924719,-1.85338534974742,-6.42473180204903,66.0091182976883,1.68356862233218e-08,1.68187674814566e-07,Higher in luminal A
218756_s_at,DHRS11,6.79015986569178,5.60245791593459,1.18770194975719,6.39730734807225,67.9998928679426,1.69737348910209e-08,1.69442935031325e-07,Higher in basal-like
235856_at,"",5.78777065854618,7.54341391386899,-1.75564325532281,-6.46462875343905,62.8638442966142,1.71006615738518e-08,1.70585417177586e-07,Higher in luminal A
217763_s_at,RAB31,9.52474967053412,10.6474662150882,-1.12271654455405,-6.46809890581968,62.4470394220361,1.72843237995341e-08,1.72228978264904e-07,Higher in luminal A
229566_at,WFDC21P,6.4992306715342,5.39875253342783,1.10047813810638,6.71414821114923,49.524423569695,1.75403383114754e-08,1.74557334761543e-07,Higher in basal-like
224568_x_at,MALAT1,8.8609801251486,11.3444960790768,-2.48351595392821,-6.44996190725281,63.4117366918023,1.75627888627634e-08,1.74748950149516e-07,Higher in luminal A
213058_at,TTC28,6.01984097101729,7.04587446622405,-1.02603349520676,-6.50042434936405,60.0303363045476,1.7644482954007e-08,1.75497927143957e-07,Higher in luminal A
220540_at,KCNK15,3.32919692179039,4.38311281053722,-1.05391588874683,-7.43533403948512,32.1874192272809,1.77685919308009e-08,1.76668078526376e-07,Higher in luminal A
240382_at,LOC101928076,5.77297503922935,4.62241048520943,1.15056455401992,6.63928574807382,52.4751615201525,1.78989889684745e-08,1.77738325799372e-07,Higher in basal-like
209433_s_at,PPAT,8.31060301848315,6.97060223717602,1.34000078130713,6.38983808052066,67.3672403511698,1.80689584965857e-08,1.79328427264625e-07,Higher in basal-like
242600_at,FRMD3,5.89682582332012,4.31624084823351,1.58058497508662,6.76402373130368,47.2977373902548,1.8108334569468e-08,1.79653999743361e-07,Higher in basal-like
244080_at,"",6.22430723553458,5.1797137615561,1.04459347397848,6.5123877687677,58.8730225590825,1.81454203377941e-08,1.79989270132237e-07,Higher in basal-like
229169_at,CFAP70,3.79897244124923,5.14212465545892,-1.34315221420969,-6.72925598062499,48.4548417371519,1.8331983521996e-08,1.81642116539531e-07,Higher in luminal A
231578_at,GBP1,6.27634066633269,4.78393887342991,1.49240179290278,6.41852688997374,64.7980944399936,1.84284244164838e-08,1.82432392716142e-07,Higher in basal-like
219806_s_at,SMCO4,9.24385666627041,8.10553169764795,1.13832496862246,6.8827437635864,43.1960038359415,1.86039865571017e-08,1.84070388166764e-07,Higher in basal-like
209815_at,PTCH1,6.84319797640053,5.4483492703423,1.39484870605823,6.37567346846982,67.8672356531136,1.86647668863678e-08,1.84538178935292e-07,Higher in basal-like
228950_s_at,WLS,5.44826744529225,7.04578896324551,-1.59752151795326,-6.43636184513672,62.9646331381432,1.90199205252784e-08,1.87913652822478e-07,Higher in luminal A
206307_s_at,FOXD1,5.98904831376784,4.34335174985979,1.64569656390805,6.76767667346173,46.6037585384272,1.91449522433848e-08,1.89080611254888e-07,Higher in basal-like
217678_at,SLC7A11,5.94040869206578,4.45642702322841,1.48398166883737,6.37873222706935,66.3628185955097,1.99034173355486e-08,1.9584436278156e-07,Higher in basal-like
204439_at,IFI44L,10.1538804972395,7.82431071254919,2.32956978469026,6.42452062362883,62.9758737009983,1.99222782655309e-08,1.95955695999301e-07,Higher in basal-like
235343_at,VASH2,6.79301490960561,4.69170137710161,2.101313532504,6.39251475552817,65.2750480093951,1.99372254711817e-08,1.96055360186486e-07,Higher in basal-like
209522_s_at,CRAT,7.20222567685435,8.44288379791788,-1.24065812106352,-6.56969500668844,54.3814625065374,1.99800918931448e-08,1.9640624312436e-07,Higher in luminal A
203753_at,TCF4,8.89375897827898,9.89896410638344,-1.00520512810445,-6.36377485895966,67.2399840847878,2.02191299024879e-08,1.98613174167899e-07,Higher in luminal A
212730_at,SYNM,8.88353493318303,6.73544410533266,2.14809082785037,6.35387650360868,67.9462018715129,2.03198187880645e-08,1.9938731016465e-07,Higher in basal-like
209211_at,KLF5,6.1575912456387,4.63778200128332,1.51980924435538,6.42459396687634,62.5862106124975,2.03670777857623e-08,1.99743493800279e-07,Higher in basal-like
209542_x_at,IGF1,6.28586818460906,7.84482017760709,-1.55895199299803,-6.45490926573416,60.5498710454244,2.04044288190697e-08,2.00038039390826e-07,Higher in luminal A
215076_s_at,COL3A1,12.7452485596445,13.9049439924983,-1.15969543285384,-6.58923425931867,53.1065763102333,2.04799884198518e-08,2.00706823239899e-07,Higher in luminal A
1558569_at,LOC100131541,7.9614432070709,6.88420584728181,1.07723735978909,6.34641023199324,67.9960096686477,2.08964799797535e-08,2.04531873056395e-07,Higher in basal-like
203946_s_at,ARG2,5.51071063594606,4.19644505209731,1.31426558384875,6.53787082689231,55.3286034526934,2.10018255012449e-08,2.05526187449537e-07,Higher in basal-like
205453_at,HOXB2,7.14485748449773,8.77875232957606,-1.63389484507833,-6.43930090978686,60.7732246066393,2.13956911613235e-08,2.09118593894416e-07,Higher in luminal A
226237_at,COL8A1,8.09243822383307,10.3001828555242,-2.20774463169108,-6.34208703884916,67.6068743116039,2.16809810350107e-08,2.11604362386507e-07,Higher in luminal A
231882_at,"",8.71604886890276,7.5147109902128,1.20133787868996,6.35742023751596,66.1199182394141,2.19677396605974e-08,2.14097355783095e-07,Higher in basal-like
203666_at,CXCL12,7.97371494304009,9.13609465725846,-1.16237971421837,-6.43129152940581,60.6869153796721,2.21923209351501e-08,2.16016583074476e-07,Higher in luminal A
225597_at,SLC45A4,7.66870796620235,6.62112539549802,1.04758257070433,6.39149486308068,63.1830437903663,2.2447936948695e-08,2.18271554805246e-07,Higher in basal-like
222774_s_at,NETO2,5.96074078866402,4.42011541827779,1.54062537038622,6.32855623239498,67.9846464526326,2.24865593213408e-08,2.18569356603433e-07,Higher in basal-like
235606_at,DUBR,5.18530735404731,6.31232202130203,-1.12701466725472,-6.99240993854562,38.8087780654994,2.25276284966778e-08,2.18929628164924e-07,Higher in luminal A
204934_s_at,HPN,6.10081147859761,7.35826703248561,-1.25745555388799,-6.32555016521114,67.804576741961,2.29651863247325e-08,2.22808121820589e-07,Higher in luminal A
227192_at,PRRT2,5.84700096452651,6.92475392787107,-1.07775296334456,-6.62279014198216,50.1951999249172,2.29743421175255e-08,2.2283522357206e-07,Higher in luminal A
227860_at,CPXM1,5.98597538680102,7.47291631078177,-1.48694092398075,-6.53603450988863,54.1193792987153,2.31055508346479e-08,2.23948943783792e-07,Higher in luminal A
218922_s_at,CERS4,5.55039420513579,6.59824113747573,-1.04784693233994,-6.33353730461364,66.9970902140147,2.31399379804709e-08,2.24242486544177e-07,Higher in luminal A
228141_at,GPX8,6.48201685111113,7.76970544594056,-1.28768859482943,-6.32472152061106,67.704915789179,2.31557476560687e-08,2.24316177019056e-07,Higher in luminal A
220254_at,LRP12,4.7329732754009,3.71347670747715,1.01949656792376,6.69511033913693,47.2093088361623,2.32554717427394e-08,2.25122683699411e-07,Higher in basal-like
232481_s_at,SLITRK6,4.89176310967822,7.7971184561541,-2.90535534647588,-6.88611075564153,41.1231347209482,2.35093322946753e-08,2.27459342277716e-07,Higher in luminal A
218858_at,DEPTOR,7.17746414765415,8.55388670213842,-1.37642255448427,-6.3760294750221,63.272760934452,2.37502804008355e-08,2.29547605170438e-07,Higher in luminal A
205018_s_at,MBNL2,6.20006943074273,4.87572364869372,1.32434578204901,6.35472096917605,64.8232980508241,2.3767994409246e-08,2.29636878304563e-07,Higher in basal-like
214858_at,PP14571,3.61946659109295,5.57182405740689,-1.95235746631395,-7.53216739676941,29.4927847790563,2.38061679839665e-08,2.29965059103068e-07,Higher in luminal A
229152_at,FDCSP,9.1642998498229,4.8151492573388,4.3491505924841,6.50461731491579,55.2258539292217,2.39799358523413e-08,2.31520924020265e-07,Higher in basal-like
241804_at,LOC102724275,4.82972698680861,5.96303054308793,-1.13330355627932,-6.74868518453371,44.993195838743,2.4076078338757e-08,2.32367093234164e-07,Higher in luminal A
227126_at,PTPRG,5.75620586693735,6.81846339094931,-1.06225752401196,-6.31150664705107,67.8065356930528,2.43135874556315e-08,2.34369780348493e-07,Higher in luminal A
240827_at,GATA3-AS1,3.98662552599572,5.35584948474147,-1.36922395874575,-7.35013250262523,31.6639884373158,2.48915675147468e-08,2.39476764713845e-07,Higher in luminal A
218532_s_at,FAM134B,5.91354059259116,7.55595916270871,-1.64241857011755,-6.54293583784107,52.7261591045283,2.50307965866798e-08,2.40562278674059e-07,Higher in luminal A
210895_s_at,CD86,7.44301251489979,6.20761458429364,1.23539793060615,6.30040430915977,67.9409710250146,2.52718522976678e-08,2.42750970550771e-07,Higher in basal-like
205909_at,POLE2,7.00993512834815,5.91566967377959,1.09426545456855,6.33965431315177,64.7182020423766,2.53868063445357e-08,2.4368392501536e-07,Higher in basal-like
240052_at,ITPR1,5.38544116620476,6.60914828040115,-1.22370711419638,-6.32267328449089,65.4713397834354,2.61270092347674e-08,2.49998990183918e-07,Higher in luminal A
212448_at,NEDD4L,6.04392285975071,7.08319664926524,-1.03927378951452,-6.35515430924963,62.5698410478215,2.68287191016383e-08,2.56220125219577e-07,Higher in luminal A
242628_at,"",5.9507018892438,4.92396982778935,1.02673206145445,6.60169551676129,49.1622466507097,2.70912450818313e-08,2.58231141012749e-07,Higher in basal-like
209574_s_at,LDLRAD4,6.63082982323138,7.7883923035116,-1.15756248028022,-6.53101973019108,52.1450484574756,2.73610721163939e-08,2.60621362014605e-07,Higher in luminal A
205364_at,ACOX2,5.32995024646108,7.10964196167488,-1.7796917152138,-6.96505700854684,37.9230750019716,2.77153747434153e-08,2.63674632694663e-07,Higher in luminal A
235144_at,RASEF,7.572220862726,9.01436374562532,-1.44214288289932,-6.33634767379491,63.3258719382433,2.77204708884258e-08,2.63677234833799e-07,Higher in luminal A
207056_s_at,SLC4A8,3.90025954109203,5.49327121221464,-1.5930116711226,-7.18163398017656,33.6942838490633,2.77349623027562e-08,2.63769188363749e-07,Higher in luminal A
203675_at,NUCB2,8.45675153328117,9.53924055187696,-1.0824890185958,-6.69930959214117,45.2381633355694,2.78092652719391e-08,2.64383859979703e-07,Higher in luminal A
204114_at,NID2,8.00515132509787,9.20223902118687,-1.19708769608899,-6.2753423185864,67.7554193897302,2.82342201632921e-08,2.67976600852521e-07,Higher in luminal A
220613_s_at,SYTL2,4.73938860328587,5.91756233836803,-1.17817373508216,-7.14963909264061,34.0652271918123,2.85847326234009e-08,2.7104929867923e-07,Higher in luminal A
222685_at,HAUS6,7.91635194571722,6.84661008722402,1.0697418584932,6.47756120409622,54.0204578029364,2.89452258113359e-08,2.74134803609005e-07,Higher in basal-like
204885_s_at,MSLN,5.67523606562099,3.73249527334293,1.94274079227806,6.8161103781898,41.2600499886843,2.90632147625435e-08,2.75204583848644e-07,Higher in basal-like
1555737_a_at,KLK4,4.18559684922986,5.18612128132472,-1.00052443209486,-7.28145024125645,31.8442077278195,2.90965832088262e-08,2.7542515355654e-07,Higher in luminal A
205472_s_at,DACH1,3.48257255772991,5.21733697200575,-1.73476441427583,-6.86801292513839,39.8720241061399,2.91108181787184e-08,2.75512200782661e-07,Higher in luminal A
235821_at,WISP1,5.11040947894468,6.64010026151778,-1.5296907825731,-6.36570186652585,60.2925171051757,2.93511380068881e-08,2.77546432121516e-07,Higher in luminal A
214845_s_at,CALU,8.94307081838221,7.80168794187426,1.14138287650795,6.33114009337425,62.4559460491566,2.96848375941152e-08,2.80507863024239e-07,Higher in basal-like
209437_s_at,SPON1,5.29158511532247,6.51666356846808,-1.22507845314561,-6.41447520591758,57.0487843199025,2.97805585123944e-08,2.81266546323227e-07,Higher in luminal A
203645_s_at,CD163,9.18898757298297,7.6032580889911,1.58572948399187,6.39578980689894,58.1055975513628,2.98788410448669e-08,2.82097329326213e-07,Higher in basal-like
213158_at,ZBTB20,8.31316509334027,9.39596498076642,-1.08279988742616,-6.35455121897508,60.6373575870531,3.00381939068532e-08,2.83406083150509e-07,Higher in luminal A
219956_at,GALNT6,7.43871898359001,9.6064831399609,-2.16776415637089,-6.72778019193925,43.3885695048228,3.06189745831729e-08,2.88197902013586e-07,Higher in luminal A
210176_at,TLR1,7.03063014496018,5.51412007209102,1.51651007286916,6.25123425316189,67.8150915514818,3.10500674983174e-08,2.919453895908e-07,Higher in basal-like
206157_at,PTX3,5.98616067164919,3.74464411240297,2.24151655924622,6.57302576083383,48.7569000666241,3.10862111992861e-08,2.92234972029052e-07,Higher in basal-like
232067_at,FAXC,6.37737814201226,5.06541020549656,1.3119679365157,6.28823311038903,64.7394915510006,3.11471767397802e-08,2.92657138382451e-07,Higher in basal-like
206204_at,GRB14,6.0735350253665,4.01911807493815,2.05441695042835,6.32505879699413,61.8757921597851,3.14050422355545e-08,2.94826697154694e-07,Higher in basal-like
1554406_a_at,CLEC7A,6.31007475131956,5.16772144136203,1.14235330995753,6.43579567655301,55.0116703105644,3.15319527250339e-08,2.95865713959366e-07,Higher in basal-like
242912_at,POTEM,5.9312567634513,7.64209161996596,-1.71083485651466,-6.59917933385689,47.5167522371279,3.16483060534836e-08,2.96753752953904e-07,Higher in luminal A
208691_at,TFRC,11.3902876847897,10.08595218618,1.30433549860969,6.47513681408123,52.9218183874773,3.16730195024985e-08,2.96883651859953e-07,Higher in basal-like
1560850_at,LOC101926959,3.1815570823996,5.65844546474762,-2.47688838234802,-7.51660566706212,28.3711964481287,3.18034562906068e-08,2.98004108429979e-07,Higher in luminal A
1564064_a_at,ATP11B,6.70835508985233,5.34218370832225,1.36617138153008,6.57846360648506,48.2293604051939,3.19376614452699e-08,2.99056626052429e-07,Higher in basal-like
235651_at,TTC22,7.6071466338412,6.00248430415166,1.60466232968955,6.59286658693508,47.4583725798533,3.25309177273619e-08,3.04038961836497e-07,Higher in basal-like
202862_at,FAH,7.12448741541453,8.18372515968936,-1.05923774427483,-6.23698330896389,67.5651544408393,3.32896299430853e-08,3.1054607014813e-07,Higher in luminal A
205857_at,SLC18A2,3.87279714282125,4.94554247371654,-1.07274533089529,-7.02959053185981,35.3109216215507,3.33454119048947e-08,3.10854287451001e-07,Higher in luminal A
232504_at,MIR146A,5.87518136563002,4.48878282564389,1.38639853998613,6.37246866491431,57.772182622957,3.33701909555221e-08,3.11032252044523e-07,Higher in basal-like
206917_at,GNA13,5.00531195503299,3.84549543074192,1.15981652429107,6.42134606289876,54.9438196380885,3.34462101746307e-08,3.11687666831078e-07,Higher in basal-like
244747_at,NPNT,4.17940609618374,5.22598594008651,-1.04657984390277,-6.55707412510376,48.4943801499532,3.36610963591486e-08,3.13583309496754e-07,Higher in luminal A
240991_at,"",8.21519302621976,6.63578671575926,1.5794063104605,6.29851844373763,62.4244106072626,3.38187513173337e-08,3.1494468204313e-07,Higher in basal-like
213419_at,APBB2,6.46322097886832,7.64514198452668,-1.18192100565837,-6.24847909711491,65.9518446859739,3.43573711256613e-08,3.19470963655703e-07,Higher in luminal A
229648_at,ARHGAP32,4.78181785752139,5.88970934047472,-1.10789148295333,-6.59381090007736,46.7640281212324,3.45604537216793e-08,3.21250052232713e-07,Higher in luminal A
202856_s_at,MIR6787,7.77573207850996,6.42641796516386,1.3493141133461,6.38541525453805,56.3484327479015,3.48255093827249e-08,3.23578170138826e-07,Higher in basal-like
1553185_at,RASEF,9.56623202295,10.6647682770598,-1.09853625410982,-6.24487798585803,65.9427289408016,3.48737758554803e-08,3.23942183978659e-07,Higher in luminal A
225731_at,ANKRD50,8.44054312168438,9.49297307825573,-1.05242995657136,-6.21996117914339,67.9930857147169,3.49602035613897e-08,3.24634702737598e-07,Higher in luminal A
226017_at,CMTM7,8.58741289164025,7.52494704121323,1.06246585042702,6.23744838297675,66.0895948881569,3.56725659882425e-08,3.30687952764862e-07,Higher in basal-like
203987_at,FZD6,9.02408364475056,7.59651073713395,1.42757290761662,6.33275591182377,58.9554299468275,3.61277160065088e-08,3.34680256295471e-07,Higher in basal-like
242546_at,LINC01296,8.01287783365395,6.83736319298119,1.17551464067276,6.21785066969492,67.3644264216597,3.63137261645253e-08,3.36118669044425e-07,Higher in basal-like
204029_at,CELSR2,7.02513214248209,8.36593517851969,-1.3408030360376,-6.2855610334761,61.7571676812077,3.69173423073861e-08,3.4112822218292e-07,Higher in luminal A
222379_at,KCNE4,5.21900869015755,8.14971124223583,-2.93070255207829,-7.1238411614582,32.9598164240938,3.71304046370355e-08,3.42807307249226e-07,Higher in luminal A
223748_at,SLC4A11,6.88131159251598,5.57545459414306,1.30585699837292,6.32950796479057,58.6575950130854,3.72487703992938e-08,3.43784017822652e-07,Higher in basal-like
226374_at,CXADR,9.13266520091399,7.70947680723767,1.42318839367632,6.21294761676971,67.2127427258771,3.7306699199567e-08,3.44202460131004e-07,Higher in basal-like
201531_at,ZFP36,9.34696891194012,10.6185619034916,-1.27159299155145,-6.4192653506241,53.2243072506043,3.80797962139273e-08,3.50566233035271e-07,Higher in luminal A
235028_at,"",8.73687991053722,9.738033982069,-1.00115407153178,-6.19828520353508,67.9746611411722,3.82069576891004e-08,3.51441018110963e-07,Higher in luminal A
1557383_a_at,"",4.68515325452048,6.48241238572514,-1.79725913120466,-6.89989969490075,37.0426113185499,3.83237916512958e-08,3.52456401772009e-07,Higher in luminal A
224391_s_at,SIAE,6.33868754069035,7.41449138802156,-1.07580384733122,-6.27600348774368,61.6805508223102,3.84899019162895e-08,3.53865039057193e-07,Higher in luminal A
227529_s_at,AKAP12,3.39247443810538,4.42194287662938,-1.029468438524,-6.78264771048434,39.8120809624442,3.85691263880345e-08,3.54474194867337e-07,Higher in luminal A
1554018_at,GPNMB,6.85407632712599,5.70267599600107,1.15140033112493,6.19415708343402,67.8731741397558,3.90339034170429e-08,3.58384327342875e-07,Higher in basal-like
240912_x_at,EWSAT1,4.43329850420823,5.51902936534745,-1.08573086113921,-7.00570887850892,34.6991864820517,3.93584302396538e-08,3.61121358173028e-07,Higher in luminal A
211651_s_at,LAMB1,8.28715966871846,9.29769559645013,-1.01053592773168,-6.20998169076689,66.282392349016,3.94663521540569e-08,3.61990069455303e-07,Higher in luminal A
1553962_s_at,RHOB,6.13292933966914,7.67174627036505,-1.53881693069591,-6.45687487435256,50.894521202979,3.95494830458851e-08,3.62691711763463e-07,Higher in luminal A
228501_at,GALNT15,4.12123296567026,5.40926570068121,-1.28803273501095,-6.61609302524081,44.5575585078217,3.95789377176298e-08,3.62900959200304e-07,Higher in luminal A
225337_at,ABHD2,7.84744688055766,8.93426738964978,-1.08682050909213,-6.81239539249996,38.8253771360642,3.96916876071327e-08,3.63751763312098e-07,Higher in luminal A
206999_at,IL12RB2,5.40711024965953,3.88079808755536,1.52631216210417,6.5884485976578,45.4152266083309,3.99986619604847e-08,3.6644216533001e-07,Higher in basal-like
205499_at,SRPX2,5.98674455277562,7.29080228748209,-1.30405773470647,-6.22251310879371,64.9695392734384,4.00262736809362e-08,3.66633692998021e-07,Higher in luminal A
205280_at,GLRB,4.09989469057379,5.69141630607396,-1.59152161550017,-6.49958465803721,48.7758488078564,4.03075350611367e-08,3.68900984176038e-07,Higher in luminal A
227812_at,TNFRSF19,5.78016098668792,7.63927233882236,-1.85911135213444,-6.26830266349164,61.2073343311091,4.07209595835796e-08,3.72310780139166e-07,Higher in luminal A
204237_at,GULP1,6.40906805831955,7.8330296549399,-1.42396159662036,-6.18602134172299,67.1913185201868,4.16349049758136e-08,3.79904611073533e-07,Higher in luminal A
233273_at,"",5.57335030444152,6.78260368102787,-1.20925337658636,-6.28158249831581,59.8785200599888,4.16940077134461e-08,3.80380422448301e-07,Higher in luminal A
235538_at,"",7.64207802687723,8.82343920626552,-1.18136117938828,-6.31087303910273,57.8429509080205,4.20522203417227e-08,3.83200857863948e-07,Higher in luminal A
219179_at,DACT1,5.94539573932248,7.37915321548775,-1.43375747616528,-6.21223436936948,64.7407083055524,4.21801446673708e-08,3.84258825229008e-07,Higher in luminal A
238462_at,UBASH3B,4.48033210997437,3.46248404043485,1.01784806953952,6.52510134027068,47.1805767556344,4.23107920888929e-08,3.85236062857655e-07,Higher in basal-like
209365_s_at,ECM1,7.21783744715886,8.57112492612713,-1.35328747896827,-6.6609298382934,42.4457734834946,4.23851312179536e-08,3.85784426392811e-07,Higher in luminal A
204730_at,RIMS3,6.26045356418629,5.25259529894363,1.00785826524266,6.3199658966006,57.1451216444609,4.24193678826315e-08,3.85967538522696e-07,Higher in basal-like
225604_s_at,GLIPR2,7.6571327140163,6.30173529028443,1.35539742373186,6.17115511526566,67.9784427233281,4.26413686508264e-08,3.8779388406253e-07,Higher in basal-like
226455_at,CREB3L4,7.66526255535584,9.01455156562721,-1.34928901027138,-6.17059923558252,67.903356967158,4.28837863158992e-08,3.89868808916161e-07,Higher in luminal A
210246_s_at,ABCC8,4.83013888900455,6.44145800674776,-1.61131911774321,-7.18351843647765,31.1662686109924,4.33010812827358e-08,3.93335540643558e-07,Higher in luminal A
204224_s_at,GCH1,8.82201188058031,7.52902141597341,1.2929904646069,6.17695647750895,67.0609526684571,4.34489499132948e-08,3.9448212163889e-07,Higher in basal-like
206560_s_at,MIA,7.66858148360678,5.88470111351879,1.783880370088,6.39984300631529,52.203565157387,4.4077329070144e-08,3.99921667260226e-07,Higher in basal-like
203083_at,THBS2,9.43727045246703,11.0525135110605,-1.61524305859351,-6.17922081527807,66.4247391674818,4.43588668417869e-08,4.02209128453516e-07,Higher in luminal A
211075_s_at,CD47,10.6357828071755,9.5604955568328,1.07528725034268,6.1963449551252,64.9751407298868,4.44198860086537e-08,4.02695617231494e-07,Higher in basal-like
227687_at,HYLS1,7.89414772925388,6.89392382965563,1.00022389959825,6.15919334089844,67.902415880809,4.49127171116237e-08,4.06354924388222e-07,Higher in basal-like
1560813_at,"",5.22403554680485,6.70673527850055,-1.48269973169571,-6.7390813975855,39.6900705152383,4.50187352934907e-08,4.07112033108105e-07,Higher in luminal A
222701_s_at,CHCHD7,8.38046647398048,7.34649299839736,1.03397347558313,6.19784019298176,64.5761883144116,4.50365492303008e-08,4.07205776280254e-07,Higher in basal-like
209629_s_at,NXT2,6.80231024919465,5.56389917040409,1.23841107879056,6.17064809661319,66.7741533957158,4.51674628094416e-08,4.08254427030289e-07,Higher in basal-like
205941_s_at,COL10A1,8.24806939644624,10.5076464657697,-2.25957706932345,-6.15740472172987,67.9223925706449,4.51982161563654e-08,4.08464870801533e-07,Higher in luminal A
205214_at,STK17B,6.23008517968958,5.196028945521,1.03405623416858,6.19382893328346,64.6626339992488,4.55655026232037e-08,4.11240319564817e-07,Higher in basal-like
235003_at,UHMK1,8.88708012328877,7.49113457402846,1.39594554926031,6.42510429225701,50.5310662998201,4.56524884693726e-08,4.11889407106097e-07,Higher in basal-like
218918_at,MAN1C1,6.01624071480732,7.20503588305098,-1.18879516824366,-6.26195456091575,59.2890519939974,4.65436944084805e-08,4.19445606029944e-07,Higher in luminal A
212442_s_at,CERS6,9.18230527170859,10.1872509557729,-1.0049456840643,-6.25417794906492,59.527225778646,4.73065326107867e-08,4.25618672123542e-07,Higher in luminal A
228370_at,LOC101930404,5.96270428956252,7.04602867116086,-1.08332438159834,-6.23168269069128,61.00631301293,4.75028103084573e-08,4.27033238016262e-07,Higher in luminal A
223454_at,CXCL16,8.65330660986147,7.64982579972949,1.00348081013198,6.20213946712063,63.0622949913149,4.78059577061374e-08,4.29405411135709e-07,Higher in basal-like
228602_at,SGCD,5.32880577270389,6.56132010810703,-1.23251433540314,-6.23063613575479,60.8960131804401,4.79872308651063e-08,4.30892075472111e-07,Higher in luminal A
210831_s_at,PTGER3,4.92838145128063,6.20381447694425,-1.27543302566362,-6.83053408767367,36.7063944830926,4.96882457307127e-08,4.44705325802376e-07,Higher in luminal A
218499_at,STK26,9.0279075603714,7.41096697801525,1.61694058235616,6.13787572785471,67.5612777193091,4.97167019699533e-08,4.44887181703306e-07,Higher in basal-like
207571_x_at,THEMIS2,7.22602680893127,6.15722406730478,1.06880274162649,6.162037858099,65.2512700114921,5.02552725780851e-08,4.49118507389147e-07,Higher in basal-like
233899_x_at,ZBTB10,6.83546084595167,5.62452832175591,1.21093252419576,6.12927899182625,67.9960370232897,5.04799105913146e-08,4.50978613003289e-07,Higher in basal-like
1559500_at,VPS8,5.65017604263633,6.93285927140354,-1.28268322876721,-6.12624419526187,67.9617248396259,5.118157916865e-08,4.5650127912658e-07,Higher in luminal A
221909_at,RNFT2,6.72338059998317,5.56303482564198,1.16034577434119,6.26288437741169,57.5424888575733,5.14443950665691e-08,4.5819125234181e-07,Higher in basal-like
230179_at,LOC285812,7.56022624359555,6.44671136983263,1.11351487376292,6.13240864930646,67.176423599177,5.17193852656528e-08,4.60228524176276e-07,Higher in basal-like
204733_at,KLK6,6.6838010605421,4.59951831680694,2.08428274373516,6.55166108795347,43.7479562544302,5.33938030116307e-08,4.73913340854043e-07,Higher in basal-like
203305_at,F13A1,7.17322504291462,8.81379044339371,-1.64056540047909,-6.11638095132446,67.8145984254349,5.36131640514616e-08,4.75736951873115e-07,Higher in luminal A
1558034_s_at,CP,7.28974902354771,4.45624995335997,2.83349907018774,6.19255327852881,61.4554091784318,5.40087070498497e-08,4.78826991722156e-07,Higher in basal-like
214079_at,DHRS2,3.42449984691906,6.97620276724792,-3.55170292032886,-7.07638205431544,31.4853640209754,5.4950015491551e-08,4.86698865543585e-07,Higher in luminal A
219312_s_at,ZBTB10,6.91294289886492,5.76102445571901,1.15191844314591,6.10825078059204,67.9157271198034,5.51555395381266e-08,4.88281917786119e-07,Higher in basal-like
226301_at,SLC18B1,8.12718758840532,7.00604348006868,1.12114410833663,6.11009004112125,67.7123739405082,5.52430356155227e-08,4.88977330788199e-07,Higher in basal-like
204951_at,RHOH,5.9218411270786,7.59810524644873,-1.67626411937013,-6.35192113579419,51.4471940748901,5.55326204159976e-08,4.91301945185221e-07,Higher in luminal A
242888_at,PRRT3-AS1,6.3392863213057,5.10737896657485,1.23190735473085,6.38659444918166,49.7951703821297,5.55576698209482e-08,4.91444037770643e-07,Higher in basal-like
204197_s_at,RUNX3,7.29216764023006,5.99834232795298,1.29382531227708,6.10438117197794,67.5508212347473,5.69376250443041e-08,5.02837126360415e-07,Higher in basal-like
228504_at,SCN7A,3.14331350216054,4.59622843463546,-1.45291493247492,-7.23751636382789,29.017265048456,5.69922020545283e-08,5.03200214377909e-07,Higher in luminal A
203961_at,NEBL,7.9332719279958,9.69651803875035,-1.76324611075456,-6.31472109136787,52.7976119409862,5.77377380437906e-08,5.09163036700686e-07,Higher in luminal A
1552639_at,KLHDC7B,6.66958325559568,5.11981992441552,1.54976333118016,6.45211917639434,46.4688020841717,5.81574419808984e-08,5.12450949283742e-07,Higher in basal-like
214927_at,ITGBL1,6.54377401715686,8.19615074606179,-1.65237672890493,-6.09344440591664,67.9811084820329,5.83871987220271e-08,5.14309664914908e-07,Higher in luminal A
206869_at,CHAD,4.4487186135536,5.92569574604368,-1.47697713249008,-7.09066519127262,30.9103036849375,5.86068666363745e-08,5.15995238863732e-07,Higher in luminal A
237411_at,ADAMTS6,4.45185750483554,5.56988559315017,-1.11802808831464,-6.41293749542814,47.9642172129943,5.86657515020386e-08,5.16264278669558e-07,Higher in luminal A
202307_s_at,TAP1,9.96649493873957,8.45428560470056,1.51220933403901,6.14176520357677,63.5839014580821,5.90911012953623e-08,5.19589251097449e-07,Higher in basal-like
212594_at,MIR4680,7.24815389985488,8.77758800079608,-1.5294341009412,-6.12650522709294,64.7673595188369,5.92558874340609e-08,5.20870682549402e-07,Higher in luminal A
238562_at,UTP23,5.11615152294344,4.04420060142812,1.07195092151531,6.11360513722822,64.7770559857035,6.23437358265215e-08,5.45644910567482e-07,Higher in basal-like
228051_at,ARFGEF3,6.9431502142165,8.42685233135047,-1.48370211713396,-6.1873397559268,58.8963427100232,6.3443477245271e-08,5.54559891028808e-07,Higher in luminal A
201744_s_at,LUM,10.9901978206909,12.3756617353847,-1.38546391469376,-6.22118503789139,56.614293637733,6.37724428166801e-08,5.56990145527473e-07,Higher in luminal A
227657_at,RNF150,7.51706975100042,5.73314425362494,1.78392549737548,6.42606636599163,46.2216991023741,6.50730127468648e-08,5.6671981075738e-07,Higher in basal-like
214243_s_at,SERHL2,5.48264285715547,7.53974610932596,-2.05710325217049,-6.54117272294403,42.1336281531793,6.52041172433404e-08,5.67506947531548e-07,Higher in luminal A
223722_at,DNAJC12,3.46516863398098,4.78454858823466,-1.31937995425368,-6.90772949172986,33.2899941359759,6.54346904789385e-08,5.69144400562514e-07,Higher in luminal A
201387_s_at,UCHL1,8.19951122557829,6.38825926487682,1.81125196070147,6.26966626365952,53.3268496187352,6.57284771994524e-08,5.71427013973615e-07,Higher in basal-like
206683_at,ZNF165,6.08438270499946,4.92783968515249,1.15654301984697,6.06402300279686,67.9452393646521,6.58527891254161e-08,5.72325742399003e-07,Higher in basal-like
216644_at,"",5.1871376516989,6.30258707203784,-1.11544942033894,-6.93276817037999,32.7285609779592,6.6645981630207e-08,5.78208353797456e-07,Higher in luminal A
242541_at,ABCA9,4.5115087684946,5.57096755738376,-1.05945878888915,-6.74119034811225,36.5532917609678,6.67219280418541e-08,5.78775411024651e-07,Higher in luminal A
235094_at,"",8.65892445868309,9.6743646865097,-1.01544022782661,-6.06284105007783,67.6493067025376,6.70220564903314e-08,5.81286633662574e-07,Higher in luminal A
232204_at,EBF1,6.21690130526673,7.31036614234807,-1.09346483708133,-6.05812407198751,67.9923464251631,6.73015965448914e-08,5.83340962443237e-07,Higher in luminal A
232290_at,"",5.20190796894381,6.46283316976714,-1.26092520082334,-6.22463852134005,55.3902557430549,6.79104100428504e-08,5.88151697939624e-07,Higher in luminal A
1564358_at,"",3.45923501618378,5.31950707397923,-1.86027205779545,-6.77681621240744,35.6002491062497,6.82380593712663e-08,5.90708659930967e-07,Higher in luminal A
209212_s_at,KLF5,7.61312699697344,6.13436817850968,1.47875881846375,6.05958092438093,67.5192754826612,6.82930090431957e-08,5.91090750267014e-07,Higher in basal-like
226770_at,MAGI3,6.76442004001539,7.95462456827748,-1.19020452826209,-6.14016972765947,60.3298766833589,7.03180856594179e-08,6.06888923982427e-07,Higher in luminal A
230422_at,FPR3,7.9692606226767,6.5367432727139,1.4325173499628,6.14357641306253,60.011106829791,7.05984990476566e-08,6.09212900162661e-07,Higher in basal-like
225603_s_at,TRIQK,7.11975561753736,8.25325982687178,-1.13350420933442,-6.05069749619431,67.5077957097848,7.0813332160532e-08,6.1077755732404e-07,Higher in luminal A
218613_at,PSD3,6.5084241574789,8.36669191610405,-1.85826775862515,-6.22494694711787,54.5653522532735,7.14921049749577e-08,6.16243234984362e-07,Higher in luminal A
1563367_at,MAPT-AS1,3.10754990244123,4.79844150268573,-1.6908916002445,-7.19437481142044,28.4141515752275,7.22156129941532e-08,6.22185414506039e-07,Higher in luminal A
212758_s_at,ZEB1,6.50266688886384,7.71519647395182,-1.21252958508798,-6.0933583172644,63.2868572327933,7.25703441078104e-08,6.24847805369218e-07,Higher in luminal A
1559883_s_at,SAMHD1,5.88832362895351,4.45430444421129,1.43401918474222,6.18040080935206,56.9048500624323,7.31285338737778e-08,6.28565098184059e-07,Higher in basal-like
209070_s_at,RGS5,7.48465200614586,8.99305931498557,-1.5084073088397,-6.27173629194691,51.5771202079498,7.36663020022154e-08,6.32590711790659e-07,Higher in luminal A
206482_at,PTK6,5.48642052923816,6.508636527992,-1.02221599875384,-6.15830276116312,58.1144494817812,7.41288961639756e-08,6.36363227785424e-07,Higher in luminal A
234645_at,"",6.66636814335642,5.58350623192339,1.08286191143303,6.03381886619648,67.925971741549,7.44408438512729e-08,6.38784969003542e-07,Higher in basal-like
238454_at,ZNF540,3.97779528858961,4.98550083330677,-1.00770554471716,-6.29520933504187,50.1395534348103,7.51498535311195e-08,6.44520508519837e-07,Higher in luminal A
1555355_a_at,ETS1,6.42385184980046,5.21300311501234,1.21084873478812,6.24529629854745,52.6604849572947,7.52393342622473e-08,6.45186731616746e-07,Higher in basal-like
223939_at,SUCNR1,5.76282377370638,4.66523025017612,1.09759352353026,6.04929034675767,66.2382516525036,7.53056049830838e-08,6.45653748228023e-07,Higher in basal-like
227582_at,KLHDC9,6.61656896402252,7.83303574260905,-1.21646677858653,-6.0275866547732,67.9997072476746,7.609446086871e-08,6.51689866774786e-07,Higher in luminal A
231042_s_at,"",4.77422905072236,3.77311841501317,1.00111063570919,6.08192844926209,63.2378318543464,7.60900957213098e-08,6.51689866774786e-07,Higher in basal-like
225664_at,COL12A1,10.3195110159103,11.8764770590177,-1.55696604310743,-6.03927302741851,66.8091999250868,7.64299805460334e-08,6.53960749038244e-07,Higher in luminal A
204341_at,TRIM16,7.1819790370173,5.87746133959745,1.30451769741985,6.03977444083891,66.7240538457255,7.65622135292428e-08,6.54784768451643e-07,Higher in basal-like
1554390_s_at,ACTR2,8.41637535539871,7.23318909673401,1.1831862586647,6.03146886001566,67.3462107074463,7.70397544364703e-08,6.58045395065461e-07,Higher in basal-like
243772_at,SDCCAG8,7.23815014025968,6.18199069701181,1.05615944324788,6.02380113031694,67.9204668761901,7.75237740823024e-08,6.61972879579866e-07,Higher in basal-like
215172_at,PTPN20,5.31923163606537,3.89531210973134,1.42391952633403,6.044824660535,65.8645165095288,7.79532672139349e-08,6.65017145408315e-07,Higher in basal-like
203917_at,CXADR,10.6169098191693,9.21173641883618,1.40517340033309,6.02389669046663,67.6135785515949,7.85132294383153e-08,6.69272032980962e-07,Higher in basal-like
224327_s_at,DGAT2,7.26716148730581,6.05654447187666,1.21061701542914,6.10396188696073,60.6569739607248,7.95168162580837e-08,6.76771782209017e-07,Higher in basal-like
230791_at,"",9.79287234642397,7.90074550161623,1.89212684480774,6.06592308146673,63.6336411308585,7.95074459694244e-08,6.76771782209017e-07,Higher in basal-like
243735_at,ELP2,4.46528969914535,5.94433798820017,-1.47904828905481,-6.61405798662971,38.2298800787197,7.99553559261006e-08,6.79869220102573e-07,Higher in luminal A
215014_at,KCND3,3.0429581261968,4.89830413011275,-1.85534600391594,-6.99631842491586,30.4925858575457,8.1897479242831e-08,6.94870372067316e-07,Higher in luminal A
218700_s_at,RAB29,8.18042926587263,7.1491415888486,1.03128767702404,6.22986859520361,52.0183424483768,8.32045453828797e-08,7.04957438696536e-07,Higher in basal-like
212472_at,MICAL2,7.01312228658392,8.01680228532265,-1.00367999873873,-6.06136646180833,62.9991878729576,8.34532763951278e-08,7.06754629322121e-07,Higher in luminal A
210163_at,CXCL11,6.72010887521513,4.39030536096178,2.32980351425335,6.00694307593726,67.7775034120801,8.34681896155763e-08,7.06771452258268e-07,Higher in basal-like
232176_at,SLITRK6,4.3116997499948,7.08669396749324,-2.77499421749844,-6.72958329750834,35.0569145828421,8.48919927091011e-08,7.17050780375421e-07,Higher in luminal A
244075_at,"",6.06924313877775,7.14678147122469,-1.07753833244695,-6.21459493085578,52.4118154053467,8.56465455708286e-08,7.22977440031659e-07,Higher in luminal A
213122_at,TSPYL5,9.03205786122324,7.38758454656498,1.64447331465826,6.03887732634125,64.1307091420744,8.64053131652786e-08,7.28819885422957e-07,Higher in basal-like
206483_at,LRRC6,6.03143518662205,7.18253183778158,-1.15109665115953,-6.00521055697983,67.0814548856837,8.65761957850711e-08,7.30036012422696e-07,Higher in luminal A
213060_s_at,CHI3L2,7.83265958589356,5.55240181715521,2.28025776873835,6.09584267472585,59.6256994615001,8.66433047084809e-08,7.30423772211204e-07,Higher in basal-like
204682_at,LTBP2,7.70546158567291,8.82339072642709,-1.11792914075418,-6.05897870230279,62.3524365413631,8.69361965858547e-08,7.32506788154046e-07,Higher in luminal A
231856_at,ARFGEF3,6.23481635373063,7.63667873734548,-1.40186238361486,-6.11070740849923,58.2409454168895,8.82631791690756e-08,7.42771944138711e-07,Higher in luminal A
208456_s_at,RRAS2,6.50864808875366,5.44882127673468,1.05982681201898,5.9962888443982,67.4383420722618,8.83752696350206e-08,7.43486362101054e-07,Higher in basal-like
202619_s_at,PLOD2,9.03098286761764,7.61753334700399,1.41344952061365,6.09898899413927,58.648350557792,9.02507229913767e-08,7.57981302542783e-07,Higher in basal-like
221854_at,PKP1,7.39707838364704,5.65784194462377,1.73923643902326,6.20752366662455,51.7123593741187,9.21966075318561e-08,7.72662402943628e-07,Higher in basal-like
210942_s_at,ST3GAL6,6.16675636536432,5.03968711243224,1.12706925293208,6.06772574608237,60.4983054942861,9.22476883827625e-08,7.72853564561376e-07,Higher in basal-like
244264_at,KLRG2,6.85442732253108,5.71758868998425,1.13683863254683,6.05315360973067,61.5378470539863,9.25947287139655e-08,7.75285879392966e-07,Higher in basal-like
201540_at,FHL1,7.60785580658469,9.01565757657825,-1.40780176999356,-5.98940643139299,66.6673253952617,9.38790352998882e-08,7.85077432704403e-07,Higher in luminal A
202601_s_at,HTATSF1,6.81002801795199,5.7634761416587,1.04655187629329,6.06266905127357,60.4677333646766,9.42172047401688e-08,7.87664475408062e-07,Higher in basal-like
207332_s_at,TFRC,11.1971227436401,9.99137418560056,1.20574855803956,6.00730823154572,64.8720969183699,9.46169730488626e-08,7.90643894459203e-07,Higher in basal-like
210139_s_at,PMP22,9.81685766737656,11.0171286397277,-1.20027097235119,-6.06799504607118,59.2156976852151,9.85590271884887e-08,8.20824799928503e-07,Higher in luminal A
210013_at,HPX,5.72536357634017,6.92818243959691,-1.20281886325674,-6.6389698968607,35.8509469885847,1.00114463802898e-07,8.32257611133261e-07,Higher in luminal A
229245_at,PLEKHA6,5.09265818084948,6.3664032617079,-1.27374508085842,-6.17248182319932,52.3078399102254,1.00623999126507e-07,8.36239117227811e-07,Higher in luminal A
209962_at,EPOR,4.53314048845214,5.93295685663417,-1.39981636818203,-6.86377112794516,31.393461018774,1.01031843156224e-07,8.3911833883739e-07,Higher in luminal A
238389_s_at,"",7.70423276996816,6.57631022552141,1.12792254444675,5.99063080269712,64.7001140186185,1.01855654565706e-07,8.45446775979956e-07,Higher in basal-like
202902_s_at,CTSS,9.80081209356827,8.49711465521254,1.30369743835573,5.95721255922315,67.7711039128595,1.0194812935804e-07,8.46085909631273e-07,Higher in basal-like
218701_at,LACTB2,7.5319957181619,6.48109657886364,1.05089913929826,6.00066707889723,63.7797826379741,1.02095032856828e-07,8.46835556777608e-07,Higher in basal-like
AFFX-HUMISGF3A/M97935_MB_at,STAT1,8.74692271758857,7.22964030355285,1.51728241403572,5.95918293773935,67.3358900435039,1.0298651555822e-07,8.53287156573051e-07,Higher in basal-like
221730_at,COL5A2,9.42097816414384,10.9209074511789,-1.49992928703505,-5.95356647511487,67.781533511795,1.03405850874735e-07,8.56234271781937e-07,Higher in luminal A
209949_at,NCF2,6.9508782059106,5.78504535357727,1.16583285233334,5.95901968283259,67.137736053776,1.03909825261279e-07,8.60277058776564e-07,Higher in basal-like
1554242_a_at,COCH,5.23731516695874,3.4317130147247,1.80560215223403,6.33082584800925,44.6123444135295,1.04154913308139e-07,8.61526712803343e-07,Higher in basal-like
233124_s_at,ECHDC1,7.89168126112764,6.87765132448457,1.01402993664307,5.95771684507934,67.1471471544858,1.04411530902805e-07,8.63515421586879e-07,Higher in basal-like
226490_at,NHSL1,7.30829768880728,6.16917991753176,1.13911777127552,5.98041735124597,64.6512840681356,1.06282848239118e-07,8.77399173708859e-07,Higher in basal-like
218804_at,ANO1,6.6689713470036,8.34315459548538,-1.67418324848178,-5.95387729038836,66.3400254138409,1.09692664931425e-07,9.02957912545265e-07,Higher in luminal A
233375_at,EFCAB2,4.11347951217617,5.29372928273957,-1.1802497705634,-6.36597682684341,42.6185310883418,1.11241276380475e-07,9.12748700740596e-07,Higher in luminal A
222899_at,ITGA11,6.56698045719671,7.91519701695373,-1.34821655975701,-6.14033721188438,52.3730139134671,1.12689922290523e-07,9.22906156565957e-07,Higher in luminal A
232195_at,GPR158,5.24288694279743,4.09914400206192,1.14374294073551,6.28931321564165,45.2078794171875,1.13953492212241e-07,9.31858687810992e-07,Higher in basal-like
202765_s_at,FBN1,7.32402171490723,8.89804236858575,-1.57402065367852,-6.03599044022473,58.7550632599481,1.14165224033465e-07,9.33310948569031e-07,Higher in luminal A
209267_s_at,SLC39A8,8.44985136510128,7.08858573203661,1.36126563306467,6.00389739350499,61.1071091316167,1.14524969334e-07,9.35832117521511e-07,Higher in basal-like
223468_s_at,RGMA,8.30223351442193,7.13447638112752,1.16775713329441,5.94808560247472,65.847516944566,1.14632610884048e-07,9.36431794424822e-07,Higher in basal-like
224847_at,CDK6,8.062441428334,6.90516135405221,1.1572800742818,5.95541242270556,65.0727371036422,1.15154041687318e-07,9.39708541679721e-07,Higher in basal-like
227740_at,UHMK1,9.99299601523329,8.73659926941057,1.25639674582272,6.44670678843973,39.6209548635698,1.16044245576571e-07,9.46690409862581e-07,Higher in basal-like
222908_at,PIEZO2,3.76485289290068,5.13262868356491,-1.36777579066423,-6.64752361220495,34.5513154053698,1.16418825980018e-07,9.49321299098806e-07,Higher in luminal A
233257_at,"",4.04288274701542,5.05607993790955,-1.01319719089413,-6.04127131852095,57.9390142624858,1.1690133319522e-07,9.53113688107462e-07,Higher in luminal A
227259_at,CD47,8.21507679374824,7.10028549613387,1.11479129761436,5.91999664161444,67.9281020823975,1.17601883558367e-07,9.58378112538534e-07,Higher in basal-like
229654_at,"",5.58064334691132,6.5910202447913,-1.01037689787998,-6.11544581008234,53.0439500372539,1.18204088796961e-07,9.62873741801821e-07,Higher in luminal A
33304_at,ISG20,8.5146182229825,7.37132978361793,1.14328843936457,5.91689158042509,67.9770072836477,1.18840608559908e-07,9.67050196906232e-07,Higher in basal-like
211577_s_at,IGF1,5.92398339623517,7.35648249617615,-1.43249909994098,-6.0463137206947,57.2306493091114,1.19232265022046e-07,9.69804238333884e-07,Higher in luminal A
205860_x_at,FOLH1B,5.53576138948244,4.5237748500226,1.01198653945983,6.0273808408507,58.4347474625288,1.20004443167147e-07,9.75939748648485e-07,Higher in basal-like
230863_at,LRP2,4.92832623316134,7.67928943128382,-2.75096319812248,-6.18289094904955,49.1004606436412,1.21324359254152e-07,9.8564774772968e-07,Higher in luminal A
204881_s_at,UGCG,9.43175421634201,10.5216964117954,-1.08994219545337,-6.28511859309588,44.6433023254571,1.21399302981294e-07,9.86110071386459e-07,Higher in luminal A
224146_s_at,ABCC11,3.94343078473355,6.01766261650389,-2.07423183177033,-6.643727013161,34.264328829652,1.22559289474698e-07,9.94645858992001e-07,Higher in luminal A
231517_at,ZYG11A,6.44709230643166,5.31112377707605,1.1359685293556,5.9580575839338,63.2008230558168,1.23933460173935e-07,1.00520129580328e-06,Higher in basal-like
219342_at,CASD1,7.19501515553994,8.57195176347643,-1.37693660793649,-6.4448845957292,39.0679288999526,1.24042468001392e-07,1.00584061856933e-06,Higher in luminal A
228877_at,RGL3,4.71271544359927,6.06815874314589,-1.35544329954662,-6.3563301560802,41.7601393814677,1.24851637897019e-07,1.01114846719293e-06,Higher in luminal A
203215_s_at,MYO6,8.00568648327174,9.51888500738459,-1.51319852411285,-5.94173302767223,64.4158514163037,1.25105843503695e-07,1.01290715142374e-06,Higher in luminal A
206378_at,SCGB2A2,4.25374051833496,8.77195323089872,-4.51821271256376,-6.4825466364858,37.9081564485563,1.2564173359567e-07,1.016794225036e-06,Higher in luminal A
208075_s_at,CCL7,4.68056594269088,3.53555329100324,1.14501265168764,6.30545877774117,43.4582825114095,1.25960071841724e-07,1.01865895498091e-06,Higher in basal-like
214560_at,FPR3,6.73776426895118,5.4994878205654,1.23827644838578,5.90417717509871,67.6593192946393,1.2665570414509e-07,1.02348516466639e-06,Higher in basal-like
213568_at,OSR2,5.02275627256934,6.35037341614207,-1.32761714357272,-5.93276856091938,64.8805855915603,1.26992613083559e-07,1.02590442085455e-06,Higher in luminal A
233609_at,PTPRK,7.03582916018037,5.80975980970073,1.22606935047965,5.96485670794097,62.0935811608877,1.27069708475172e-07,1.02637558145665e-06,Higher in basal-like
219295_s_at,PCOLCE2,6.51258183777477,4.53389032980511,1.97869150796966,6.08254190978071,53.6499300777949,1.28441283720968e-07,1.03607659891472e-06,Higher in basal-like
238688_at,TPM1,7.15658141615893,8.38353839793451,-1.22695698177558,-5.90038081331185,67.5268395547178,1.29280507761932e-07,1.04207751170332e-06,Higher in luminal A
229331_at,SPATA18,4.23645640221301,5.94476140396348,-1.70830500175047,-6.13630938135301,50.279840594274,1.31739032421882e-07,1.05923994083329e-06,Higher in luminal A
238164_at,USP6NL,6.12858916879557,4.88585547107166,1.24273369772391,6.10400026142205,52.0160459737685,1.3172333027593e-07,1.05923994083329e-06,Higher in basal-like
231084_at,CFAP43,3.65808791162844,4.73831022475112,-1.08022231312268,-6.75456487569367,31.628986323867,1.32105523898657e-07,1.06171828886654e-06,Higher in luminal A
221731_x_at,VCAN,10.9586074805675,12.3200589592062,-1.36145147863878,-5.89344345828922,67.5331450970521,1.32880881682888e-07,1.06716542391479e-06,Higher in luminal A
215856_at,SIGLEC15,6.19737431700097,7.84156379396752,-1.64418947696656,-6.86203358448813,29.8310666827487,1.3291212395397e-07,1.06725956486757e-06,Higher in luminal A
204698_at,ISG20,8.34205762472214,7.01771032253613,1.32434730218601,5.89477674467426,67.3584436488546,1.3310731591381e-07,1.06851306674315e-06,Higher in basal-like
240135_x_at,"",6.65120901557775,8.08511280219961,-1.43390378662186,-6.05928533624736,54.029758996573,1.36743850480116e-07,1.09449129336852e-06,Higher in luminal A
227088_at,PDE5A,5.77820960920411,7.24215012444669,-1.46394051524259,-6.2055106310502,46.4393507100485,1.37405039104543e-07,1.09913979707986e-06,Higher in luminal A
204620_s_at,VCAN,10.5061486327588,11.8665183805471,-1.36036974778831,-5.88051510326931,67.9229883198013,1.37774391363449e-07,1.10178733779811e-06,Higher in luminal A
1555464_at,IFIH1,4.80749493940883,3.51087461820413,1.2966203212047,6.20566468768786,46.3808401692976,1.37977027141521e-07,1.10323105571259e-06,Higher in basal-like
240865_at,"",5.27860125173063,6.31736783857528,-1.03876658684464,-5.93156416974695,62.9994376440247,1.38730702672841e-07,1.10893291939146e-06,Higher in luminal A
202992_at,C7,4.16641421301003,5.97409537782185,-1.80768116481182,-6.43673680282349,38.2780727996274,1.39091189861348e-07,1.11100230908243e-06,Higher in luminal A
235789_at,LOC100507022,6.15981031114831,7.55028402467953,-1.39047371353122,-6.24778414335441,44.5460245206646,1.39051288046479e-07,1.11100230908243e-06,Higher in luminal A
239364_at,ETV6,7.39830241764081,6.31808307208615,1.08021934555465,5.88713429233616,67.0262923220502,1.39080429135251e-07,1.11100230908243e-06,Higher in basal-like
232568_at,MGC24103,5.71627193811392,7.15895978332891,-1.44268784521499,-5.87627638418848,67.7708842987938,1.40975095852441e-07,1.12457154446049e-06,Higher in luminal A
204975_at,EMP2,8.86568591295637,9.90071318017809,-1.03502726722172,-5.87743863379891,67.3853004970759,1.42490072297167e-07,1.13599368662111e-06,Higher in luminal A
205476_at,CCL20,6.1177181894335,4.01886238803303,2.09885580140047,6.26925966878655,43.4121296673247,1.42889097773016e-07,1.1390088089721e-06,Higher in basal-like
226362_at,"",7.54086104783347,8.70546332973212,-1.16460228189866,-6.04572079053718,53.92036115014,1.4472972430899e-07,1.15284057059936e-06,Higher in luminal A
220066_at,NOD2,6.56035406213011,5.39035871980053,1.16999534232958,5.87122734551604,67.4326622521294,1.45789546417035e-07,1.16060621001039e-06,Higher in basal-like
205122_at,MSANTD3-TMEFF1,5.82891365152563,4.59053383151578,1.23837982000985,5.9104663181525,63.5308094942132,1.47104773247734e-07,1.17039485991267e-06,Higher in basal-like
239066_at,"",6.8747509837328,7.93839540158804,-1.06364441785524,-5.86382243773903,67.8997165383011,1.47420507672648e-07,1.17273625156438e-06,Higher in luminal A
210875_s_at,ZEB1,4.27226351877927,5.32849258558534,-1.05622906680607,-6.12495979476424,49.2225008352007,1.47806218533595e-07,1.17512069191861e-06,Higher in luminal A
209581_at,PLA2G16,7.73156819835421,9.35351930907249,-1.62195111071828,-5.87727800311578,66.4012598603478,1.4836345987231e-07,1.17886530569954e-06,Higher in luminal A
206754_s_at,CYP2B7P,5.20645641481946,8.23027246318751,-3.02381604836805,-6.7690327451702,30.6134574065692,1.49834163572286e-07,1.1896658251619e-06,Higher in luminal A
209387_s_at,TM4SF1,10.0380088638752,8.20001897512067,1.83798988875456,6.0595147963966,52.4845669316229,1.50345952614373e-07,1.19271110841422e-06,Higher in basal-like
203820_s_at,IGF2BP3,5.63205720961855,3.62851681902461,2.00354039059395,6.34153471148748,40.3770110211001,1.50530620564455e-07,1.19400285497774e-06,Higher in basal-like
207414_s_at,LOC100507472,6.76305304698391,8.38478247560633,-1.62172942862242,-5.87790320532744,65.8793755818003,1.51205764059941e-07,1.198836303651e-06,Higher in luminal A
210299_s_at,FHL1,4.90578029594075,6.30347373371768,-1.39769343777693,-5.86954101303353,66.547919905394,1.52081033953066e-07,1.20507688860636e-06,Higher in luminal A
236194_at,"",6.28786903003206,8.18835817071107,-1.90048914067901,-6.63446945640947,32.9041842473404,1.53103276298583e-07,1.2126498090142e-06,Higher in luminal A
238451_at,MPP7,3.86041442795246,5.00209430349151,-1.14167987553906,-6.47323146776852,36.424875287071,1.54457161263196e-07,1.2218477458041e-06,Higher in luminal A
227314_at,ITGA2,6.79598602282701,8.02571349410699,-1.22972747127997,-5.93763199718149,60.1333309353026,1.55120816595291e-07,1.22632022084261e-06,Higher in luminal A
236191_at,"",4.8264117216185,3.59633316638869,1.23007855522981,6.06358307711578,51.6235615774576,1.56532039739265e-07,1.23622551967995e-06,Higher in basal-like
201559_s_at,CLIC4,8.19403053154525,6.84198646970642,1.35204406183883,5.84779382224916,67.9675607670641,1.56757351414989e-07,1.23764739185769e-06,Higher in basal-like
240838_s_at,DRAIC,4.18252570244138,5.36418898650274,-1.18166328406136,-6.37003387449656,39.0969301378647,1.5704892521866e-07,1.23905483208229e-06,Higher in luminal A
220441_at,DNAJC22,4.77950996624845,6.03271261501615,-1.2532026487677,-5.92128139878373,60.6143551710423,1.61383637640442e-07,1.27032110394345e-06,Higher in luminal A
205399_at,DCLK1,6.41606206627277,8.52888151628556,-2.11281945001279,-6.15024524772705,46.755139408099,1.62432794688217e-07,1.2780274931038e-06,Higher in luminal A
235229_at,"",8.10605536554118,6.15067123301182,1.95538413252937,5.86113941186339,65.6509156138405,1.63102619173924e-07,1.28274391589964e-06,Higher in basal-like
219789_at,NPR3,6.46968258497622,4.3159956230338,2.15368696194242,6.14765188916997,46.685207971959,1.6479664404914e-07,1.29494919709496e-06,Higher in basal-like
232653_at,"",9.3701540436244,10.3732046711277,-1.00305062750329,-5.83496460343993,67.9919155412986,1.64844737865086e-07,1.29514097467647e-06,Higher in luminal A
241903_at,"",6.34154493377602,7.41525892596961,-1.07371399219359,-5.9936016247599,54.9108837513214,1.65605128296858e-07,1.30036771357615e-06,Higher in luminal A
204259_at,MMP7,9.7678419998378,7.48649765565167,2.28134434418613,5.83550287771024,67.7159651873337,1.66256382557321e-07,1.30510663550919e-06,Higher in basal-like
210002_at,GATA6,6.60196850307083,5.20833278492791,1.39363571814291,5.84656413049915,66.4101203123421,1.67526891420913e-07,1.31427153467393e-06,Higher in basal-like
204472_at,GEM,7.61609087150699,9.13221012622454,-1.51611925471755,-5.87041263451401,63.9244168408342,1.6914131892589e-07,1.32584969351585e-06,Higher in luminal A
233280_at,"",5.73578887270042,7.03629924293009,-1.30051037022968,-5.85439269033261,65.3447670176896,1.69637034866385e-07,1.32890090477638e-06,Higher in luminal A
210096_at,CYP4B1,3.97961055003096,6.58886019772929,-2.60924964769833,-6.41283112484792,37.1982271754758,1.69756125807117e-07,1.329475575364e-06,Higher in luminal A
228949_at,WLS,5.44345525915285,6.96365656737342,-1.52020130822057,-5.87982315533672,62.9748445103002,1.69951536507939e-07,1.33067453223135e-06,Higher in luminal A
204401_at,KCNN4,7.15234367801423,5.68010492579805,1.47223875221618,5.84909814595718,65.6222445593925,1.71249224976211e-07,1.34006746465927e-06,Higher in basal-like
203071_at,MIR6872,5.75226688841986,7.05884123778928,-1.30657434936942,-6.50191812802549,34.8328821644257,1.73187176623068e-07,1.35348897682479e-06,Higher in luminal A
223501_at,TNFSF13B,8.878464937123,7.56033918084212,1.31812575628089,5.82394016049538,67.4665876308799,1.75788740532683e-07,1.37166396298337e-06,Higher in basal-like
210785_s_at,THEMIS2,7.21725877440007,6.15860392207256,1.0586548523275,5.82482054989253,66.9507537415458,1.78738370827817e-07,1.39229525929775e-06,Higher in basal-like
206115_at,EGR3,6.55132726458925,8.61895338636225,-2.067626121773,-5.91008972796625,59.298696267084,1.79585592669052e-07,1.39849626537251e-06,Higher in luminal A
238759_at,CCDC88A,5.35858612516848,4.20061325068652,1.15797287448196,6.14024764845493,45.6793572037411,1.82985206921354e-07,1.42355096591136e-06,Higher in basal-like
201211_s_at,DDX3X,7.15532219720171,6.00714845602652,1.1481737411752,5.81694456241305,67.0888579468365,1.83423512771718e-07,1.42675779780818e-06,Higher in basal-like
244677_at,MIR6883,5.29487628842333,6.47896730653648,-1.18409101811315,-6.05989254543946,49.3473801591225,1.84722518936142e-07,1.43584073398259e-06,Higher in luminal A
235009_at,BOD1L1,5.06806446734807,6.73498123759715,-1.66691677024909,-5.84891398150445,63.8090280679702,1.84901944949158e-07,1.43703110733408e-06,Higher in luminal A
1552848_a_at,PTCHD1,5.98252006574956,4.1244928010387,1.85802726471086,6.09528779428291,47.2631619417015,1.89321181559233e-07,1.46533629696363e-06,Higher in basal-like
210306_at,L3MBTL1,5.77655008487199,6.82976241423241,-1.05321232936042,-5.81142177996363,66.8057577371685,1.89574099256933e-07,1.4670861821476e-06,Higher in luminal A
236947_at,"",4.03056232947183,5.1236499316914,-1.09308760221957,-5.8864335976415,59.6973449237346,1.92788508807566e-07,1.48859083731869e-06,Higher in luminal A
203698_s_at,FRZB,5.92571974241348,7.52359826588638,-1.5978785234729,-5.78870887943407,67.9888302133526,1.98271627036034e-07,1.52431552766162e-06,Higher in luminal A
213068_at,DPT,6.0858542562563,7.88658122504492,-1.80072696878862,-5.9814240222991,52.5622622442787,1.99009316263859e-07,1.52928100727006e-06,Higher in luminal A
205099_s_at,CCR1,7.11513393524676,5.91216669882486,1.2029672364219,5.79822534483832,66.7840016842379,1.9992480929937e-07,1.53566857943847e-06,Higher in basal-like
214552_s_at,RABEP1,6.21716786517504,7.2467731919535,-1.02960532677847,-6.14223146175471,44.497877866294,2.00031118074874e-07,1.53626933287593e-06,Higher in luminal A
211993_at,WNK1,7.25320360966293,6.06931437007123,1.1838892395917,5.88816030548047,58.7687235645338,2.0040726815314e-07,1.53850988293638e-06,Higher in basal-like
201149_s_at,TIMP3,7.66228419033727,9.49334735632167,-1.8310631659844,-5.79232941234862,66.9750139731052,2.03142717860366e-07,1.5577599016852e-06,Higher in luminal A
208370_s_at,RCAN1,9.04326885337817,7.87746978872055,1.16579906465762,5.80303435647948,65.8042985945153,2.03879869499609e-07,1.56319336206579e-06,Higher in basal-like
224579_at,SLC38A1,10.0973327143698,11.2402597557266,-1.14292704135684,-5.78055416153087,67.9905533683159,2.04805125074655e-07,1.56962716757173e-06,Higher in luminal A
204894_s_at,AOC3,5.72667135578416,6.8520011957028,-1.12532983991864,-5.82399040166187,63.3371516722227,2.07949478893122e-07,1.59104922452861e-06,Higher in luminal A
231120_x_at,PKIB,3.98287456594291,6.01295766649543,-2.03008310055252,-6.14411161486125,43.9014158247077,2.08901271126731e-07,1.59766079155882e-06,Higher in luminal A
230958_s_at,"",7.84859093921154,9.11060837902254,-1.262017439811,-5.77562857766372,67.8102416570448,2.10278491676249e-07,1.60751909010052e-06,Higher in luminal A
1552658_a_at,NAV3,3.96658466682398,5.25410512825565,-1.28752046143167,-6.3425396654088,36.9925477546446,2.16317349222164e-07,1.64976301697891e-06,Higher in luminal A
231967_at,PHF20L1,6.08726850323357,5.01636266664266,1.07090583659091,5.83911578945063,61.0763027229634,2.16693712752601e-07,1.65240289327036e-06,Higher in basal-like
229177_at,C16orf89,4.29687404411784,5.68767767515294,-1.3908036310351,-6.55595345172931,32.0726073143916,2.16926646535092e-07,1.65394845897451e-06,Higher in luminal A
214617_at,PRF1,7.39809579964753,6.35463211349856,1.04346368614897,5.82154143063757,62.5620358696827,2.17076842461097e-07,1.65463588561785e-06,Higher in basal-like
241782_at,NEBL,4.16377511728834,5.16653560451532,-1.00276048722697,-5.76799171199091,67.7299560237871,2.1741670941592e-07,1.65676077871992e-06,Higher in luminal A
232591_s_at,TMEM30A,8.28301055072395,6.93960269528201,1.34340785544194,5.79393113108665,64.9585032019852,2.1862395362732e-07,1.66572807477337e-06,Higher in basal-like
209488_s_at,RBPMS,7.34471255216799,8.60124003500671,-1.25652748283872,-5.79366484575154,64.694411607983,2.21213911081993e-07,1.68405327045502e-06,Higher in luminal A
AFFX-r2-Bs-phe-5_at,"",4.86458808784678,6.10567452889867,-1.24108644105189,-6.30812441755349,37.7433521235175,2.21415334598806e-07,1.68511740244846e-06,Higher in luminal A
204087_s_at,SLC5A6,9.65240052748104,8.63531392695487,1.01708660052617,5.80730140702561,63.3834728549175,2.21479122680426e-07,1.68536827175397e-06,Higher in basal-like
212107_s_at,DHX9,8.08544074768452,6.85753294614123,1.22790780154329,5.76605978387162,67.3892356454536,2.21916882583814e-07,1.68826195260657e-06,Higher in basal-like
215571_at,"",3.29922285910667,4.47067900567252,-1.17145614656585,-6.48530289716641,33.3151389279663,2.22997426513418e-07,1.69595913318439e-06,Higher in luminal A
227996_at,FARP1,6.25891671962566,7.45754107297543,-1.19862435334977,-5.76225984917214,67.2223866690796,2.26711187819047e-07,1.72158808250089e-06,Higher in luminal A
221589_s_at,ALDH6A1,6.9228893994786,7.99261913643327,-1.06972973695467,-5.75484743602027,67.9898873391302,2.26876089290915e-07,1.72236186920033e-06,Higher in luminal A
213001_at,ANGPTL2,7.70520581946345,8.88941910433492,-1.18421328487147,-5.81220425710125,62.3088415000761,2.27570845346139e-07,1.72739635836459e-06,Higher in luminal A
226771_at,ATP8B2,6.40575908821444,7.43806926283121,-1.03231017461677,-5.75358419636068,67.9994105219357,2.2793864584922e-07,1.72970790587177e-06,Higher in luminal A
202784_s_at,NNT,7.0401767150896,6.02344667030776,1.01673004478184,5.75294362007973,67.86833458971,2.2963158892341e-07,1.74062208850512e-06,Higher in basal-like
202620_s_at,PLOD2,9.61544337393892,8.46631496534862,1.1491284085903,5.77694902339508,65.0314664722948,2.33002950959159e-07,1.76299977078495e-06,Higher in basal-like
229024_at,RNF150,6.7137184072169,4.91904504713554,1.79467336008136,6.10186509948713,44.1938194353667,2.35263501789771e-07,1.77862720690759e-06,Higher in basal-like
204418_x_at,GSTM2,7.40338826348573,8.64798451252005,-1.24459624903433,-6.03636074151006,46.9796716975521,2.37484582095031e-07,1.79442641321805e-06,Higher in luminal A
205380_at,PDZK1,3.72989989043123,6.714888178442,-2.98498828801076,-6.62915051507709,30.128962962862,2.3873020190781e-07,1.80309072928712e-06,Higher in luminal A
204198_s_at,RUNX3,7.63338100938627,6.04253499139744,1.59084601798883,5.76064988847542,65.974230360379,2.39343395886899e-07,1.80697323531016e-06,Higher in basal-like
1555800_at,ZNF385B,3.63208720159554,6.27422733842962,-2.64214013683408,-6.53514209262178,31.7866515338647,2.40135941104967e-07,1.81195591773586e-06,Higher in luminal A
227609_at,EPSTI1,8.61143603710078,7.09208563543829,1.51935040166249,5.7538959095672,66.3197843579743,2.4253920044692e-07,1.82857567352942e-06,Higher in basal-like
201497_x_at,MYH11,6.58720542635363,8.15085215921506,-1.56364673286143,-5.90100404898609,54.2075387205696,2.42819109969233e-07,1.82992899208378e-06,Higher in luminal A
205382_s_at,CFD,7.11584319455179,8.62250148671384,-1.50665829216205,-5.85499163402094,57.2168434291459,2.45517234050552e-07,1.84949776408293e-06,Higher in luminal A
1554195_a_at,C5orf46,7.53388808179923,5.96726552438199,1.56662255741724,5.73407366527677,67.9802404816704,2.46495807763412e-07,1.8555911179216e-06,Higher in basal-like
205440_s_at,NPY1R,4.55525673200991,7.80083093446404,-3.24557420245414,-5.87525779712119,55.6168474807883,2.47316010115761e-07,1.86125297358283e-06,Higher in luminal A
213247_at,SVEP1,5.87738212647101,6.9728028740371,-1.09542074756609,-6.06064246384105,45.2940409778092,2.47999401345484e-07,1.86562565610406e-06,Higher in luminal A
219778_at,ZFPM2,4.83186205272327,6.26142744737809,-1.42956539465483,-5.73923561831949,67.1163117433069,2.49352426371225e-07,1.87451449358542e-06,Higher in luminal A
236044_at,PLPP4,5.76375564352981,7.32666611806638,-1.56291047453657,-5.84409467127755,57.5823913647669,2.51140318301049e-07,1.88717659470999e-06,Higher in luminal A
223530_at,TDRKH,6.88474980810808,5.68994158320529,1.1948082249028,5.72749731920171,67.7388721228423,2.55264936590097e-07,1.91527520352183e-06,Higher in basal-like
213004_at,ANGPTL2,6.42071958575354,7.49725491592458,-1.07653533017105,-5.79454090989597,61.1181470752086,2.56727872379944e-07,1.92572320241095e-06,Higher in luminal A
217655_at,LOC100127972,6.27148142837931,5.26275313367238,1.00872829470693,5.82982801507214,58.0161532970718,2.59403079492653e-07,1.94365675911481e-06,Higher in basal-like
232202_at,FAM83B,7.00068856248383,5.57551862069674,1.42516994178709,5.73435851022187,66.4404050526116,2.60763934997499e-07,1.95224813720228e-06,Higher in basal-like
213169_at,SEMA5A,5.85233871297841,6.99679952641661,-1.1444608134382,-5.71990989343011,67.9595342095038,2.60956481116345e-07,1.95342218031711e-06,Higher in luminal A
230417_at,GALNT16,4.46508328809039,5.55558838133863,-1.09050509324823,-6.21286747493553,38.9301936424798,2.64052952749242e-07,1.97389871364025e-06,Higher in luminal A
242732_at,"",5.37433112479664,4.31298184064844,1.0613492841482,6.01303546723308,46.6058325058076,2.64706938987656e-07,1.97824656768044e-06,Higher in basal-like
221760_at,MAN1A1,8.56433155519435,9.64630895634038,-1.08197740114603,-5.71973984514043,67.578677516964,2.64789996671057e-07,1.97859683859369e-06,Higher in luminal A
226665_at,AHSA2,6.98388998343504,8.25397645092703,-1.27008646749199,-5.89855370416752,52.4683211102805,2.70714185802766e-07,2.01872587408159e-06,Higher in luminal A
243054_at,"",7.52268347535902,8.84284020384199,-1.32015672848297,-5.87257055511807,54.1233719537151,2.70910911724891e-07,2.01991737332039e-06,Higher in luminal A
230028_at,KIAA0907,8.24650947592141,7.13085326255768,1.11565621336372,6.03466153081042,45.2774314726571,2.7145887242036e-07,2.0237270043064e-06,Higher in basal-like
220356_at,CORIN,4.10741417172248,5.59200357705862,-1.48458940533614,-6.00704927700525,46.321563568151,2.75964068705058e-07,2.0550715685711e-06,Higher in luminal A
227741_at,HACD2,7.24346072226308,5.90778291751549,1.33567780474759,5.8115557454885,58.0194764044624,2.77880361135765e-07,2.06793367974656e-06,Higher in basal-like
215034_s_at,TM4SF1,10.4758353685669,8.62489521490389,1.85094015366303,5.86376761796209,53.9954364024476,2.81821905124999e-07,2.09469992695885e-06,Higher in basal-like
206638_at,HTR2B,4.08620167817712,5.43960875510838,-1.35340707693127,-6.14939922641674,40.342349416829,2.8204540164366e-07,2.09607616349968e-06,Higher in luminal A
1554557_at,ATP11B,5.18984331168955,3.94842010962161,1.24142320206794,5.84654923494384,55.147719183955,2.8210674192131e-07,2.0962470935781e-06,Higher in basal-like
1568765_at,SERPINE1,5.17480998623354,6.63256152170949,-1.45775153547595,-5.89345395368361,52.0472495446037,2.82713648409884e-07,2.10047135844685e-06,Higher in luminal A
230876_at,ZNF883,4.90887635223213,3.76150530089396,1.14737105133818,5.7045410371673,67.4135573753215,2.82919065454619e-07,2.10171194344175e-06,Higher in basal-like
1556211_a_at,"",4.81356136627915,5.93134840895324,-1.11778704267409,-5.75464031062148,62.3358554162725,2.83982720724762e-07,2.10881484623066e-06,Higher in luminal A
236983_at,TMC5,4.17893418490034,5.41990267977477,-1.24096849487443,-6.2524871272795,37.0630368276803,2.83990922959238e-07,2.10881484623066e-06,Higher in luminal A
212915_at,PDZRN3,7.06369177434231,8.1213509207438,-1.05765914640148,-5.69573586086252,67.7789041898115,2.89096865876738e-07,2.14294619601554e-06,Higher in luminal A
230356_at,"",4.46979776948591,3.13838370443299,1.33141406505291,6.12459206142287,40.9356919107332,2.89364078875212e-07,2.14384976834977e-06,Higher in basal-like
240815_at,"",4.66468658270753,6.2669552346964,-1.60226865198887,-5.76693306600724,60.8073659849257,2.89375606592067e-07,2.14384976834977e-06,Higher in luminal A
222043_at,CLU,5.39870491671156,6.85548999125964,-1.45678507454808,-5.69248061358722,67.9457486366902,2.91098855578358e-07,2.15603223093291e-06,Higher in luminal A
208712_at,CCND1,8.11595756344263,9.90261958995561,-1.78666202651298,-5.7487869053303,62.1205931364862,2.93132091825715e-07,2.16962191966576e-06,Higher in luminal A
240331_at,"",3.93172633574633,6.005406115732,-2.07367977998566,-6.0901678104035,41.9265890436206,2.96521206326453e-07,2.1911470409378e-06,Higher in luminal A
206396_at,SLC1A1,5.04343346922132,6.67970384598163,-1.63627037676031,-6.39273435555562,33.1276801357825,2.9992309681094e-07,2.21419056415584e-06,Higher in luminal A
1558828_s_at,CARMN,5.85492383760044,7.27026333389797,-1.41533949629752,-5.68023963261287,67.9690113129204,3.0531431999522e-07,2.25186300360699e-06,Higher in luminal A
239196_at,ANKRD22,7.03719210594942,6.00725630817761,1.02993579777181,5.76089277544819,60.063138158806,3.06118910027128e-07,2.25749277120761e-06,Higher in basal-like
213800_at,CFH,6.47842603541178,7.62162351736504,-1.14319748195326,-5.72360084370913,63.2958348379831,3.07729217051222e-07,2.2687560601774e-06,Higher in luminal A
241897_at,"",7.34375277250409,8.59069619008444,-1.24694341758035,-5.68978780408951,66.677194105072,3.08100784832965e-07,2.27088304269916e-06,Higher in luminal A
210087_s_at,MPZL1,7.96034345103843,6.81424275340493,1.1461006976335,5.67192018251714,67.9186270573339,3.161073609966e-07,2.32456892568784e-06,Higher in basal-like
202191_s_at,GAS7,6.5002746302603,7.65286345525294,-1.15258882499265,-5.6693060819414,67.7761026181043,3.21015723895829e-07,2.35907724516189e-06,Higher in luminal A
238577_s_at,TSHZ2,4.98748247262476,6.31746188160794,-1.32997940898317,-5.98774322390644,44.8977792474216,3.28142335322978e-07,2.40659720775102e-06,Higher in luminal A
235425_at,SGO2,7.27864563467485,6.21111156291356,1.0675340717613,5.65628451796726,67.9472644912719,3.35946542069561e-07,2.460203212919e-06,Higher in basal-like
201349_at,SLC9A3R1,8.55261214936719,9.64821542416911,-1.09560327480192,-5.74408390401676,59.3936780156385,3.3633739720122e-07,2.46273566251194e-06,Higher in luminal A
39763_at,HPX,5.7752031985249,6.90810418859819,-1.13290099007329,-6.41100464389278,31.8361906135375,3.3978416477034e-07,2.4849784923513e-06,Higher in luminal A
237395_at,CYP4Z1,3.98625825977718,7.53601643377733,-3.54975817400016,-6.06921931928018,41.0669506269274,3.428215840009e-07,2.50585161834883e-06,Higher in luminal A
226997_at,ADAMTS12,7.32537382520265,8.47723650781018,-1.15186268260753,-5.68056419026633,64.5449940823792,3.46190231635323e-07,2.52810884395102e-06,Higher in luminal A
205485_at,RYR1,5.30194758750838,3.83174642289533,1.47020116461304,6.0132116187956,43.0268328471537,3.49050013519679e-07,2.54593242918736e-06,Higher in basal-like
227443_at,LURAP1L,6.5272406278748,8.01293232396824,-1.48569169609343,-5.6642658537191,66.0153708635741,3.49030952516641e-07,2.54593242918736e-06,Higher in luminal A
209343_at,EFHD1,9.19526518300315,10.6965303336424,-1.50126515063923,-5.65964648986318,66.4983720004299,3.49173680050225e-07,2.54649472545632e-06,Higher in luminal A
201848_s_at,BNIP3,7.94573886556283,6.88669321714681,1.05904564841602,5.70848080807215,61.5250726681638,3.51026797577234e-07,2.55736326105712e-06,Higher in basal-like
242055_at,PSMG4,6.18722016853467,7.29852339483863,-1.11130322630395,-5.65059548507336,67.2466952951105,3.52208366326792e-07,2.56452156464474e-06,Higher in luminal A
214451_at,TFAP2B,4.77319578689682,8.47551213210215,-3.70231634520533,-6.00333065145176,43.2243824305681,3.5505133988138e-07,2.58418956443217e-06,Higher in luminal A
220615_s_at,FAR2,7.07074554400057,5.64116644904969,1.42957909495088,5.64052700223994,67.9843146497656,3.57085665936169e-07,2.59812425628911e-06,Higher in basal-like
218541_s_at,C8orf4,6.5984608612604,8.67383829825709,-2.07537743699669,-5.64445237568155,67.385236882104,3.59071382777232e-07,2.60997445537692e-06,Higher in luminal A
229139_at,JPH1,7.14945774788847,5.80902463242051,1.34043311546796,5.72154833371869,59.5336916055686,3.64072759595793e-07,2.64386746326205e-06,Higher in basal-like
211423_s_at,SC5D,7.82430614777995,8.92116529041656,-1.09685914263661,-5.71738733147357,59.8357321571919,3.64945739988458e-07,2.64950316476815e-06,Higher in luminal A
216769_x_at,"",4.77659525925191,5.85538039865114,-1.07878513939923,-5.65968681381106,64.9119235053812,3.7030366869044e-07,2.68341326516233e-06,Higher in luminal A
823_at,CX3CL1,7.62056206432065,6.50637335169676,1.11418871262389,5.62993199152616,67.9431810673168,3.72888112812574e-07,2.70070970566002e-06,Higher in basal-like
219974_x_at,ECHDC1,7.88509505648222,6.87135294165095,1.01374211483128,5.64992195648928,65.6515525269204,3.74197366729774e-07,2.70911560195318e-06,Higher in basal-like
205505_at,GCNT1,6.33208935882512,5.26322513290254,1.06886422592258,5.6336943244589,67.4005380199476,3.74425247954297e-07,2.7104065181916e-06,Higher in basal-like
205780_at,BIK,7.02958938297931,8.39435969562512,-1.36477031264582,-5.70515358524679,60.1840598295709,3.76536945566512e-07,2.72330449947462e-06,Higher in luminal A
208335_s_at,ACKR1,5.34000304279187,7.14407008859368,-1.80406704580181,-6.06869177155804,40.0174213044134,3.77785194909778e-07,2.73147388676172e-06,Higher in luminal A
235743_at,"",4.07224485263057,5.19018769634119,-1.11794284371061,-5.80141416669116,52.7056366284109,3.80299064823257e-07,2.74783287554005e-06,Higher in luminal A
233320_at,TCAM1P,4.73720904279141,3.14106147819099,1.59614756460042,6.0284690607052,41.3985685695805,3.80639633338983e-07,2.74956691145579e-06,Higher in basal-like
224822_at,DLC1,6.99474513644999,8.09643438294285,-1.10168924649285,-5.63495248399229,66.4297900899522,3.85681513016624e-07,2.78231121839081e-06,Higher in luminal A
207030_s_at,CSRP2,9.45277532977084,8.19208536176673,1.26068996800411,5.64570824189902,65.2246548231506,3.86486558824357e-07,2.78738327446534e-06,Higher in basal-like
206276_at,LY6D,6.55359330859186,4.31643728251685,2.23715602607501,6.03448294103086,40.9777195325943,3.8720818379908e-07,2.79148304973823e-06,Higher in basal-like
227642_at,TFCP2L1,7.35537461082386,5.86495024858382,1.49042436224004,5.6207074644853,67.507665481898,3.92610912734253e-07,2.8252173800665e-06,Higher in basal-like
1563120_at,LOC100131270,5.35360051998324,4.25234826627789,1.10125225370535,5.92909658555036,44.9561965206065,3.9912207742486e-07,2.86565982707869e-06,Higher in basal-like
218748_s_at,EXOC5,6.6902638275564,5.55608047920075,1.13418334835565,5.62312090187936,66.5371176136326,4.02452297677602e-07,2.88791905363651e-06,Higher in basal-like
228731_at,GUCY1A2,4.95941726034141,6.29696118504853,-1.33754392470712,-5.78340132107408,52.7474450640587,4.05105239909081e-07,2.90442289431275e-06,Higher in luminal A
238531_x_at,"",5.479564328015,4.44837110830531,1.03119321970969,5.74513876362558,55.1216803311577,4.11106215391298e-07,2.94320182355889e-06,Higher in basal-like
205660_at,OASL,6.6736701290761,5.28388592723941,1.38978420183669,5.61675279807063,66.0995459927401,4.19140456046846e-07,2.99092984003672e-06,Higher in basal-like
226913_s_at,SOX8,6.24585658968442,4.1341091307118,2.11174745897262,5.90178984307027,45.5441304862044,4.19790322711032e-07,2.9950995989321e-06,Higher in basal-like
238593_at,C11orf80,8.6749238809049,7.66489235842608,1.01003152247882,5.70843757230469,57.4951557587903,4.19834354388946e-07,2.9950995989321e-06,Higher in basal-like
225987_at,STEAP4,5.94116756844983,8.20060762282863,-2.2594400543788,-5.77570462279175,52.5663004704016,4.20777761199323e-07,3.00000394536696e-06,Higher in luminal A
239971_at,"",3.76771647632447,4.93979773685197,-1.1720812605275,-6.0806260001237,38.3931558432006,4.24474151096432e-07,3.02346589515339e-06,Higher in luminal A
213992_at,COL4A6,3.49677135058023,4.86557601170001,-1.36880466111978,-6.29214797873491,32.6858102683501,4.26480198441019e-07,3.03577722298694e-06,Higher in luminal A
231647_s_at,FCRL5,4.63915177109644,3.18961438251222,1.44953738858421,5.8479638886756,48.006973846803,4.27422649110154e-07,3.04169378369096e-06,Higher in basal-like
227148_at,PLEKHH2,4.91118182479189,6.26804195713331,-1.35686013234142,-5.59270938614635,67.882211936786,4.32789563975167e-07,3.07828403933163e-06,Higher in luminal A
215646_s_at,VCAN,9.09660580562997,10.7430477439683,-1.64644193833831,-5.6001917951135,66.8671438711335,4.35227166263542e-07,3.09401187302811e-06,Higher in luminal A
204724_s_at,COL9A3,6.99411697439342,5.23758735615193,1.75652961824149,5.78975147041705,50.6586065031841,4.45873254896878e-07,3.16434582184408e-06,Higher in basal-like
202600_s_at,NRIP1,9.35736792800084,10.4396419267067,-1.08227399870584,-5.62978154105476,62.862222584513,4.49928752256225e-07,3.19188458928365e-06,Higher in luminal A
229437_at,MIR155,5.81546327714251,4.38822479719601,1.4272384799465,5.57674592332792,67.6786755817486,4.64065749039752e-07,3.28153062968811e-06,Higher in basal-like
235574_at,GBP4,5.78225817872301,4.60485392133887,1.17740425738413,5.84327140492938,47.0035747979999,4.64272463388616e-07,3.28256781789378e-06,Higher in basal-like
209576_at,GNAI1,5.90210189973274,4.84116061134365,1.06094128838909,5.61855379618098,63.132859070557,4.6489957535484e-07,3.28615181415978e-06,Higher in basal-like
211122_s_at,CXCL11,7.94730441231281,5.42465267914076,2.52265173317205,5.57648292490567,67.382701221392,4.69248322064486e-07,3.31474832156017e-06,Higher in basal-like
200907_s_at,PALLD,10.0194105977217,11.0909841438328,-1.07157354611112,-5.60512990918865,64.0770510308639,4.72350573779152e-07,3.33407792684936e-06,Higher in luminal A
226517_at,BCAT1,8.48570378241529,7.17598010635226,1.30972367606304,5.63160812605878,61.3071272409492,4.75410180392406e-07,3.35524094655412e-06,Higher in basal-like
202920_at,ANK2,4.84110591294117,6.25245873957937,-1.41135282663819,-5.64480900222974,59.7133423925791,4.83203877299513e-07,3.40435628980428e-06,Higher in luminal A
223805_at,OSBPL6,5.54015856512314,6.68634821848204,-1.1461896533589,-5.59108502724092,64.6419966235108,4.88422425312018e-07,3.43687208544847e-06,Higher in luminal A
213552_at,GLCE,6.17601019886162,7.22720062469246,-1.05119042583083,-5.73320314517873,52.4449724549206,4.94168900568462e-07,3.47507197923867e-06,Higher in luminal A
218888_s_at,NETO2,7.61162073767761,6.13228199932791,1.4793387383497,5.57704941621963,65.8170170535359,4.94416773580694e-07,3.47592093294644e-06,Higher in basal-like
215220_s_at,TPR,4.76027105152607,3.75970113379789,1.00056991772818,5.63474431563395,60.0518267520691,4.94836669386195e-07,3.47842567481232e-06,Higher in basal-like
229019_at,ZNF385B,4.48350958081575,6.74492292676097,-2.26141334594522,-6.2018176766463,33.5751636895624,4.96675224421848e-07,3.48910675771098e-06,Higher in luminal A
211734_s_at,FCER1A,4.28909265136282,6.12571929606776,-1.83662664470494,-5.74766954918042,50.967617840874,5.09225833430869e-07,3.56810488822668e-06,Higher in luminal A
204279_at,PSMB9,9.49697279662311,7.97779345693598,1.51917933968713,5.54705590111936,67.9147284165069,5.17428635147424e-07,3.61862504818181e-06,Higher in basal-like
201693_s_at,EGR1,7.16305714468367,8.60396677958899,-1.44090963490532,-5.6916412927208,54.2430640892489,5.23289595227846e-07,3.65447165909854e-06,Higher in luminal A
236180_at,"",4.93413670292255,3.927223543045,1.00691315987754,5.8077718582653,46.8246996846896,5.31457517972919e-07,3.70562436926622e-06,Higher in basal-like
213484_at,ADD2,4.87551249111561,3.82571952984553,1.04979296127008,5.85391754198865,44.3461057531825,5.39136726422907e-07,3.7498156108857e-06,Higher in basal-like
222862_s_at,AK5,4.58930656024656,6.09632285423766,-1.5070162939911,-6.31582137174454,30.3994490959949,5.46022069653281e-07,3.79432596063716e-06,Higher in luminal A
223796_at,CNTNAP3B,5.01016096103243,3.77179972291677,1.23836123811566,5.75129221366748,49.5158396023911,5.47048972985025e-07,3.80049588284069e-06,Higher in basal-like
239594_at,DRAIC,3.67968697067122,5.42720609386886,-1.74751912319764,-6.16429109013423,33.6264064170025,5.51596470468315e-07,3.82868313099595e-06,Higher in luminal A
228423_at,MAP9,6.68528978826914,7.70599940905711,-1.02070962078797,-5.53290616485003,67.28850542474,5.58500576769219e-07,3.87267203993114e-06,Higher in luminal A
225915_at,CAB39L,5.76291137764128,6.97532409415345,-1.21241271651217,-5.65811745794706,55.2129470285438,5.64153771830256e-07,3.90939258235985e-06,Higher in luminal A
242579_at,BMPR1B,5.68763722441026,8.97056289290957,-3.28292566849931,-5.90789276604926,41.3927153815023,5.6624920341216e-07,3.9229188034161e-06,Higher in luminal A
205016_at,TGFA,6.60553735518395,5.12455137347704,1.48098598170691,5.62076186424819,58.1167358522568,5.66899988286533e-07,3.92692979343294e-06,Higher in basal-like
AFFX-HUMISGF3A/M97935_3_at,STAT1,11.0093226846037,9.85814714519596,1.15117553940778,5.52316810566858,67.9672176782054,5.67366365707673e-07,3.92916479354871e-06,Higher in basal-like
218829_s_at,CHD7,7.70187335744768,6.53494464086197,1.16692871658571,5.52157491922112,67.8354568775487,5.73395373779393e-07,3.96890645162531e-06,Higher in basal-like
227498_at,SOX6,5.5308172650467,3.8596445015197,1.671172763527,5.80602414823353,45.6987328912648,5.76833267010132e-07,3.98967221679683e-06,Higher in basal-like
229968_at,"",7.51574066652897,6.48180657184942,1.03393409467955,5.54343211731014,64.5843686034805,5.88677603887667e-07,4.06422785263834e-06,Higher in basal-like
206932_at,CH25H,4.82054802874963,6.14594415649645,-1.32539612774682,-5.75983480134696,47.7005211244569,5.93333442612135e-07,4.09343923972473e-06,Higher in luminal A
1558217_at,SLFN13,5.27299088286928,4.25660331512852,1.01638756774076,5.59780392943395,58.9525316618238,5.96011945854039e-07,4.11036240408295e-06,Higher in basal-like
219271_at,GALNT14,6.50411547098568,5.23867968239419,1.26543578859149,5.52319315818043,66.2408503693693,6.00973802566736e-07,4.13988190189445e-06,Higher in basal-like
217430_x_at,COL1A1,8.96771767195082,10.3845144974407,-1.41679682548992,-5.64242511629773,55.0075790810454,6.03659038171448e-07,4.15680830126246e-06,Higher in luminal A
210021_s_at,CCNO,5.43289605848084,6.88409393645642,-1.45119787797558,-5.54130506775788,64.0378580388894,6.05349447521148e-07,4.16634957744446e-06,Higher in luminal A
204811_s_at,CACNA2D2,5.13599714402754,6.43304715865564,-1.29705001462809,-6.15486207153077,33.0697147728569,6.06862543598733e-07,4.1756645932943e-06,Higher in luminal A
205732_s_at,NCOA2,5.25749425498181,4.21223824265017,1.04525601233164,5.50623136878591,67.7508282174803,6.10645171774451e-07,4.19698614289982e-06,Higher in basal-like
228325_at,SPIDR,4.94403646877511,5.94933606969534,-1.00529960092022,-5.57518030948479,60.2777928552717,6.14384468178915e-07,4.22109459634106e-06,Higher in luminal A
210764_s_at,CYR61,8.85663637175229,10.2489287166669,-1.39229234491459,-5.61745919345661,56.4749177409602,6.17804637321397e-07,4.2413948449959e-06,Higher in luminal A
233304_at,NFIB,5.50541529287775,4.3847831798089,1.12063211306885,5.60818503779598,56.8771055394475,6.27858655802927e-07,4.3050127923282e-06,Higher in basal-like
204378_at,BCAS1,4.91728880233125,6.00122890254233,-1.08394010021107,-5.90017825527702,40.2584096440087,6.38657781990119e-07,4.37083667922265e-06,Higher in luminal A
232423_at,ARSD,6.74407719820594,7.78997864494957,-1.04590144674363,-5.55910570968879,60.7661593767444,6.40303638244366e-07,4.3804556332596e-06,Higher in luminal A
222387_s_at,VPS35,7.98428267118382,6.81574423268677,1.16853843849705,5.51545332235151,65.2227966183821,6.41406239390676e-07,4.38580366917024e-06,Higher in basal-like
212531_at,LCN2,7.58594470778231,5.60495105581843,1.98099365196387,5.77268930430033,45.7280072378017,6.45445772008712e-07,4.40846315859792e-06,Higher in basal-like
AFFX-HUMRGE/M10098_3_at,"",8.71916220982061,7.30836127164558,1.41080093817503,5.48848334389612,67.9901423968316,6.49588624185055e-07,4.43288292902121e-06,Higher in basal-like
209921_at,SLC7A11,7.1004795790668,5.74102245000355,1.35945712906325,5.48900159026808,66.6807459273163,6.76533056203819e-07,4.60354011797683e-06,Higher in basal-like
243000_at,CDK6,4.94515827222008,3.922692662301,1.02246560991908,5.68652792279225,49.7170153830075,6.80107200692601e-07,4.62498273605323e-06,Higher in basal-like
204069_at,MEIS1,5.87069406382601,6.91919059411078,-1.04849653028477,-5.55210325372789,59.5534478891346,6.90401814273303e-07,4.68624695163164e-06,Higher in luminal A
205896_at,SLC22A4,5.03170512942638,6.04136042402863,-1.00965529460226,-5.73712580762649,46.433994595627,6.96173960858807e-07,4.72143169332882e-06,Higher in luminal A
203485_at,RTN1,5.49527939554547,7.21522804179357,-1.71994864624811,-5.79024278112454,43.6703992387543,7.02213795356887e-07,4.75930116732704e-06,Higher in luminal A
205822_s_at,HMGCS1,6.17781716785895,5.17365007347937,1.00416709437959,5.49113689059277,65.3107007801873,7.02612934659145e-07,4.76026793091558e-06,Higher in basal-like
213355_at,ST3GAL6,6.09270795803384,5.02712854837882,1.06557940965502,5.55564225066557,58.7858297561041,7.0321613655988e-07,4.76317421536316e-06,Higher in basal-like
203294_s_at,LMAN1,6.51923049124091,5.51129039608545,1.00794009515546,5.54378442047011,59.7399969704981,7.07006107385361e-07,4.78647336816426e-06,Higher in basal-like
228143_at,CP,6.57550928460058,4.33435310862725,2.24115617597334,5.55078646832499,59.0382747939267,7.08677703552275e-07,4.79422833973282e-06,Higher in basal-like
203921_at,CHST2,7.42390758249251,6.22637662561767,1.19753095687484,5.69639751971076,48.2819156172419,7.14627256950038e-07,4.82850287614228e-06,Higher in basal-like
205830_at,CLGN,4.39962628711913,6.51129443185863,-2.1116681447395,-5.57963221338397,56.3348334869742,7.15261856290183e-07,4.83159649032193e-06,Higher in luminal A
201147_s_at,TIMP3,7.99140950646514,9.66452456903018,-1.67311506256505,-5.46425125991846,67.8075109249058,7.18408545119288e-07,4.85105436635755e-06,Higher in luminal A
201787_at,FBLN1,7.26730286059277,8.40991970395815,-1.14261684336539,-5.56571690535101,57.2182892538894,7.24162543009127e-07,4.88628742922671e-06,Higher in luminal A
209710_at,GATA2,5.75374063915251,6.95138859098257,-1.19764795183006,-5.60439662469496,53.7783096698999,7.36527091732991e-07,4.96359161105649e-06,Higher in luminal A
227929_at,LIN7A,4.24633821458995,6.03092866163589,-1.78459044704594,-6.1891280362598,30.7853688923245,7.38310272772371e-07,4.97438252172882e-06,Higher in luminal A
213245_at,ADCY1,5.25202340260476,7.20932444529315,-1.95730104268839,-5.8582839208846,40.0557882148647,7.44272081651963e-07,5.00961172772634e-06,Higher in luminal A
207522_s_at,ATP2A3,5.66252795388036,6.87053145929181,-1.20800350541144,-5.54721280164898,57.7521021890638,7.58105594756648e-07,5.09144127175037e-06,Higher in luminal A
1553394_a_at,TFAP2B,4.83235780462471,7.83956570319856,-3.00720789857384,-5.81192553973388,41.6100490570421,7.63142877690412e-07,5.12338369814873e-06,Higher in luminal A
204437_s_at,FOLR1,6.59821630965987,5.1102790360631,1.48793727359677,5.53942487297864,58.0529890718906,7.70543371849665e-07,5.16862456825916e-06,Higher in basal-like
230744_at,FSTL1,4.95204291625184,6.0690632349814,-1.11702031872955,-5.8190261889528,41.0141058954265,7.81637374639487e-07,5.23340968141244e-06,Higher in luminal A
1555801_s_at,ZNF385B,3.30316524931846,5.63178138646745,-2.32861613714899,-6.13510318003928,31.5044823548856,7.8262629448057e-07,5.23874787594578e-06,Higher in luminal A
227294_at,ZNF689,6.61694537481,7.68932053123552,-1.07237515642552,-6.05725347831349,33.3079171387096,7.86236070677875e-07,5.26097872528611e-06,Higher in luminal A
1552656_s_at,UHMK1,6.76094409918754,5.62393983267881,1.13700426650873,5.438097357979,67.2873744871751,8.08859816425248e-07,5.40310451594996e-06,Higher in basal-like
227600_at,MRPS30,5.35736501189769,6.93968667024883,-1.58232165835113,-5.84182741818728,39.4682108094451,8.25007527905297e-07,5.49954725533067e-06,Higher in luminal A
228716_at,THRB,5.20995439761176,6.30396521209575,-1.09401081448399,-5.43049303371003,67.5835623683525,8.25439710725346e-07,5.50175742824677e-06,Higher in luminal A
207038_at,SLC16A6,5.03665083232476,6.54142263557204,-1.50477180324728,-5.8135301912566,40.5228497157956,8.28006504864018e-07,5.51617590513466e-06,Higher in luminal A
201631_s_at,IER3,9.80175569735835,10.9873232872009,-1.18556758984253,-5.42860909514312,67.6831986681925,8.28935520178567e-07,5.52169219855789e-06,Higher in luminal A
222646_s_at,ERO1A,8.25002153402429,7.09931858218903,1.15070295183525,5.42594390389807,67.8644472732629,8.3288078190745e-07,5.54594528690657e-06,Higher in basal-like
226649_at,PANK1,6.82880430794429,5.77108101641694,1.05772329152735,5.48100005667243,61.5930674027663,8.34262971830399e-07,5.55379617494546e-06,Higher in basal-like
201235_s_at,BTG2,6.22033193133853,7.64065631643081,-1.42032438509227,-5.78305203102303,41.6723586223955,8.35250046378117e-07,5.55901354664925e-06,Higher in luminal A
241376_at,"",5.91213687448883,6.96997367864916,-1.05783680416033,-5.50644315598319,59.0034411133737,8.38134473577999e-07,5.57549608746528e-06,Higher in luminal A
222714_s_at,LACTB2,8.04210392249588,7.013767875662,1.02833604683388,5.50403635052863,58.9646919608509,8.47052139937637e-07,5.63139296584269e-06,Higher in basal-like
227971_at,NRK,3.81686856922999,5.18345867081352,-1.36659010158352,-5.86012617721895,38.4594392474734,8.49758058256009e-07,5.64732245474016e-06,Higher in luminal A
216248_s_at,NR4A2,6.26148624123103,7.913560448783,-1.65207420755198,-5.58186523240875,52.4314863133455,8.54428748664335e-07,5.67560343010843e-06,Higher in luminal A
221078_s_at,CCDC88A,6.2400347687967,5.18621253738393,1.05382223141277,5.57713796158356,52.5976499083546,8.61908018607781e-07,5.72042011621515e-06,Higher in basal-like
206857_s_at,FKBP1B,5.08110030483235,6.23242638511863,-1.15132608028628,-5.53943241896908,55.2769393651517,8.70126090948242e-07,5.77356116779067e-06,Higher in luminal A
200727_s_at,ACTR2,8.41434229134784,7.26292629314566,1.15141599820218,5.41611497140275,67.679935232743,8.70395901571564e-07,5.77449602520396e-06,Higher in basal-like
206163_at,MIR548F5,3.50765468859592,4.58591278774254,-1.07825809914662,-6.01004751929396,33.6218890255708,8.72101312169345e-07,5.78385968496591e-06,Higher in luminal A
221477_s_at,LOC100129518,9.05043707518052,7.95800526200311,1.0924318131774,5.41231448582887,67.7728086037363,8.80845343347606e-07,5.83689481851052e-06,Higher in basal-like
1557270_at,"",7.69705367859355,8.73305356256703,-1.03599988397348,-5.40856823454709,67.9860369231271,8.87955074265912e-07,5.87830774736514e-06,Higher in luminal A
238987_at,B4GALT1,6.91928196129198,7.9386915134928,-1.01940955220081,-5.54277004644639,54.5666853511835,8.88074140278656e-07,5.87838421546435e-06,Higher in luminal A
214657_s_at,MIR612,6.77574013895909,8.1750284481907,-1.39928830923161,-5.41361495015077,67.0782446359963,8.95580080875772e-07,5.92376493127061e-06,Higher in luminal A
202086_at,MX1,10.4591841252318,8.69670210580894,1.76248201942282,5.49706283656969,58.232710071925,8.95733991325904e-07,5.92406628471559e-06,Higher in basal-like
213248_at,LOC730101,6.6505438979045,5.5840117041288,1.0665321937757,5.41124526276538,67.0526434130173,9.04590479277859e-07,5.97541191911525e-06,Higher in basal-like
203021_at,SLPI,8.95382694533313,7.05617797198034,1.89764897335279,5.42467730774483,64.4782495045525,9.33870678562121e-07,6.15692503923598e-06,Higher in basal-like
238103_at,LINC01207,3.1842848477196,4.3622245417602,-1.1779396940406,-5.77130879421214,40.7023557133895,9.36495314601823e-07,6.17348460644498e-06,Higher in luminal A
213156_at,ZBTB20,7.98218299902047,8.99552208933301,-1.01333909031254,-5.47171075797055,59.3394799506591,9.41936252342922e-07,6.20722999160525e-06,Higher in luminal A
226869_at,MEGF6,6.19873204718015,7.40885346257899,-1.21012141539884,-5.42816851433314,63.7602382198685,9.44230026965755e-07,6.21922379524788e-06,Higher in luminal A
227425_at,REPS2,5.39924270193105,7.16968385116345,-1.7704411492324,-5.77653796483912,40.3081871377178,9.5018266798562e-07,6.25617020377093e-06,Higher in luminal A
228262_at,MAP7D2,4.7503892930263,3.67089249604373,1.07949679698257,5.65089709562336,46.0778965796582,9.58267537048537e-07,6.30484688184462e-06,Higher in basal-like
225835_at,SLC12A2,7.35375104001897,8.83051770183787,-1.4767666618189,-5.38942893084539,67.8751299195931,9.59960571351014e-07,6.31446634247073e-06,Higher in luminal A
223687_s_at,LY6K,7.22090366476149,5.58205718673328,1.63884647802821,5.52150108238033,54.2933825485654,9.71934542787064e-07,6.38861759159446e-06,Higher in basal-like
225720_at,SYNPO2,5.20094131740518,6.30118812089127,-1.10024680348609,-5.38305500865941,67.9755169558777,9.8108894836331e-07,6.44491628640682e-06,Higher in luminal A
1569342_at,GLI3,3.99995387706637,5.02984051984206,-1.02988664277569,-5.58037508876645,49.7769967903603,9.86825391575564e-07,6.47715225502929e-06,Higher in luminal A
202357_s_at,CFB,8.19373733552932,10.1427920741037,-1.94905473857439,-5.38267866434973,67.7624103462152,9.88897357231387e-07,6.48887427883923e-06,Higher in luminal A
221728_x_at,XIST,10.1285751306268,11.3512498396022,-1.22267470897534,-5.42608363971307,62.5669146344368,9.92172278379619e-07,6.50599895903162e-06,Higher in luminal A
228523_at,NANOS1,6.11250207836055,4.53707562299641,1.57542645536413,5.37995142654641,67.9697576913666,9.93188030335252e-07,6.51187858958867e-06,Higher in basal-like
222450_at,PMEPA1,8.7048444523068,9.89434530848606,-1.18950085617926,-5.40815652176924,64.3102229445209,1.00062296754041e-06,6.55512350230913e-06,Higher in luminal A
233276_at,"",5.91821888895656,7.63136962872312,-1.71315073976656,-5.74797298091092,40.7847227028537,1.0040183598169e-06,6.57511638112148e-06,Higher in luminal A
229254_at,MFSD4A,5.65540854862593,4.14152964413705,1.51387890448888,5.57973942275418,49.4927186985833,1.00449107975279e-06,6.57731135155494e-06,Higher in basal-like
AFFX-PheX-5_at,"",4.55548215266245,5.55613576733633,-1.00065361467388,-5.86090307825467,36.5542740244753,1.01065670643182e-06,6.61383639293488e-06,Higher in luminal A
207977_s_at,DPT,6.21935404399233,7.52057019861481,-1.30121615462247,-5.64183954217639,45.6425905471001,1.01605173188108e-06,6.64505124887538e-06,Higher in luminal A
226436_at,RASSF4,8.27871571286194,6.97721454301724,1.30150116984469,5.38255952396337,66.6865680220569,1.0226744637704e-06,6.68356757191572e-06,Higher in basal-like
209822_s_at,VLDLR,7.50564152325871,6.16440211012978,1.34123941312894,5.40661098898696,63.7687395009712,1.0251067582173e-06,6.69626188835496e-06,Higher in basal-like
235238_at,SHC4,5.56867818248074,3.76532327389108,1.80335490858966,5.67510705679193,43.5086603467591,1.0456818034856e-06,6.81356841920809e-06,Higher in basal-like
1562235_s_at,"",7.48565780492704,8.57656743083999,-1.09090962591295,-5.40621820916973,62.7708577995897,1.06244059439823e-06,6.91452678237393e-06,Higher in luminal A
227803_at,ENPP5,6.28011422346979,7.93466656429567,-1.65455234082588,-5.53293077203117,51.5716915982659,1.06351944855198e-06,6.9199007318314e-06,Higher in luminal A
219386_s_at,SLAMF8,7.3658805494126,5.83595835842996,1.52992219098264,5.41559727484485,61.666267978254,1.06612278966838e-06,6.93436396920282e-06,Higher in basal-like
205428_s_at,CALB2,6.81752856575608,5.34960715941725,1.46792140633883,5.507584372179,53.3798424995914,1.06685033081296e-06,6.93827070741031e-06,Higher in basal-like
1552327_at,ARMCX4,3.80561493697749,4.92279843873866,-1.11718350176117,-5.98761519581755,32.3727098406422,1.07632861128149e-06,6.98993548186426e-06,Higher in luminal A
203355_s_at,PSD3,6.66848100065455,8.60722730758276,-1.93874630692821,-5.43451414950074,58.9803111975677,1.09787476382752e-06,7.11380691067431e-06,Higher in luminal A
230778_at,"",4.82539247092239,6.10059202156023,-1.27519955063784,-5.57790245906022,47.9675147791158,1.10110732373142e-06,7.13390720760935e-06,Higher in luminal A
228904_at,HOXB3,7.12645071357341,8.91880262427275,-1.79235191069933,-5.37269909059787,65.3483929762471,1.10821379634756e-06,7.17569745562563e-06,Higher in luminal A
205352_at,SERPINI1,5.95470459768928,7.20628835498409,-1.2515837572948,-5.54221833463683,49.9725457392549,1.11749666051846e-06,7.23066626199372e-06,Higher in luminal A
235976_at,SLITRK6,3.29284400434588,5.79504271782063,-2.50219871347474,-5.98539096035907,31.9053997741009,1.14521868989765e-06,7.39166944518401e-06,Higher in luminal A
228506_at,NSMCE4A,6.11188084681071,7.21181081629372,-1.099929969483,-5.34902323295675,67.168911623218,1.14732497219059e-06,7.40264253652592e-06,Higher in luminal A
220445_s_at,CSAG2,6.08092050580163,4.37099071230762,1.70992979349401,5.69133071440711,41.463805778986,1.14748736898549e-06,7.40281674327807e-06,Higher in basal-like
211466_at,NFIB,7.18916671374453,5.75185661154887,1.43731010219567,5.34333032761272,67.7652525492664,1.15213498920647e-06,7.43016991446844e-06,Higher in basal-like
225275_at,EDIL3,7.65036216688613,9.53482044584657,-1.88445827896044,-5.40291457715675,60.5554272261198,1.16441859192993e-06,7.50054035270607e-06,Higher in luminal A
235004_at,RBM24,3.86046366237686,6.44050176847053,-2.58003810609367,-5.97319514772426,31.8138389979955,1.19937777762789e-06,7.70213530559139e-06,Higher in luminal A
239381_at,KLK7,6.94676460515519,5.24439362177851,1.70237098337669,5.63945137099907,43.2159729621953,1.20222216533385e-06,7.71858817398173e-06,Higher in basal-like
204622_x_at,NR4A2,6.62034293184529,8.17936695858321,-1.55902402673792,-5.5161142251386,50.2715839054253,1.20653691839529e-06,7.74447123893664e-06,Higher in luminal A
240690_at,"",7.50026281622047,8.72251327618013,-1.22225045995966,-5.39162013495151,60.3773885084845,1.22285040036618e-06,7.83630398968831e-06,Higher in luminal A
1570566_at,"",4.91404276980915,6.03042730560956,-1.11638453580041,-5.66371973512536,41.7695807946352,1.22860008434427e-06,7.8676164923311e-06,Higher in luminal A
214218_s_at,XIST,9.17064079598747,10.5299147418541,-1.35927394586658,-5.34621504360405,65.1642983211635,1.2340655931609e-06,7.90169063193257e-06,Higher in luminal A
212105_s_at,DHX9,6.43280890772104,5.12506526962117,1.30774363809987,5.36919809391127,62.4141880044579,1.23794955899797e-06,7.92284819597492e-06,Higher in basal-like
203510_at,MET,8.28180648671295,6.86056444213184,1.4212420445811,5.32435681249443,67.6175874916635,1.24550167560154e-06,7.965587099487e-06,Higher in basal-like
226225_at,MCC,6.75296604847909,7.94395827741878,-1.19099222893969,-5.38696896832493,59.8978785334163,1.26653328461724e-06,8.08496291143579e-06,Higher in luminal A
AFFX-r2-Bs-lys-5_at,"",4.07641752333681,5.16841764716768,-1.09200012383087,-5.87035507055027,33.9539250948593,1.2751450904127e-06,8.13423845739288e-06,Higher in luminal A
1561155_at,"",5.49349297456068,6.5501448532094,-1.05665187864872,-5.3257324833939,64.9199644797549,1.34513676491689e-06,8.5458229865014e-06,Higher in luminal A
203726_s_at,LAMA3,6.00045959695013,7.41063907587864,-1.41017947892851,-5.40022184929178,57.0395030042916,1.34630844479225e-06,8.5522730590236e-06,Higher in luminal A
221957_at,PDK3,8.1086826919092,7.05451092185173,1.05417177005748,5.42046309883545,55.2134098237049,1.3483539854531e-06,8.56427209045632e-06,Higher in basal-like
231311_at,"",7.8500567689993,6.45524545832211,1.39481131067719,5.39380156718733,57.0912115896715,1.37568406663486e-06,8.71962976388373e-06,Higher in basal-like
227481_at,CNKSR3,8.16500301763344,6.5032560118465,1.66174700578694,5.557888103905,44.6754276294877,1.43697077466035e-06,9.07337765383467e-06,Higher in basal-like
204718_at,EPHB6,5.89132309110895,4.88834841313135,1.00297467797759,5.41584614420844,54.0859674291226,1.4398949346887e-06,9.09079163442315e-06,Higher in basal-like
219995_s_at,ZNF750,4.9997292198653,3.49653890249291,1.50319031737239,5.46587787237987,49.6530192938445,1.48720132243918e-06,9.37106514974784e-06,Higher in basal-like
213429_at,BICC1,5.99556487862605,7.25741109111628,-1.26184621249022,-5.28751553211183,65.892190927219,1.51122222971033e-06,9.50752780767731e-06,Higher in luminal A
1552508_at,KCNE4,4.58772574454061,6.59473690883594,-2.00701116429533,-5.84795533235921,32.959301436547,1.5161685303539e-06,9.53600763799601e-06,Higher in luminal A
242874_at,"",6.89376744202641,8.19249252136359,-1.29872507933719,-5.26767040767237,67.9971267749888,1.53398440789529e-06,9.63144206496035e-06,Higher in luminal A
205403_at,IL1R2,5.70794683620442,4.42848286951168,1.27946396669274,5.52163589026047,45.5096285600728,1.54385523518196e-06,9.68341000155716e-06,Higher in basal-like
243386_at,CASZ1,5.91000247598664,7.00778049407575,-1.09777801808912,-5.36824971452608,56.4279633969713,1.55188717193204e-06,9.72374869646851e-06,Higher in luminal A
225381_at,MIR100HG,5.31136816643032,6.60187154295264,-1.29050337652232,-5.2704668187331,66.5358940563941,1.58281426090641e-06,9.89675196129315e-06,Higher in luminal A
205593_s_at,PDE9A,6.84670201435752,5.70080541242593,1.14589660193159,5.2635329387355,67.1403728513328,1.59725576128776e-06,9.9805667141038e-06,Higher in basal-like
222859_s_at,DAPP1,7.24720774707615,6.1042175206938,1.14299022638234,5.28129976894154,64.715833320315,1.60406690299767e-06,1.00208361427556e-05,Higher in basal-like
1559827_at,LINC00960,5.21973483394587,3.9318090223585,1.28792581158737,5.32054157344389,59.9542825414311,1.62007226951844e-06,1.01115812027306e-05,Higher in basal-like
227404_s_at,EGR1,11.077536729398,12.3747418099091,-1.29720508051102,-5.26270723235456,66.5755595058119,1.62879386549865e-06,1.01567409439027e-05,Higher in luminal A
1556194_a_at,HSPA4L,5.56516989639252,4.42353179768072,1.1416380987118,5.301321778738,61.7016577490484,1.63875091154576e-06,1.02057089708671e-05,Higher in basal-like
205150_s_at,TRIL,6.16319481325679,7.57827367918599,-1.4150788659292,-5.25556325958553,67.3087036399485,1.63908309262408e-06,1.02057701957888e-05,Higher in luminal A
209610_s_at,SLC1A4,7.31608749209829,8.32948638810978,-1.01339889601149,-5.30164820841436,61.504569076829,1.64767135581583e-06,1.02534067128649e-05,Higher in luminal A
219872_at,FAM198B,4.63302716303702,5.86150517908049,-1.22847801604346,-5.53698334623834,43.4963751542319,1.66199678350209e-06,1.03331446597654e-05,Higher in luminal A
1562921_at,EP300-AS1,5.20059203893554,3.96188577079432,1.23870626814122,5.33571149312931,57.5557864827037,1.67331933067272e-06,1.04011748981959e-05,Higher in basal-like
203951_at,CNN1,5.98109473902871,7.1214102439133,-1.14031550488458,-5.30758073799896,60.1855691736138,1.68649238145417e-06,1.04735314579744e-05,Higher in luminal A
235085_at,SGK223,8.10618114243486,9.21991517438407,-1.11373403194921,-5.30142029664603,60.7605563601587,1.69155731190762e-06,1.05014075199897e-05,Higher in luminal A
223658_at,KCNK6,6.43816306182822,7.44221064928071,-1.00404758745249,-5.34119095155775,56.6358610490256,1.69959736986869e-06,1.05417454563325e-05,Higher in luminal A
206486_at,LAG3,5.79465732199979,4.78839040697917,1.00626691502062,5.27857492395692,63.1587817855474,1.70209585449886e-06,1.05560447872873e-05,Higher in basal-like
242277_at,"",6.43768309127671,5.41330115464172,1.024381936635,5.23906480406382,67.9876607750625,1.71354847662845e-06,1.06150309267687e-05,Higher in basal-like
242335_at,SLC25A37,5.50820051878604,4.36612389546685,1.14207662331919,5.42450231206395,49.6298106535931,1.7219445579643e-06,1.06622104990598e-05,Higher in basal-like
207147_at,DLX2,3.84496383202432,5.84342284209204,-1.99845901006772,-5.50998487862568,44.3374979940107,1.7251922159244e-06,1.06774829528715e-05,Higher in luminal A
1552301_a_at,CORO6,4.16434245598272,6.03812791763243,-1.87378546164971,-5.97482576072507,28.8976097870151,1.73046115383823e-06,1.07076690341903e-05,Higher in luminal A
218638_s_at,LOC100130872,7.65520395365606,8.85522798112918,-1.20002402747311,-5.23614471198112,67.9317536948821,1.73564873356577e-06,1.07361233745569e-05,Higher in luminal A
226311_at,ADAMTS2,8.04835676374507,9.24914571188241,-1.20078894813734,-5.25664816657902,64.7636481829533,1.75940455323053e-06,1.08732275288662e-05,Higher in luminal A
1555725_a_at,RGS5,6.35358320766772,7.89537687367935,-1.54179366601163,-5.36971850515044,53.2892738836645,1.76121306409967e-06,1.08831740822388e-05,Higher in luminal A
221047_s_at,MARK1,6.20577983084909,5.04439480190738,1.16138502894171,5.24129149960384,66.1113563015499,1.7922255135474e-06,1.10560679175453e-05,Higher in basal-like
228707_at,CLDN23,6.14254301061449,5.0057324500127,1.1368105606018,5.26386386954878,63.1510220628021,1.79989840424436e-06,1.10946386980902e-05,Higher in basal-like
236301_at,IKZF3,6.10521779820722,5.09997256673655,1.00524523147067,5.30170483564164,58.7566436680639,1.81410380382817e-06,1.11721249689463e-05,Higher in basal-like
1560527_at,NFE4,5.71844979262725,3.98611633559957,1.73233345702767,5.56323030880644,40.8195530862644,1.82879878179111e-06,1.12486863982932e-05,Higher in basal-like
239979_at,"",7.93832385232504,6.65122806959274,1.28709578273229,5.22470185792205,67.5940681849131,1.83096700823326e-06,1.12607560377001e-05,Higher in basal-like
225790_at,MSRB3,5.54511457180576,6.57938144518382,-1.03426687337805,-5.25647854769754,63.3239110028269,1.84075417486396e-06,1.13145851051925e-05,Higher in luminal A
213712_at,ELOVL2,4.51019993843032,6.51683409988593,-2.0066341614556,-5.51201010174881,43.1275210506253,1.85004109296619e-06,1.13644006036609e-05,Higher in luminal A
209047_at,AQP1,7.66970367837135,8.92656467565352,-1.25686099728217,-5.22193293550792,67.5969100974142,1.85042317299197e-06,1.13650738017677e-05,Higher in luminal A
207191_s_at,ISLR,7.41335697506349,8.70548225546899,-1.29212528040549,-5.24144017228437,64.9289731246419,1.85495962555891e-06,1.13890979817444e-05,Higher in luminal A
206715_at,TFEC,6.49221440935365,5.06370380772629,1.42851060162736,5.24516514968057,64.4557526197266,1.85521608661905e-06,1.13893936150793e-05,Higher in basal-like
213797_at,RSAD2,8.6353862710117,7.01964988845966,1.61573638255204,5.22910187235278,66.2927921950783,1.86793774276174e-06,1.14584871631884e-05,Higher in basal-like
241026_at,"",5.00996715781277,6.13100326302997,-1.1210361052172,-5.38591964220137,50.7088178399378,1.87093557222227e-06,1.14717284301057e-05,Higher in luminal A
220504_at,KERA,3.55975213159801,4.86408745049287,-1.30433531889486,-5.28883175914078,59.1669502854769,1.87479501039037e-06,1.14928150233315e-05,Higher in luminal A
235540_at,GNRH1,5.72762674052889,4.59359352810817,1.13403321242072,5.2749888625376,60.3869058115807,1.89128606900494e-06,1.15835180713392e-05,Higher in basal-like
203895_at,PLCB4,7.49269607012881,6.07962766914417,1.41306840098464,5.24745734735864,63.513250886939,1.89335577788175e-06,1.15935969487831e-05,Higher in basal-like
205934_at,PLCL1,4.04979133371023,5.50180538709024,-1.45201405338,-5.60414841421257,38.3940490941805,1.92592935386662e-06,1.17811800651888e-05,Higher in luminal A
204861_s_at,NAIP,5.82001399939716,6.86438827144136,-1.04437427204421,-5.50991751083489,42.4151187992678,1.95178331953461e-06,1.19246567209247e-05,Higher in luminal A
204939_s_at,PLN,5.04718957979141,6.23346688967174,-1.18627730988034,-5.30600587103944,56.3000752998573,1.95868340804108e-06,1.19628033215646e-05,Higher in luminal A
203373_at,SOCS2,6.82548193168951,8.51758525434104,-1.69210332265153,-5.59362161343265,38.5968745162331,1.95967627374687e-06,1.19675304665598e-05,Higher in luminal A
203868_s_at,VCAM1,9.1723988641902,7.70865645915063,1.46374240503957,5.20120802950494,67.8017765547121,1.99260473851289e-06,1.21496224019396e-05,Higher in basal-like
205258_at,INHBB,7.20840837269127,8.41976091990361,-1.21135254721234,-5.19996016107431,67.9674231831858,1.99316224628477e-06,1.21516665717685e-05,Higher in luminal A
36499_at,CELSR2,7.31187973892104,8.42320548502532,-1.11132574610428,-5.21631823375339,65.6734369170135,1.99684877379794e-06,1.21673583759503e-05,Higher in luminal A
234150_at,"",3.30330597459576,4.3869174661848,-1.08361149158904,-5.6255340535321,37.0723377976871,2.00663384062127e-06,1.22149899468724e-05,Higher in luminal A
239336_at,THBS1,4.46031024078631,5.91854505841484,-1.45823481762853,-5.40222159875621,48.0020441504053,2.02317345204902e-06,1.23030818030008e-05,Higher in luminal A
227763_at,LYPD6,4.03851174271999,5.18640454168207,-1.14789279896208,-5.85125821162671,30.3577783331829,2.02424189120287e-06,1.23082101202755e-05,Higher in luminal A
232850_at,"",3.37512759602784,4.88949884030665,-1.51437124427881,-5.66130489034436,35.6016232576436,2.04306659023071e-06,1.24143882886046e-05,Higher in luminal A
226769_at,FIBIN,6.87012851255071,8.50810925209876,-1.63798073954805,-5.2026875388949,66.4534586794706,2.0570038951572e-06,1.24852007068961e-05,Higher in luminal A
208016_s_at,AGTR1,3.74237906282692,5.99171285722102,-2.2493337943941,-5.90680922403203,28.9971392419862,2.05820026885143e-06,1.24896892008271e-05,Higher in luminal A
205475_at,SCRG1,6.72748742661183,4.56058527902569,2.16690214758614,5.50451928274663,41.5976467187552,2.09862325140239e-06,1.27194575180607e-05,Higher in basal-like
215303_at,DCLK1,3.7793770341691,5.1934807083455,-1.4141036741764,-5.52967584624745,40.318242744654,2.11398889713969e-06,1.28012341290411e-05,Higher in luminal A
233112_at,"",6.08701050031501,7.40276242105061,-1.3157519207356,-5.19471577415078,66.5476225866019,2.1150133955812e-06,1.28060196460024e-05,Higher in luminal A
202376_at,SERPINA3,9.26028335018574,11.5015393489356,-2.24125599874987,-5.24102972623692,60.6718701420519,2.12595377759648e-06,1.28665621861952e-05,Higher in luminal A
202901_x_at,CTSS,6.71076406157883,5.64000361306052,1.07076044851831,5.18147527783685,67.983614871094,2.13897690913413e-06,1.29367878879323e-05,Higher in basal-like
219607_s_at,MS4A4A,7.80763841618388,6.47301342609141,1.33462499009246,5.27000156022449,57.2802856567465,2.1526163973539e-06,1.3013522946188e-05,Higher in basal-like
202145_at,LY6E,9.94987989474739,8.7943754714147,1.15550442333269,5.22132836430339,62.5104251450811,2.15606986261341e-06,1.30271985565685e-05,Higher in basal-like
223779_at,AFAP1-AS1,5.80640455821705,4.45544003500222,1.35096452321483,5.45463195493525,43.514797061316,2.18582894011526e-06,1.31924271222874e-05,Higher in basal-like
206994_at,CST4,6.36567624842259,7.68842286313659,-1.322746614714,-5.56345899129361,38.4114663765865,2.18815986522595e-06,1.32050375972659e-05,Higher in luminal A
235977_at,LONRF2,5.49853098561071,6.87964944302104,-1.38111845741033,-5.25902864964958,57.6569968845714,2.21011376402861e-06,1.33301676832062e-05,Higher in luminal A
215333_x_at,GSTM1,7.28870252263979,8.29676451185148,-1.00806198921169,-5.42934976206378,44.6718316620142,2.21853493270437e-06,1.33765325811217e-05,Higher in luminal A
209760_at,KIAA0922,7.91328356857788,6.91208290929563,1.00120065928224,5.34078820287971,50.4398559973818,2.22187456130315e-06,1.33951914918127e-05,Higher in basal-like
201431_s_at,DPYSL3,7.96426693625275,9.28486434789058,-1.32059741163783,-5.18886308131728,65.1248163702129,2.25220978030626e-06,1.35526711136082e-05,Higher in luminal A
201289_at,CYR61,10.0376104043711,11.2008929786904,-1.16328257431938,-5.23320240292853,59.7946169918685,2.25446117928506e-06,1.35632333821975e-05,Higher in luminal A
219795_at,SLC6A14,5.82963524774694,3.47990950075571,2.34972574699122,5.29324013700547,53.8942841531413,2.25953037364992e-06,1.35907396236864e-05,Higher in basal-like
243929_at,"",3.9768445559908,6.56831562432287,-2.59147106833207,-5.67753045382746,33.7942017856037,2.3061028552816e-06,1.38510571913129e-05,Higher in luminal A
233109_at,COL12A1,6.46527402983735,7.8678708688869,-1.40259683904955,-5.21248040709304,61.1434550621365,2.32829689230473e-06,1.39751490379582e-05,Higher in luminal A
206167_s_at,ARHGAP6,4.72853061294481,5.86123044509138,-1.13269983214657,-5.28175378443877,53.5363999217062,2.38988023178797e-06,1.43165006763457e-05,Higher in luminal A
231923_at,TMEM150C,5.32332830662687,7.31505881484909,-1.99173050822222,-5.78116781998249,30.6187818009295,2.39308700410052e-06,1.43341402223046e-05,Higher in luminal A
220030_at,STYK1,5.21480713097564,4.17615774811711,1.03864938285852,5.16399968697098,65.8967679432844,2.42148722970245e-06,1.44867944287101e-05,Higher in basal-like
231906_at,HOXD8,5.51833178890804,6.54581505113612,-1.02748326222808,-5.32235131179169,49.7159622940741,2.45291927733933e-06,1.46668155608626e-05,Higher in luminal A
242350_s_at,ST8SIA6-AS1,6.23002419100909,4.56986455719247,1.66015963381662,5.2035356318536,60.3359126881141,2.47156914075413e-06,1.47605726674748e-05,Higher in basal-like
211571_s_at,VCAN,9.40094520330763,10.8810826900412,-1.48013748673352,-5.15555409407573,66.2182930024768,2.47827077261668e-06,1.47957473785561e-05,Higher in luminal A
209314_s_at,HBS1L,6.67460427197566,5.67322342171812,1.00138085025754,5.14174105057512,67.9880121684509,2.49081210149854e-06,1.48592636824258e-05,Higher in basal-like
214877_at,CDKAL1,6.83866330248648,5.72136960911931,1.11729369336717,5.18711785364478,61.9053872994521,2.49807897101904e-06,1.48993637766408e-05,Higher in basal-like
233814_at,EFNA5,7.5296673301761,5.98863387988862,1.54103345028748,5.15564659125683,65.6162323139314,2.51928228087716e-06,1.50110896585613e-05,Higher in basal-like
222424_s_at,NUCKS1,8.63069726031051,7.61368831659264,1.01700894371788,5.44715188289772,41.634340949704,2.52670457857824e-06,1.5052034521003e-05,Higher in basal-like
223540_at,NECTIN4,7.42667365814015,6.3533264789834,1.07334717915675,5.1456923473671,65.9975711639159,2.58869630516942e-06,1.5384453313602e-05,Higher in basal-like
228214_at,SOX6,6.54856550177419,5.25934994310334,1.28921555867085,5.39909652826384,43.696358616281,2.60215168072278e-06,1.5455612885619e-05,Higher in basal-like
232268_at,"",4.66158681289032,5.66871938800361,-1.0071325751133,-5.38429175227363,44.2290406841364,2.64945682999611e-06,1.57052322304048e-05,Higher in luminal A
235733_at,GXYLT2,6.85449292865097,8.26312810431128,-1.40863517566031,-5.19095687861898,58.5389565931911,2.75056958606529e-06,1.62651300149383e-05,Higher in luminal A
208892_s_at,DUSP6,7.65930345828479,8.77939124303601,-1.12008778475122,-5.14816779820397,63.0192580957789,2.79342295934196e-06,1.64900021919695e-05,Higher in luminal A
1559826_a_at,LINC00960,5.59501792507428,4.56487382257325,1.03014410250103,5.11994675616744,66.327152210532,2.82904309344535e-06,1.66606991742917e-05,Higher in basal-like
217284_x_at,SERHL2,5.63777950486577,7.36465947437808,-1.72687996951231,-5.45917871981556,39.0655758378577,2.90236044493194e-06,1.7059401991685e-05,Higher in luminal A
203700_s_at,DIO2,5.86835328531238,7.07899683247944,-1.21064354716706,-5.10283514236148,67.7355599918952,2.90925743370906e-06,1.70944277472373e-05,Higher in luminal A
219959_at,MOCOS,7.72099268476728,6.39930580008102,1.32168688468626,5.12169848788616,62.4837584635144,3.1337113280164e-06,1.82933660964443e-05,Higher in basal-like
204550_x_at,GSTM1,6.81229183147538,7.91724189689974,-1.10495006542436,-5.34354557143516,43.1754721085679,3.22940448222605e-06,1.87957941309037e-05,Higher in luminal A
227671_at,XIST,10.6744208290637,11.8421994774495,-1.16777864838579,-5.14710507275678,58.2558810908532,3.261724134675e-06,1.89576663190555e-05,Higher in luminal A
215775_at,THBS1,4.79236217575221,5.91292467052438,-1.12056249477218,-5.31838287448984,44.2115510823023,3.30748619271652e-06,1.92004625226287e-05,Higher in luminal A
204529_s_at,TOX,5.37290079837183,4.22359909793647,1.14930170043536,5.10356869840728,62.8788277618073,3.31441580282677e-06,1.92373337600375e-05,Higher in basal-like
231484_at,"",5.9652418967668,4.84276793278346,1.12247396398334,5.07492415813388,66.355853274468,3.35303629419784e-06,1.94491045390692e-05,Higher in basal-like
203896_s_at,PLCB4,6.93090137521445,5.73780546355854,1.19309591165591,5.05929983664666,67.9808357339561,3.41290828838411e-06,1.97670297317162e-05,Higher in basal-like
205234_at,SLC16A4,5.32878140004533,6.33031397523433,-1.001532575189,-5.18807795159569,52.5097796678436,3.48138989742858e-06,2.01231623471728e-05,Higher in luminal A
206348_s_at,PDK3,6.79882901935199,5.73939286115628,1.05943615819571,5.18195536391969,52.9526534484654,3.49495728741735e-06,2.01951796332217e-05,Higher in basal-like
215073_s_at,NR2F2,6.31963874070861,7.49200503156355,-1.17236629085493,-5.10675317853023,60.5322631318657,3.51475541898485e-06,2.0300998577329e-05,Higher in luminal A
232375_at,"",8.46452636304496,7.26946800803263,1.19505835501233,5.05260866220243,67.0440943114243,3.58443119641031e-06,2.06619689682376e-05,Higher in basal-like
221241_s_at,BCL2L14,5.89629967576566,4.86792296457343,1.02837671119223,5.11682176355104,58.4521219812379,3.62004379153725e-06,2.08343046633999e-05,Higher in basal-like
1569788_at,ST8SIA1,4.83798068065015,3.69882013534766,1.13916054530248,5.26816734727957,45.6462039720549,3.62198807432003e-06,2.08433004908376e-05,Higher in basal-like
227526_at,CDON,5.37223608764286,6.62405618089566,-1.2518200932528,-5.14181563047371,55.7034789244246,3.63480489670562e-06,2.09082543637433e-05,Higher in luminal A
216166_at,"",4.03531923927299,5.08780190384281,-1.05248266456982,-5.49348166967545,34.7136306074597,3.68466206661208e-06,2.11683196902401e-05,Higher in luminal A
207012_at,MMP16,3.65528375606522,4.69865031586596,-1.04336655980073,-5.25395100553507,46.2165298293108,3.69015373817764e-06,2.11954150262488e-05,Higher in luminal A
1558015_s_at,ACTR2,7.73779899502944,6.51573981984905,1.22205917518039,5.04772633870655,66.2373325913306,3.7276356419466e-06,2.13882336786053e-05,Higher in basal-like
221577_x_at,GDF15,5.15733684965097,6.6234387018852,-1.46610185223424,-5.12786248623685,56.1891023941925,3.75687541367443e-06,2.15311491868605e-05,Higher in luminal A
217276_x_at,SERHL2,5.84093041442717,7.50422294379346,-1.66329252936629,-5.36759737685554,39.3861410531359,3.801570697249e-06,2.17713289904775e-05,Higher in luminal A
202431_s_at,MYC,10.4792209989583,9.22734414160891,1.25187685734941,5.05837738891685,63.1414965057782,3.89377223576086e-06,2.22457677105773e-05,Higher in basal-like
208650_s_at,CD24,11.6869447006928,10.423196614447,1.26374808624576,5.09293776144854,58.7508220621748,3.9121234169608e-06,2.2338939720348e-05,Higher in basal-like
221765_at,UGCG,6.59848805253708,7.79942451609805,-1.20093646356097,-5.10298408380644,56.7230384171308,4.0348761250988e-06,2.29679179739487e-05,Higher in luminal A
238439_at,ANKRD22,7.46145259972978,5.99421717222613,1.46723542750365,5.00621686600658,67.8228957544905,4.19133902533137e-06,2.37892101328758e-05,Higher in basal-like
203962_s_at,NEBL,7.77086874498484,9.24474491127295,-1.47387616628811,-5.11077174959052,54.7793008166138,4.20222093308341e-06,2.3838600281836e-05,Higher in luminal A
221275_s_at,"",4.27041769133696,5.48312344762817,-1.21270575629121,-5.63857186304212,29.2048652951855,4.20922479359911e-06,2.38684262175929e-05,Higher in luminal A
201058_s_at,MYL9,8.59803587865527,9.78374039681548,-1.18570451816021,-5.03610916511174,63.2622929246185,4.21634771003561e-06,2.39013800981023e-05,Higher in luminal A
228996_at,RC3H1,6.84234608387922,5.84204675892998,1.00029932494924,5.04725243138896,61.6969894185899,4.22905962616049e-06,2.39709553245205e-05,Higher in basal-like
222062_at,IL27RA,6.99982187761307,5.58112646882489,1.41869540878818,5.04164273604201,62.3936365158892,4.23236553089145e-06,2.39847207091097e-05,Higher in basal-like
242260_at,MATR3,6.55025874406919,5.45605075394988,1.09420799011931,5.01520081125536,65.8660423351298,4.25412735313925e-06,2.4100550516308e-05,Higher in basal-like
238617_at,KIF26B,6.6521038790287,7.93626909725205,-1.28416521822335,-5.02506060279737,64.1337486821184,4.29045927746351e-06,2.4286247126547e-05,Higher in luminal A
205498_at,GHR,5.2138573169371,6.6630050560597,-1.4491477391226,-4.99831358314486,67.9951273305191,4.30079002639804e-06,2.43346470757853e-05,Higher in luminal A
1554007_at,"",6.11354026694566,7.21990229497197,-1.1063620280263,-5.07719317739794,57.4180864200201,4.32750888240436e-06,2.44782276169521e-05,Higher in luminal A
232573_at,"",6.4770246776278,5.28152667285331,1.19549800477449,5.12003768564378,52.2525004840994,4.47425855952836e-06,2.52430179282028e-05,Higher in basal-like
228563_at,GJC1,5.64446141552334,4.56334508526629,1.08111633025704,5.16135747885799,48.7152571011686,4.49484427642592e-06,2.5348696319091e-05,Higher in basal-like
204846_at,CP,7.02225700990437,4.56975567717189,2.45250133273248,5.00932403261666,64.5452725319837,4.50070570038099e-06,2.53739002029625e-05,Higher in basal-like
206125_s_at,KLK8,6.12117367777376,4.60929371100683,1.51187996676693,5.2318241315135,43.8163306976979,4.51308977271274e-06,2.54358502549293e-05,Higher in basal-like
1555497_a_at,CYP4B1,5.01103376356589,6.31826326468519,-1.30722950111929,-5.41751319622007,34.7370814143489,4.6277570546928e-06,2.598568521776e-05,Higher in luminal A
1555756_a_at,CLEC7A,6.87492123013125,5.41765197853254,1.45726925159871,4.98037496298079,67.5801168855516,4.64888464645524e-06,2.60914835527116e-05,Higher in basal-like
221815_at,ABHD2,7.11452062922073,8.27678948741455,-1.16226885819383,-5.23670694061985,42.886423674111,4.67648245092919e-06,2.62242746671337e-05,Higher in luminal A
214974_x_at,CXCL5,5.07922441182554,3.12109494070105,1.95812947112449,5.15939375443206,47.740317599159,4.73083553576909e-06,2.65046042543473e-05,Higher in basal-like
243109_at,MCTP2,5.41334027966848,4.41053270469885,1.00280757496963,5.01463394821527,61.9283429565861,4.73961460195427e-06,2.65510684796977e-05,Higher in basal-like
219127_at,PRR15L,6.67046130223433,7.94800560392478,-1.27754430169044,-5.0409601232811,58.4855152435331,4.76910946785491e-06,2.66998832843505e-05,Higher in luminal A
222275_at,MRPS30,7.055178018452,8.55714982895153,-1.50197181049953,-5.3684415466431,36.2274123356428,4.76967745328212e-06,2.67003291448961e-05,Higher in luminal A
224952_at,TANC2,7.02695922691067,8.11360730623075,-1.08664807932008,-5.03341895952279,59.2088969386037,4.79292746541736e-06,2.68167528828995e-05,Higher in luminal A
243713_at,"",4.15241301686106,5.75288899253974,-1.60047597567868,-5.4338173710785,33.6320519930084,4.84511668387685e-06,2.70893501064492e-05,Higher in luminal A
215686_x_at,TFAP2B,4.0542595821064,5.12806850468817,-1.07380892258177,-5.36298172022711,36.2254415679669,4.85137438933878e-06,2.71132469321371e-05,Higher in luminal A
204994_at,MX2,8.65119157946907,7.5743437714602,1.07684780800887,4.97146912274757,67.0452519141723,4.8700807741092e-06,2.72066686752244e-05,Higher in basal-like
244353_s_at,SLC2A12,5.99972261603486,4.94477930872218,1.05494330731267,5.16731626238165,46.125839136124,4.97249259601027e-06,2.7730623489072e-05,Higher in basal-like
205945_at,IL6R,6.28329299670711,5.24613850469302,1.03715449201408,4.96031266752438,67.8637335203107,4.98100555718139e-06,2.77752655623552e-05,Higher in basal-like
209289_at,NFIB,11.047765156271,9.81008019523089,1.23768496104008,4.98625387988135,63.2674577210884,5.07405396554775e-06,2.82336556652069e-05,Higher in basal-like
214433_s_at,SELENBP1,7.99397380639777,9.3229514318076,-1.32897762540983,-4.9652529540546,66.110231551676,5.1003836994952e-06,2.83657286918828e-05,Higher in luminal A
204470_at,CXCL1,5.89535135213071,4.61266507130147,1.28268628082924,5.1337406895679,47.5019053903853,5.22168196676856e-06,2.900197699442e-05,Higher in basal-like
1556253_s_at,"",4.88627944563671,5.9574752772183,-1.0711958315816,-5.01861535142667,57.8173825928036,5.2823753612003e-06,2.93122777705903e-05,Higher in luminal A
240655_at,"",6.34380916957821,7.60985329163846,-1.26604412206025,-4.9462601997846,66.7885067062791,5.38752509106935e-06,2.98472929733729e-05,Higher in luminal A
231766_s_at,COL12A1,8.09495527219085,9.52786498347613,-1.43290971128528,-4.94449635648364,66.8522168466765,5.41505874495479e-06,2.9983091015259e-05,Higher in luminal A
202935_s_at,SOX9,10.1344219955616,8.65561753820773,1.47880445735382,5.01717928419502,56.6336138078147,5.51585536022518e-06,3.04841192580928e-05,Higher in basal-like
206796_at,WISP1,5.58514956493993,6.59045044969555,-1.00530088475562,-4.95853839128057,63.9878793558875,5.51806868847999e-06,3.04918505196669e-05,Higher in luminal A
228873_at,COL22A1,5.72011740211474,4.29427096976293,1.42584643235181,4.93017036211047,67.8181736213517,5.58637107981101e-06,3.08239821161234e-05,Higher in basal-like
234980_at,TMEM56,6.43016663900704,5.31247570472546,1.11769093428159,5.05411150424919,52.4497915117059,5.60138609983411e-06,3.08912431922967e-05,Higher in basal-like
213451_x_at,TNXB,5.92878343532365,7.13748138614893,-1.20869795082528,-5.27039755813639,38.2152772459833,5.60607231677871e-06,3.09108515449653e-05,Higher in luminal A
1552507_at,KCNE4,4.55894702160008,6.23460715731108,-1.675660135711,-5.40410015854997,32.9555284832597,5.61899072583221e-06,3.09758336292474e-05,Higher in luminal A
220751_s_at,FAXDC2,5.49796072525671,6.56254840218576,-1.06458767692905,-5.05978815492242,51.7379232589918,5.64198210006003e-06,3.1093173200361e-05,Higher in luminal A
200887_s_at,STAT1,11.5463077487747,10.5139915981809,1.0323161505938,4.92500919120383,67.7248741725708,5.70824461895516e-06,3.14171808477324e-05,Higher in basal-like
202936_s_at,SOX9,9.58702444978882,8.36987391851657,1.21715053127225,4.98035326219325,59.6272106553602,5.74407793935715e-06,3.15981016110239e-05,Higher in basal-like
230661_at,LOC286191,4.6306911194067,6.13012481216759,-1.4994336927609,-5.22719367647532,39.8968664890957,5.76257288284105e-06,3.16779280483948e-05,Higher in luminal A
204747_at,IFIT3,8.95679019035486,7.73501629877866,1.2217738915762,4.93452920166263,65.5959118764053,5.79449376794774e-06,3.1831000378031e-05,Higher in basal-like
222838_at,SLAMF7,7.52667034026744,6.04648754076672,1.48018279950072,4.92034675653362,67.2876677350772,5.86837795850208e-06,3.22045131869017e-05,Higher in basal-like
202638_s_at,ICAM1,7.31518168710873,6.15048177850289,1.16469990860585,4.96598869176645,60.5274675256245,5.89769788937548e-06,3.23394476082243e-05,Higher in basal-like
204537_s_at,MIR452,6.92283834139586,5.33569979103007,1.58713855036579,4.91875479588852,67.3176916437993,5.89943070132767e-06,3.23457053344455e-05,Higher in basal-like
244692_at,CYP4F22,3.90369705748483,5.43821062087205,-1.53451356338722,-5.48311777057984,30.0562576230499,5.92038295758665e-06,3.2450820872787e-05,Higher in luminal A
212554_at,CAP2,7.50465925091522,8.62007409028259,-1.11541483936737,-5.08350068612603,48.5346052433228,5.92296333991757e-06,3.24617101653962e-05,Higher in luminal A
201148_s_at,TIMP3,7.89493555823294,8.99877820737569,-1.10384264914274,-4.93832867373875,63.4655782978809,6.02842747737035e-06,3.29769156903676e-05,Higher in luminal A
211559_s_at,CCNG2,7.61086301617613,8.77922836494855,-1.16836534877242,-4.90763634709012,67.7546231965915,6.08935041203625e-06,3.32735592422629e-05,Higher in luminal A
209772_s_at,CD24,11.435673535237,10.007276124684,1.42839741055301,4.95222152957599,61.0607462465284,6.11011203566786e-06,3.33769982565831e-05,Higher in basal-like
222925_at,DCDC2,3.75760867142367,5.40628936370228,-1.64868069227861,-5.30025078364013,35.7218054147177,6.11336871021491e-06,3.33914519711289e-05,Higher in luminal A
205916_at,S100A7,6.34352911124595,3.65079762093842,2.69273149030752,5.11938752880327,44.9284523844161,6.19724376046167e-06,3.37810848330949e-05,Higher in basal-like
239907_at,"",5.67857524665663,7.14734100542876,-1.46876575877213,-4.91595294466309,64.2889539368953,6.41333541796265e-06,3.48280804506464e-05,Higher in luminal A
227318_at,TMEM178B,4.84556617705744,3.82406567633202,1.02150050072542,4.98335938926308,55.4431372182982,6.47502154189911e-06,3.51246951883454e-05,Higher in basal-like
216521_s_at,BRCC3,6.88485569430307,5.84414113442583,1.04071455987724,4.88916364017851,67.9601303531836,6.49649482804465e-06,3.52237063390858e-05,Higher in basal-like
219159_s_at,SLAMF7,5.86283156313625,4.56147969385734,1.30135186927891,4.93062471631178,61.6643956468047,6.5048992868553e-06,3.52631173780475e-05,Higher in basal-like
229623_at,TMEM150C,5.44564284604094,7.63008995382738,-2.18444710778644,-5.27266689554779,35.994003984511,6.51831568095528e-06,3.53245029097264e-05,Higher in luminal A
239893_at,"",5.78485194349744,4.77523426037808,1.00961768311936,4.89708589948747,66.4700803725817,6.52585850485945e-06,3.53583702064404e-05,Higher in basal-like
214336_s_at,COPA,7.4828683313055,6.2161348889036,1.26673344240189,4.88819946239124,67.3660904978402,6.60822413399597e-06,3.57444256555431e-05,Higher in basal-like
227782_at,ZBTB7C,6.187728643561,7.28261565268527,-1.09488700912426,-4.89740498061112,64.5042566833873,6.83306143669873e-06,3.6858487968775e-05,Higher in luminal A
218340_s_at,UBA6,7.04541429485649,5.97957648688919,1.0658378079673,4.89729801220519,64.1635967136907,6.89355437400213e-06,3.71444846160014e-05,Higher in basal-like
204860_s_at,NAIP,5.74637220253162,7.07450119812343,-1.32812899559181,-5.00225515487048,51.6913985957778,6.91209008154962e-06,3.72260170615372e-05,Higher in luminal A
221019_s_at,COLEC12,6.87449418671557,7.96370175730727,-1.0892075705917,-4.86263931996613,67.9690942405166,7.1744891054504e-06,3.85215743730237e-05,Higher in luminal A
210222_s_at,RTN1,5.56251221458263,6.9919376338517,-1.42942541926907,-5.27304919963357,34.5959287802224,7.24320855789497e-06,3.88502413675148e-05,Higher in luminal A
209496_at,RARRES2,8.34413346536095,9.38424559008081,-1.04011212471986,-4.85909743759576,67.9923957953718,7.26656779893955e-06,3.89509406281392e-05,Higher in luminal A
225299_at,MYO5B,6.3740726785442,7.50118782059901,-1.12711514205481,-4.88715116593968,62.7713652825211,7.41170055144147e-06,3.96626363861305e-05,Higher in luminal A
203566_s_at,AGL,8.5765003931704,9.79838527473725,-1.22188488156685,-5.13821504580782,40.1384551625107,7.55217095961219e-06,4.03276635625351e-05,Higher in luminal A
210576_at,CYP4F8,3.49006246192376,6.40314808808835,-2.91308562616459,-5.46686950226101,28.146137257098,7.62509514806351e-06,4.06614724685821e-05,Higher in luminal A
239435_x_at,SHROOM1,6.41811867665274,7.71540925240165,-1.29729057574891,-5.32621513753508,32.0957857315854,7.6249836294996e-06,4.06614724685821e-05,Higher in luminal A
200974_at,ACTA2,10.800189756143,11.9704609777663,-1.17027122162334,-4.91070367889711,58.1676093136739,7.71718886957651e-06,4.11044619039548e-05,Higher in luminal A
242817_at,PGLYRP2,3.88851398954025,5.58604385632896,-1.69752986678871,-5.41399961373481,29.1745080547343,7.88352408237999e-06,4.1925073359024e-05,Higher in luminal A
214975_s_at,MTMR1,6.00089038733047,4.98829250697214,1.01259788035832,4.83718002508774,67.836866774856,7.91430971810985e-06,4.20683340304935e-05,Higher in basal-like
236778_at,"",6.34537827772294,5.19297270142654,1.15240557629641,4.83793878320418,66.3667370563333,8.15366721881891e-06,4.32397434712826e-05,Higher in basal-like
229831_at,CNTN3,4.8765679950901,6.49497165914119,-1.61840366405109,-4.87700435598072,60.4579841675668,8.17347590470472e-06,4.33321822059275e-05,Higher in luminal A
210397_at,DEFB1,6.21483173394884,4.82102368960166,1.39380804434718,4.95595665056852,51.2594168812007,8.25285151082952e-06,4.37148475445266e-05,Higher in basal-like
213888_s_at,TRAF3IP3,7.26705447804931,6.06711443723872,1.19994004081059,4.83261623639724,66.5900751270586,8.27484276576004e-06,4.38101121543459e-05,Higher in basal-like
209781_s_at,KHDRBS3,8.34859760025846,7.22307391763385,1.12552368262461,4.8708863551663,60.4929220381517,8.3492968489203e-06,4.41476853040024e-05,Higher in basal-like
1556012_at,KLHDC7A,4.54881532244408,6.26899603301191,-1.72018071056783,-5.25456001750144,33.4923159281395,8.36059353673288e-06,4.41999082982857e-05,Higher in luminal A
239001_at,MGST1,8.02524030007957,6.78174796273484,1.24349233734473,4.82169980604418,67.9175865074093,8.37061105571377e-06,4.42400347482987e-05,Higher in basal-like
211421_s_at,RET,4.60032615083076,6.61023297208206,-2.00990682125129,-5.02326666201546,45.1469033787075,8.45476292228431e-06,4.46287085128301e-05,Higher in luminal A
1569940_at,SLC6A16,6.52157309183771,5.50700707488964,1.01456601694806,4.81766785123177,67.9972609401232,8.48298814903774e-06,4.47517731617752e-05,Higher in basal-like
203876_s_at,MMP11,6.73324076509035,8.33471131684746,-1.60147055175711,-4.88153815330024,58.2627034101465,8.54758231581734e-06,4.50403877329716e-05,Higher in luminal A
211074_at,FOLR1,9.87719340620633,8.7393428667209,1.13785053948543,4.83933602030852,63.9094615173102,8.59016096741956e-06,4.5234233929853e-05,Higher in basal-like
244384_at,"",5.99703841412916,4.84227116921423,1.15476724491494,4.87759715331595,58.4735576839183,8.61746509378451e-06,4.53518051788111e-05,Higher in basal-like
205483_s_at,ISG15,10.9003709507852,9.41748897556867,1.48288197521653,4.85795686072665,60.5514389266298,8.73690773109807e-06,4.5945025507145e-05,Higher in basal-like
205151_s_at,TRIL,6.45169535512119,7.58778632610028,-1.13609097097909,-4.8125199783721,67.349272039665,8.76895026084894e-06,4.60692183637855e-05,Higher in luminal A
206082_at,HCP5,7.51279114222323,6.20273780058686,1.31005334163637,4.81675132092718,65.8352629363412,8.92658595644695e-06,4.68298874658162e-05,Higher in basal-like
215342_s_at,RABGAP1L,7.13866201866365,5.95526392082112,1.18339809784252,4.84167556388552,61.7909031853079,8.97561663450769e-06,4.70735577450079e-05,Higher in basal-like
205439_at,GSTT2,5.36794346501072,6.41164930661347,-1.04370584160275,-4.81002892417407,65.491830657469,9.22263601404719e-06,4.823489803597e-05,Higher in luminal A
203108_at,GPRC5A,7.42709693896285,8.83573569578981,-1.40863875682696,-4.83569219126326,61.3173307058489,9.28510716033382e-06,4.85244918745222e-05,Higher in luminal A
204070_at,RARRES3,8.45964605980845,9.94036494464807,-1.48071888483963,-4.79139324478945,67.9603890837749,9.3631231069498e-06,4.88854808892743e-05,Higher in luminal A
206463_s_at,DHRS2,5.55772276149942,7.17877992966609,-1.62105716816668,-5.29115735601647,30.8638140375811,9.43661226225946e-06,4.92456595818494e-05,Higher in luminal A
219438_at,NKAIN1,5.11997340193083,6.33061209274961,-1.21063869081878,-5.22005024927634,32.9539163484464,9.67560861803506e-06,5.03439190322675e-05,Higher in luminal A
235739_at,"",6.68549323935982,8.14452078739283,-1.45902754803301,-4.89628337051466,52.5902470755627,9.69008265481253e-06,5.0414432310579e-05,Higher in luminal A
218876_at,TPPP3,5.73242422243598,6.73905538279765,-1.00663116036166,-4.9436158857182,48.0079008968295,9.76275056892664e-06,5.07538639684381e-05,Higher in luminal A
235049_at,ADCY1,4.65813109692259,6.14318508528789,-1.4850539883653,-5.08560786231299,38.436820356017,9.88778138582289e-06,5.13160367603101e-05,Higher in luminal A
205778_at,KLK7,6.28936746540914,4.82088625463747,1.46848121077168,5.00724229136867,42.9847628957712,9.8927533020975e-06,5.1332095168661e-05,Higher in basal-like
235210_s_at,SBSPON,4.70211350079953,6.60151897671308,-1.89940547591354,-4.98731590930123,43.9316944163005,1.00869805324322e-05,5.22308609348168e-05,Higher in luminal A
1569040_s_at,ANKRD36BP2,4.95232502005432,3.74411664054138,1.20820837951294,4.78240838101472,65.7800796975633,1.01467522388596e-05,5.25204656498766e-05,Higher in basal-like
211965_at,ZFP36L1,7.49501065350693,8.56101007605711,-1.06599942255019,-4.76218761587014,67.9975439066706,1.0429035582643e-05,5.38128647348875e-05,Higher in luminal A
205401_at,AGPS,7.01280785492204,6.00927500935799,1.00353284556405,4.86699382615695,52.7184748662369,1.06858852283773e-05,5.50349260419679e-05,Higher in basal-like
227870_at,IGDCC4,5.02596436383991,6.1026167551756,-1.07665239133569,-4.87218845034327,52.1371965693277,1.07023924137013e-05,5.51095597305631e-05,Higher in luminal A
226757_at,IFIT2,8.69281004390697,7.51783756030477,1.1749724836022,4.75100696134827,67.9950011809269,1.08715006689074e-05,5.59013729965682e-05,Higher in basal-like
219654_at,HACD1,6.26427774377707,5.09544020584079,1.16883753793628,4.8187205214877,57.5874328044701,1.09117988023774e-05,5.60716728872168e-05,Higher in basal-like
222281_s_at,LOC101929219,4.97167298049392,3.85680600947043,1.11486697102349,4.97088831604683,43.0630538499818,1.11005156206847e-05,5.69504261575428e-05,Higher in basal-like
215077_at,COL3A1,5.1153659523195,6.37767973924183,-1.26231378692233,-4.96862703937463,43.0344430856837,1.11985165338705e-05,5.73993523473673e-05,Higher in luminal A
229849_at,WIPF3,6.21699387149314,5.18606619576012,1.03092767573302,4.88065762837625,49.5182889977765,1.14104580864223e-05,5.83762324202432e-05,Higher in basal-like
242406_at,"",4.91172854766807,3.35205924791625,1.55966929975182,4.99599921014074,40.8828236236994,1.14324255882458e-05,5.84722047743066e-05,Higher in basal-like
208473_s_at,GP2,4.84811319710532,6.82968150281451,-1.98156830570919,-5.11387285674488,34.8735371092982,1.1472710142213e-05,5.86562957757151e-05,Higher in luminal A
226474_at,NLRC5,8.22012887730281,7.16447723608886,1.05565164121396,4.73320694283071,67.6134559497864,1.17035590779643e-05,5.97192806894727e-05,Higher in basal-like
227180_at,ELOVL7,6.53141830064311,5.24033915964371,1.2910791409994,4.76071827520883,62.206520866392,1.19256227506523e-05,6.07277101510582e-05,Higher in basal-like
227955_s_at,EFNA5,7.00913599812932,5.78675791900714,1.22237807912218,4.72587780263799,67.711285977499,1.20011494933162e-05,6.1072491487999e-05,Higher in basal-like
219359_at,PGGHG,6.90729705011746,8.49346321739272,-1.58616616727526,-4.99245814402239,40.16943508362,1.20161141898846e-05,6.11315756333804e-05,Higher in luminal A
1559360_at,"",5.85892674823532,4.69963361586999,1.15929313236533,4.72594992886839,66.9161975351137,1.2195181797757e-05,6.19618590086762e-05,Higher in basal-like
228752_at,CRACR2A,6.37052343527248,7.49231046490534,-1.12178702963286,-4.72029081607675,67.7602012418821,1.22394674948117e-05,6.21536497503644e-05,Higher in luminal A
230720_at,RNF182,4.65460141413121,3.54874871154749,1.10585270258373,4.95611932346533,42.0360195097051,1.22520660786652e-05,6.22104116689283e-05,Higher in basal-like
213006_at,CEBPD,3.78373817941558,4.80636043100761,-1.02262225159203,-4.84354871584457,49.6444268086811,1.28934605081134e-05,6.51284140134053e-05,Higher in luminal A
221646_s_at,ZDHHC11B,6.55535260899257,7.80326337483387,-1.2479107658413,-4.74787147096733,59.8878741285663,1.32234511674923e-05,6.66290841934052e-05,Higher in luminal A
237189_at,HOXB-AS1,5.53127087508645,6.69033355206658,-1.15906267698013,-4.93754207121795,41.6978290954333,1.32330675740029e-05,6.66713941769819e-05,Higher in luminal A
226560_at,SGPP2,6.7030732050883,5.20031367726981,1.50275952781849,4.69924329629675,67.3289075696058,1.33434366016082e-05,6.71717517901598e-05,Higher in basal-like
235209_at,SBSPON,5.17063840455081,6.71899310557499,-1.54835470102418,-4.91301086415646,42.4288907358184,1.38229388513251e-05,6.94194159728299e-05,Higher in luminal A
231001_at,FIBIN,5.1789183002876,6.19916362821034,-1.02024532792274,-4.72632979342356,60.6859003150301,1.40070372644392e-05,7.02600699480011e-05,Higher in luminal A
1556221_a_at,"",4.53805200283023,5.66969976432714,-1.1316477614969,-4.97769801979494,37.7207761067982,1.44705064233138e-05,7.23657677393838e-05,Higher in luminal A
238018_at,FAM150B,5.21408579477126,3.82029426111848,1.39379153365278,4.76788992726101,53.7496733460906,1.46050870549181e-05,7.2992059847134e-05,Higher in basal-like
214078_at,PAK3,4.53001595842524,3.52934867516883,1.0006672832564,4.78249065492949,51.8558085933749,1.47371955427475e-05,7.35783185370945e-05,Higher in basal-like
225237_s_at,MSI2,6.46462533070681,7.61790827490036,-1.15328294419355,-4.67451572607321,66.837921063701,1.47579212224228e-05,7.36750678265124e-05,Higher in luminal A
206799_at,SCGB1D2,4.11159634014892,6.94199158875717,-2.83039524860824,-5.10906501694356,31.6883779263993,1.48406564468141e-05,7.4034022922405e-05,Higher in luminal A
37145_at,GNLY,6.50143150374205,5.21224681581324,1.28918468792881,4.68472721532368,64.1409571143952,1.50388782984133e-05,7.49476502566535e-05,Higher in basal-like
229560_at,TLR8,5.98151380822825,4.96451104426948,1.01700276395877,4.67903031554131,64.8750372481319,1.51148164714438e-05,7.52574984588096e-05,Higher in basal-like
213915_at,NKG7,6.62865729629046,5.50412010127409,1.12453719501637,4.66416271441793,66.8025008285069,1.53396933179171e-05,7.6279921069315e-05,Higher in basal-like
216333_x_at,TNXB,6.11391311206309,7.11870746527512,-1.00479435321203,-4.94010845515799,38.4883695387709,1.55658173586534e-05,7.72427903507326e-05,Higher in luminal A
242662_at,PCSK6,6.55030329655437,7.84002091641154,-1.28971761985716,-4.66876992539396,64.851536384528,1.56978553491843e-05,7.77639069689817e-05,Higher in luminal A
214453_s_at,IFI44,9.38823493442681,8.10293484423235,1.28530009019446,4.64716290916617,67.3395815316809,1.61541738092902e-05,7.98363421335029e-05,Higher in basal-like
209803_s_at,PHLDA2,8.01600664167574,6.88113107641391,1.13487556526182,4.64957141171049,66.5996433080062,1.62466090203488e-05,8.02423982102592e-05,Higher in basal-like
203372_s_at,SOCS2,3.92151028088141,5.51867438013929,-1.59716409925788,-4.98795908691554,35.3437789827886,1.62633664640265e-05,8.0317908176375e-05,Higher in luminal A
209386_at,TM4SF1,11.6432846549291,10.4059835228462,1.23730113208297,4.69303414466114,59.0038307192592,1.64455870488893e-05,8.11372019399045e-05,Higher in basal-like
235371_at,GXYLT2,8.29283121520881,9.75942977684157,-1.46659856163276,-4.76163105886498,50.630168044625,1.64839019566222e-05,8.12895588958526e-05,Higher in luminal A
202643_s_at,TNFAIP3,8.06886236046123,7.03645132168636,1.03241103877486,4.64595253275699,65.3694791206643,1.68748737644097e-05,8.30378654548736e-05,Higher in basal-like
230563_at,RASGEF1A,7.793841512607,6.41769652792564,1.37614498468136,4.63083433741094,67.4745841044453,1.71054174655577e-05,8.40890756994578e-05,Higher in basal-like
228656_at,PROX1,5.00034567385756,3.92359841288242,1.07674726097514,4.81469818136718,44.4109645480005,1.7428720604219e-05,8.54632555188944e-05,Higher in basal-like
236361_at,GALNT15,5.019273081148,6.10318728267473,-1.08391420152674,-4.80815083551845,44.2830904931376,1.7904019301828e-05,8.76131974695647e-05,Higher in luminal A
219415_at,TTYH1,5.40598504040727,4.05744561038823,1.34853943001903,4.83764933220072,41.9166705952817,1.80733215975299e-05,8.83388931114741e-05,Higher in basal-like
222853_at,FLRT3,4.74992730610711,6.43045186683143,-1.68052456072432,-4.62776352464589,65.0306171750658,1.81524780132889e-05,8.86703060284614e-05,Higher in luminal A
227238_at,MUC15,5.88262515410287,4.15702361431629,1.72560153978658,4.62216968459534,65.7881394492342,1.82451930756022e-05,8.9091357632272e-05,Higher in basal-like
209613_s_at,ADH1B,3.73307329155404,6.06502782168922,-2.33195453013519,-4.74640664612756,49.105873019431,1.82835726468261e-05,8.92468828198571e-05,Higher in luminal A
233827_s_at,SUPT16H,7.43336149782676,6.32594513951272,1.10741635831404,4.64901078593578,60.3045184532216,1.86419328483728e-05,9.08015749206933e-05,Higher in basal-like
235771_at,LINC00472,4.84454921830377,6.08673958935282,-1.24219037104906,-4.61398037320783,66.0509050075162,1.86994601390881e-05,9.10493350346998e-05,Higher in luminal A
201108_s_at,THBS1,7.73697095913391,8.84375330476541,-1.10678234563149,-4.60787196815021,66.7747086416787,1.8853358604656e-05,9.17170016647005e-05,Higher in luminal A
222242_s_at,KLK5,7.43459983418513,5.37381633165266,2.06078350253247,4.69713680714211,53.1939021575948,1.89822242298327e-05,9.23110477422486e-05,Higher in basal-like
219308_s_at,AK5,4.2999110183836,5.36728579455177,-1.06737477616816,-5.02761579049974,31.5226615571208,1.90340005969552e-05,9.25381453528833e-05,Higher in luminal A
218847_at,IGF2BP2,7.93261238970033,6.83111513838278,1.10149725131756,4.64232958248052,60.0383924394192,1.9210127931452e-05,9.32865924728784e-05,Higher in basal-like
226610_at,CENPV,7.01939328434268,5.77833291548892,1.24106036885377,4.59515290244233,67.9819702043433,1.93057393447803e-05,9.36926414588908e-05,Higher in basal-like
212353_at,SULF1,9.06889364011065,10.1182117865237,-1.04931814641302,-4.59457193958997,67.0572302366811,1.96834711226981e-05,9.52974217332437e-05,Higher in luminal A
226067_at,BPIFB1,4.6955292374817,5.84425578762351,-1.1487265501418,-4.67950760637571,53.4083750401487,2.00477971823061e-05,9.68640253572451e-05,Higher in luminal A
209210_s_at,FERMT2,8.62849025804499,9.64338241585625,-1.01489215781126,-4.64214351389472,58.0268750054473,2.01776359782289e-05,9.73993189507491e-05,Higher in luminal A
205992_s_at,IL15,6.64665018236831,5.52865253901061,1.1179976433577,4.60114438603876,64.4727208329227,2.02158394043433e-05,9.75380356011712e-05,Higher in basal-like
209612_s_at,ADH1B,4.34808051218732,6.54458669824882,-2.1965061860615,-4.69678435250412,51.0205568137721,2.03116125077227e-05,9.79741873718341e-05,Higher in luminal A
203029_s_at,PTPRN2,5.43144364494017,6.47060715411934,-1.03916350917918,-4.87593076204634,37.0285044797337,2.06499671967257e-05,9.93695613871657e-05,Higher in luminal A
224590_at,XIST,8.76024667913951,9.79652901499325,-1.03628233585374,-4.59294306652462,64.5347428857183,2.07972540228246e-05,9.99903151334802e-05,Higher in luminal A
236256_at,"",4.67827490636714,6.32282475837002,-1.64454985200288,-4.72227834581297,47.748855496759,2.07999138021347e-05,9.99943099561871e-05,Higher in luminal A
219773_at,NOX4,5.47960082396302,6.60851104176059,-1.12891021779758,-4.59429509620701,63.9937170411253,2.09241676241788e-05,0.000100547448132534,Higher in luminal A
243605_at,"",3.03795468939426,4.1850300867911,-1.14707539739684,-5.07430506030168,28.818700017842,2.0975061226121e-05,0.000100783150763526,Higher in luminal A
227662_at,SYNPO2,5.75999074178099,7.53782726788696,-1.77783652610597,-4.5833557920258,65.5563654243239,2.10999074371615e-05,0.000101311797587319,Higher in luminal A
205890_s_at,UBD,9.85499981148963,7.68327425010598,2.17172556138365,4.56949335124449,67.3206740496334,2.14595448463261e-05,0.000102885006530417,Higher in basal-like
243933_at,"",9.00309918901838,7.65144150520086,1.35165768381753,4.60577564727242,60.7606124053885,2.15194709238727e-05,0.000103127099023818,Higher in basal-like
202504_at,TRIM29,8.81731701656663,7.35739666216465,1.45992035440199,4.61548330528156,58.5361039311013,2.18929994036453e-05,0.000104742714595232,Higher in basal-like
205442_at,MFAP3L,7.36939652238749,6.16679178172812,1.20260474065937,4.56327770070132,65.5960531435996,2.26715853155045e-05,0.000108042266811227,Higher in basal-like
209686_at,S100B,5.17187280460994,3.7991520774546,1.37272072715534,4.68262045301948,48.9728623185998,2.27779375228905e-05,0.000108464007495561,Higher in basal-like
209842_at,SOX10,6.89676389214724,5.14485797590764,1.7519059162396,4.62442698980098,55.6706807720362,2.27984272133965e-05,0.000108542668747166,Higher in basal-like
204540_at,EEF1A2,5.17721605446574,6.8529021681563,-1.67568611369056,-4.68362632337552,48.7077379926787,2.29041450315675e-05,0.000109003996038863,Higher in luminal A
233203_at,ROPN1,5.14294539811082,3.83110485825778,1.31184053985304,4.77040565984086,40.9324559854804,2.3474239577108e-05,0.000111459318183098,Higher in basal-like
219519_s_at,SIGLEC1,7.10242834755865,5.97239914242403,1.13002920513462,4.60963356728863,56.277456160699,2.36307578674917e-05,0.000112173266748143,Higher in basal-like
1554712_a_at,GLYATL2,7.29108169873939,5.89410343008868,1.39697826865071,4.57264757947279,61.2431738228987,2.39545687165465e-05,0.000113421024829382,Higher in basal-like
201044_x_at,DUSP1,5.97623386090193,7.17892176963519,-1.20268790873326,-4.77172583319287,40.2830374819741,2.41041060189479e-05,0.000114083448457927,Higher in luminal A
227253_at,CP,7.07235522411758,5.02655419950465,2.04580102461293,4.5343248054543,67.4514208095442,2.43258807753595e-05,0.000115033517677978,Higher in basal-like
229084_at,CNTN4,5.03245174687572,6.20729265376778,-1.17484090689205,-4.53023668924848,67.0030707019112,2.48888716573957e-05,0.000117340610318885,Higher in luminal A
205768_s_at,SLC27A2,5.34784803518115,6.84969307022435,-1.5018450350432,-4.7984900363163,37.5285461287895,2.55000640441239e-05,0.000119942876945326,Higher in luminal A
227444_at,ARMCX4,5.0556185463817,6.33362737328184,-1.27800882690014,-4.69124097755815,44.7404709435891,2.5779281908118e-05,0.000121193657637691,Higher in luminal A
210523_at,BMPR1B,3.97333538359065,5.95459668377784,-1.98126130018719,-4.92563742595595,31.1244724397431,2.63261003015916e-05,0.000123530684345136,Higher in luminal A
202859_x_at,CXCL8,6.72645617901774,5.06945192196133,1.6570042570564,4.50080193928733,67.5521584852862,2.74168786589923e-05,0.000128033638595866,Higher in basal-like
218772_x_at,TMEM38B,5.96903670933804,4.85965765916794,1.10937905017011,4.57031766680465,55.616383515061,2.75501393440754e-05,0.000128601030362616,Higher in basal-like
210372_s_at,TPD52L1,8.66392582951538,7.41452133122731,1.24940449828807,4.59073504568093,52.3251472336131,2.80493712077989e-05,0.000130641397971412,Higher in basal-like
234276_at,"",6.21841806746015,5.11504482515153,1.10337324230862,4.70661135126484,41.0421838769437,2.86149001733201e-05,0.000132890483901833,Higher in basal-like
225345_s_at,FBXO32,7.07635983193996,5.86224335405128,1.21411647788868,4.56938881301255,54.2659306066084,2.86193574658383e-05,0.000132899895485367,Higher in basal-like
205495_s_at,GNLY,6.01890598225761,4.90851559858338,1.11039038367422,4.5111484224911,63.1119672253515,2.86856647548193e-05,0.000133137781854452,Higher in basal-like
219684_at,RTP4,7.87448730804228,6.55450517977241,1.31998212826987,4.47994041570633,67.9841231179822,2.93450061406959e-05,0.000135877219744457,Higher in basal-like
230538_at,SHC4,5.37456704553537,3.92393009202971,1.45063695350565,4.62761224482323,46.5300457202834,2.97477709191783e-05,0.000137660548032677,Higher in basal-like
219352_at,HERC6,8.39213657986305,7.06794529622917,1.32419128363389,4.51761309424863,59.8302910452257,3.00036492735608e-05,0.000138680321585251,Higher in basal-like
1553986_at,RASEF,7.91296309430325,9.13266839304404,-1.2197052987408,-4.46899715433788,67.8005429415757,3.06229039713497e-05,0.000141220249209982,Higher in luminal A
207808_s_at,PROS1,6.23821553097879,7.24504362815424,-1.00682809717544,-4.46697944518583,67.908921386063,3.07900903248028e-05,0.000141907459201601,Higher in luminal A
243271_at,"",8.29525146072387,7.27361137388249,1.02164008684138,4.46812329302359,67.277925061785,3.09946564593401e-05,0.00014266835524022,Higher in basal-like
238017_at,SDR16C5,4.51593933404783,6.28525030903433,-1.76931097498649,-4.46879673599645,66.5015879204358,3.13388336720139e-05,0.000144031998417542,Higher in luminal A
234709_at,CAPN13,4.30764082130548,5.49208325568715,-1.18444243438167,-4.50073689683817,60.4218079963535,3.14393770588333e-05,0.000144449406780816,Higher in luminal A
213707_s_at,DLX5,5.30932808966496,4.29924337096838,1.01008471869658,4.64276381491355,43.0263815555631,3.2278101125494e-05,0.00014799204855651,Higher in basal-like
213032_at,NFIB,8.71426521731513,7.43681292294866,1.27745229436647,4.46138443152252,65.7950281202967,3.25862390736296e-05,0.000149279649882757,Higher in basal-like
217388_s_at,KYNU,7.33463845565284,5.89333934628364,1.44129910936921,4.47162974744033,63.6821284397877,3.26557514139349e-05,0.000149547969558329,Higher in basal-like
232346_at,LOC388692,5.5657888204637,6.69247570356783,-1.12668688310413,-4.69951301103615,38.4943115424249,3.29677736311316e-05,0.000150837909898085,Higher in luminal A
213385_at,CHN2,4.67916452662742,5.80753258590862,-1.1283680592812,-4.58381870876031,47.4358511991035,3.33396758585121e-05,0.000152348247184634,Higher in luminal A
209617_s_at,CTNND2,4.66821139175649,5.77196631421998,-1.10375492246348,-4.48772997462275,59.5906057990404,3.34935023130263e-05,0.000152987238008748,Higher in luminal A
219250_s_at,FLRT3,4.38920467159362,5.79423118039563,-1.40502650880201,-4.48605579332021,59.5452137642587,3.37231361502628e-05,0.000153933920608748,Higher in luminal A
1557285_at,AREG,3.16677335038303,5.15740173528283,-1.9906283848998,-4.8453246102041,30.69400930998,3.42079868996752e-05,0.000155912111015317,Higher in luminal A
238795_at,FAM208B,6.4867667965336,5.37511025216241,1.11165654437119,4.44198095731402,66.5091392162955,3.44976101820629e-05,0.000157140451279204,Higher in basal-like
1559739_at,CHPT1,6.93532647010149,8.16163108957544,-1.22630461947396,-4.52921003093599,52.3022699937476,3.46042055348148e-05,0.00015756037122052,Higher in luminal A
203980_at,FABP4,5.79944866267017,8.19348487692404,-2.39403621425387,-4.44578508182744,63.1460424821619,3.61545803987469e-05,0.000164045782846596,Higher in luminal A
238441_at,PRKAA2,4.09427444066273,5.42372803543969,-1.32945359477695,-4.52923804745975,50.5114927942588,3.63796508683319e-05,0.000164984854945757,Higher in luminal A
205710_at,LRP2,5.00711924787571,6.90850051130608,-1.90138126343037,-4.50580140672495,52.5779917393953,3.71889509754442e-05,0.000168403668592216,Higher in luminal A
209792_s_at,KLK10,6.97041026221395,5.16439236815165,1.8060178940623,4.43550469849243,63.0468761265414,3.75631252714804e-05,0.000169957288498692,Higher in basal-like
227241_at,MUC15,5.46916580004834,3.86314181576838,1.60602398427996,4.40998200327752,67.3749373575885,3.8126683941374e-05,0.000172108359023664,Higher in basal-like
205913_at,PLIN1,5.53054397707168,6.69826663406516,-1.16772265699348,-4.47452993843666,55.7297237127986,3.82397077278669e-05,0.000172518856343025,Higher in luminal A
204955_at,SRPX,7.0733771946876,8.28670887009067,-1.21333167540307,-4.44489781754074,59.9705851092373,3.86005355793755e-05,0.000174017503529218,Higher in luminal A
231879_at,COL12A1,7.40879212916437,8.86278094093988,-1.45398881177551,-4.40988708509174,65.4041426941554,3.94268166641825e-05,0.000177347692399356,Higher in luminal A
210663_s_at,KYNU,6.55994106476807,5.50900196253274,1.05093910223534,4.39924305069903,67.1661853500538,3.97553457314869e-05,0.000178546371600874,Higher in basal-like
203999_at,SYT1,4.31202268911744,6.3885057749477,-2.07648308583026,-4.77981676859049,31.1710004158718,3.98526202863001e-05,0.000178924455095538,Higher in luminal A
241994_at,XDH,6.07292403428391,4.69985352556778,1.37307050871613,4.4601836413008,55.864299310052,4.00461141174732e-05,0.000179729312125993,Higher in basal-like
230291_s_at,"",9.00082204499327,7.70658765771342,1.29423438727985,4.42035385220426,62.3324689268807,4.01605325886716e-05,0.000180203292514208,Higher in basal-like
214430_at,GLA,8.17326148859497,9.50622356679203,-1.33296207819706,-4.76357035163828,31.4538855998961,4.09443005580136e-05,0.000183389009011993,Higher in luminal A
218963_s_at,KRT23,8.42226289096284,6.3541723879836,2.06809050297924,4.38503918194946,66.5112732824338,4.22736127002602e-05,0.000188632153300149,Higher in basal-like
202731_at,MIR4680,7.60678375024827,8.65550049023289,-1.04871673998461,-4.37797902642035,67.9206626971013,4.23759370652476e-05,0.000189057883234795,Higher in luminal A
203786_s_at,TPD52L1,10.2155602125001,9.09319340409441,1.12236680840567,4.45022046206814,54.5788580998507,4.27161732345043e-05,0.000190451502209616,Higher in basal-like
204542_at,ST6GALNAC2,6.54638743103939,7.65093609443646,-1.10454866339706,-4.37254802755268,67.9712287596433,4.31717878057906e-05,0.000192232062731623,Higher in luminal A
213680_at,KRT6B,9.02117476245763,6.69797287046467,2.32320189199296,4.41071526270747,59.7216821135719,4.37074599698031e-05,0.000194458896073642,Higher in basal-like
242054_s_at,SIX3,4.91054174740429,3.46520351497663,1.44533823242766,4.57346130830159,40.8938764361728,4.3902390957425e-05,0.000195214966297756,Higher in basal-like
202340_x_at,NR4A1,7.61320127204862,8.76848510296033,-1.15528383091172,-4.5759908015979,40.6051541492529,4.40806498791521e-05,0.00019588016353565,Higher in luminal A
219850_s_at,EHF,7.06133279440478,5.53893811365528,1.5223946807495,4.36482691009749,66.7936831327994,4.52166147802025e-05,0.000200569399083853,Higher in basal-like
221920_s_at,SLC25A37,6.96354549235572,5.88738430725031,1.07616118510542,4.40430400701928,58.8782102858918,4.5464553136429e-05,0.000201449333768173,Higher in basal-like
205680_at,MMP10,3.94324074198646,5.02723950732849,-1.08399876534202,-4.66420569406301,34.0410501841064,4.65001322328322e-05,0.00020549585595135,Higher in luminal A
203788_s_at,SEMA3C,5.38525152487472,6.40204115153269,-1.01678962665797,-4.39092650135023,59.9652678722598,4.65947071509555e-05,0.00020588052476794,Higher in luminal A
229222_at,ACSS3,4.83149150081747,5.96373868258785,-1.13224718177038,-4.44724954368794,51.4348761721193,4.67079491851207e-05,0.000206314196291523,Higher in luminal A
201169_s_at,BHLHE40,6.78627307038204,7.84013207924355,-1.05385900886151,-4.39144205153255,59.1851129449887,4.72407551076541e-05,0.000208431914582875,Higher in luminal A
1553798_a_at,FBXL13,4.6677972091465,3.47573061182841,1.19206659731809,4.54921865221839,40.9678031717036,4.72460449349001e-05,0.000208438433536324,Higher in basal-like
210272_at,CYP2B7P,5.03017444717086,6.90634628747242,-1.87617184030156,-4.77615750660534,28.8268018170912,4.78837604848635e-05,0.000210928505036248,Higher in luminal A
235182_at,ISM1,5.84218771914462,7.09841286996857,-1.25622515082395,-4.33772522799611,67.9804149242192,4.88718450547278e-05,0.000214872364817825,Higher in luminal A
209498_at,CEACAM1,7.84964614227114,6.42254444162944,1.4271017006417,4.33664871868111,67.2245673476392,4.9636516801403e-05,0.000217824589141722,Higher in basal-like
218546_at,C1orf115,5.70999288226579,6.8010214596622,-1.09102857739642,-4.38306445510801,57.9134212692599,4.99107209843157e-05,0.00021885224715835,Higher in luminal A
231270_at,LOC100507258,6.57557843749689,5.57318724417703,1.00239119331986,4.33421160583345,67.1766873501049,5.01051158313756e-05,0.00021965179667098,Higher in basal-like
219630_at,PDZK1IP1,7.81075024611782,6.31209790502091,1.49865234109691,4.32229953185773,67.3251960765552,5.21469192462147e-05,0.00022758084369307,Higher in basal-like
218943_s_at,DDX58,7.83534653517191,6.80225593186098,1.03309060331093,4.31591602430336,67.1029348847692,5.35227174032738e-05,0.000233082801594902,Higher in basal-like
242625_at,RSAD2,8.74603085393652,7.29310695707893,1.4529238968576,4.31928628698391,62.5824232939531,5.69615668333434e-05,0.000246448814324053,Higher in basal-like
222895_s_at,BCL11B,7.32634420841274,6.0467397042049,1.27960450420785,4.2941442255708,67.8270021049787,5.7179310278872e-05,0.000247332182713396,Higher in basal-like
206681_x_at,GP2,5.62662313424119,7.06671768149758,-1.44009454725638,-4.61289640871781,33.0030972418709,5.74351328584675e-05,0.000248261988223315,Higher in luminal A
208792_s_at,CLU,9.35835321301138,10.744067479048,-1.38571426603658,-4.31098383117835,61.915406561867,5.9320871784785e-05,0.000255524199545664,Higher in luminal A
209283_at,CRYAB,9.33215227964874,7.84337979045325,1.48877248919549,4.31540932265416,58.0317974469883,6.28107592689683e-05,0.00026936844168412,Higher in basal-like
236534_at,BNIPL,5.67565303172963,7.00910270785798,-1.33344967612835,-4.25878814747915,67.9586823113404,6.46620576703391e-05,0.000276483772825979,Higher in luminal A
213765_at,MFAP5,6.69255915274783,8.14212257621449,-1.44956342346666,-4.25974908018067,67.0844900899382,6.5273008762135e-05,0.000278877999067729,Higher in luminal A
225288_at,COL27A1,8.29425741707806,7.16887534857928,1.12538206849878,4.25985758944515,65.2019439276136,6.71376653319258e-05,0.000285906367475897,Higher in basal-like
203878_s_at,MMP11,9.04357192790003,10.3385137131983,-1.29494178529827,-4.25612398593351,65.60750869713,6.75956131458402e-05,0.000287610128307301,Higher in luminal A
213764_s_at,MFAP5,6.30827244009809,7.8396917927946,-1.53141935269651,-4.24093040313679,67.1723228246097,6.96455333765345e-05,0.000295435606902166,Higher in luminal A
242828_at,FIGN,6.38164689157827,5.27091415773501,1.11073273384326,4.24431470639317,66.0351659304182,6.9991523503285e-05,0.000296727813569501,Higher in basal-like
209723_at,SERPINB9,7.46567228767073,6.46162160702003,1.0040506806507,4.23865749112888,67.138579369001,7.023786136675e-05,0.000297694191490469,Higher in basal-like
206143_at,SLC26A3,3.02464484087761,4.7021649762554,-1.67752013537779,-4.65316141924495,28.2239273736803,7.03619396683488e-05,0.000298058344415199,Higher in luminal A
203828_s_at,IL32,9.09360784698641,7.93449140892568,1.15911643806073,4.2419205614617,65.3815625039913,7.12816161465391e-05,0.000301426735557785,Higher in basal-like
211506_s_at,CXCL8,5.45165561162313,4.31252639909849,1.13912921252465,4.26424216178108,60.3447093163939,7.16861868359063e-05,0.000302870123271245,Higher in basal-like
220038_at,C8orf44-SGK3,7.98671032035868,9.0885294300803,-1.10181910972162,-4.29297716677358,55.2723999675942,7.17078457828949e-05,0.000302938221927042,Higher in luminal A
226029_at,VANGL2,7.48384354748066,6.45061618022705,1.03322736725361,4.24241013522619,63.6620355312193,7.30964873689204e-05,0.000308198434696605,Higher in basal-like
205041_s_at,ORM2,5.09181009395093,3.39805556593104,1.69375452801989,4.38457754196216,43.0470773518906,7.3614290529292e-05,0.000309986186920266,Higher in basal-like
1554640_at,PALM2,4.99818968255215,3.98943389285525,1.00875578969689,4.33265878591504,47.9788273195641,7.48866860360954e-05,0.000314641478446439,Higher in basal-like
203881_s_at,DMD,6.95952367856934,5.78762955571431,1.17189412285503,4.21148191651019,66.2445339176413,7.82562154327044e-05,0.000327014565788988,Higher in basal-like
220979_s_at,ST6GALNAC5,6.26204570278406,4.65516932568608,1.60687637709798,4.20826691254834,66.5523262239523,7.87866907859631e-05,0.000329019882490665,Higher in basal-like
200862_at,DHCR24,8.72298543810977,9.77060645216828,-1.04762101405851,-4.24369353556636,58.8487301150051,7.90126509095364e-05,0.000329898181632601,Higher in luminal A
240303_at,TMC5,4.27759371121496,5.32923822187582,-1.05164451066085,-4.36766299065184,42.3803610099908,7.9434970413783e-05,0.000331509579984244,Higher in luminal A
237625_s_at,"",5.28763142826633,3.98632542110147,1.30130600716486,4.20495719957299,62.6448309900609,8.45638218766669e-05,0.000350798707215991,Higher in basal-like
224071_at,IL20,4.00153027481952,5.15953079018643,-1.15800051536692,-4.54389730042546,29.8012142896291,8.52631623184946e-05,0.00035348524414344,Higher in luminal A
214612_x_at,MAGEA6,5.07693388183288,3.14547894577605,1.93145493605683,4.36240677003396,40.4267569489392,8.65367053335593e-05,0.000358032112305135,Higher in basal-like
244780_at,SGPP2,5.09933166858482,4.04216246007425,1.05716920851057,4.22994747841719,55.7257271898233,8.78456539053625e-05,0.000362651851953767,Higher in basal-like
205769_at,SLC27A2,4.938141882111,6.36088595883111,-1.42274407672011,-4.37700432581883,38.7071213331778,8.83385902499399e-05,0.000364466678381789,Higher in luminal A
1564204_at,LINC00869,5.25590817787365,6.27961686423726,-1.02370868636361,-4.48716326144007,31.6682304135255,8.92785386407122e-05,0.000367955985239027,Higher in luminal A
209894_at,LEPROT,5.51325342279483,6.75859221067034,-1.24533878787551,-4.23217750516028,54.1222079528731,9.00820641265551e-05,0.000370904198819143,Higher in luminal A
213711_at,KRT81,7.67786874263789,5.97617995377776,1.70168878886013,4.27980563976265,47.456815417841,9.01809767521583e-05,0.000371283501801525,Higher in basal-like
205547_s_at,TAGLN,10.4631549374056,11.5785081935613,-1.11535325615574,-4.19314535112172,61.1629138578361,9.02046812372627e-05,0.000371353132041815,Higher in luminal A
244107_at,DSC3,4.43699442216463,3.39833207874574,1.03866234341888,4.3008567443759,43.9087433725904,9.33583268884694e-05,0.000383095656156339,Higher in basal-like
209942_x_at,MAGEA6,5.38727614620841,3.39628243321669,1.99099371299172,4.32140392938638,40.4614928852943,9.81405188420498e-05,0.000400315791382354,Higher in basal-like
41469_at,PI3,5.11310819105139,4.10009984106903,1.01300834998236,4.30069807681489,42.1307311168972,9.88542947882362e-05,0.000403005208160464,Higher in basal-like
218510_x_at,FAM134B,5.73714942595599,6.78807255000746,-1.05092312405146,-4.21507036579362,52.3801803001525,9.89505145744297e-05,0.000403318874635228,Higher in luminal A
231274_s_at,"",7.90613427723197,6.76866057127812,1.13747370595385,4.1529466043724,63.8823582512868,9.92293823733307e-05,0.000404365095122744,Higher in basal-like
230364_at,CHPT1,6.66053939584176,7.66862067051659,-1.00808127467482,-4.1958762752304,53.730405007657,0.000102476747124363,0.000416264201264826,Higher in luminal A
201842_s_at,EFEMP1,7.99864508163148,9.36471445001736,-1.36606936838588,-4.12530478606756,67.9683969556552,0.000103141824975704,0.000418872411835894,Higher in luminal A
1553589_a_at,PDZK1IP1,7.73099927799926,6.41646550228433,1.31453377571493,4.11178383211757,67.9164796592466,0.000108166011028279,0.000437004112389801,Higher in basal-like
232277_at,SLC28A3,5.5064151136878,4.07634945821206,1.43006565547574,4.11114953907657,65.4075781012307,0.000112093062097635,0.000450970431949094,Higher in basal-like
1561817_at,"",3.50431234301032,4.55527854659685,-1.05096620358654,-4.23527665229173,44.3050674069337,0.000113548064777736,0.000456018836618386,Higher in luminal A
241763_s_at,FBXO32,7.2463285222327,5.96405117182529,1.28227735040741,4.135074738369,58.4879100033179,0.000114879830243448,0.00046072432469453,Higher in basal-like
203691_at,PI3,5.44743365779031,4.31606082584711,1.1313728319432,4.25327274051435,41.9098898790193,0.000115461599262412,0.000462718092770827,Higher in basal-like
228695_at,C8orf46,4.58924305203344,3.24667802478591,1.34256502724754,4.25931290097827,41.2172765166087,0.000115906659047548,0.000464161472454749,Higher in basal-like
225540_at,MAP2,7.2814828003884,5.92011239006878,1.36137041031963,4.1294379544323,58.2235767079834,0.000117606120625639,0.000470381466364799,Higher in basal-like
205646_s_at,PAX6,6.29373790272318,5.14893772909913,1.14480017362405,4.19279562041595,46.9219471183809,0.000121024370534989,0.000482781807894391,Higher in basal-like
230962_at,DCLK1,3.35207613100558,4.37343607812699,-1.02135994712141,-4.30962292981778,35.4512471357834,0.000123868817585627,0.000493013583860681,Higher in luminal A
206002_at,ADGRG2,5.06486185419143,3.96126605623786,1.10359579795357,4.18498610261767,45.9579810718035,0.000127230931694356,0.000504730508419409,Higher in basal-like
224189_x_at,EHF,6.80228160848167,5.6198013281166,1.18248028036507,4.06351018127835,67.7204772240314,0.00012810605583901,0.000507970315651198,Higher in basal-like
1555326_a_at,ADAM9,7.02293728559738,6.01106465544056,1.01187263015683,4.06454994186001,66.6914273957782,0.000129323592730686,0.000512337325740908,Higher in basal-like
204006_s_at,FCGR3B,8.19626163958679,6.92351169849418,1.27274994109262,4.07020120089392,63.0132974065746,0.000133319038614422,0.000526525457688783,Higher in basal-like
200796_s_at,MCL1,7.22904992477548,6.20332877307881,1.02572115169666,4.04693817576108,65.1675295901782,0.000140102515203825,0.000549978820991465,Higher in basal-like
216598_s_at,CCL2,8.82648656071417,7.79009902067842,1.03638754003575,4.04974616115368,64.1712735052114,0.000140630727407295,0.000551893843022814,Higher in basal-like
220467_at,"",6.7431272049936,7.87467129084588,-1.13154408585229,-4.06433676621973,60.312449988513,0.000141509386593554,0.000554824360846366,Higher in luminal A
206032_at,DSC3,6.11491141372496,4.49753496134942,1.61737645237554,4.14349605908206,46.955280282952,0.000141557964340981,0.000554975025121405,Higher in basal-like
201110_s_at,THBS1,8.13277309017994,9.1640576861389,-1.03128459595896,-4.05327256006463,57.5986110911035,0.000153279083245867,0.000596012650342635,Higher in luminal A
229450_at,IFIT3,9.69152326017711,8.52712513421228,1.16439812596483,4.02076328884203,63.7063234159665,0.000156127386317207,0.000605924534844781,Higher in basal-like
242301_at,CBLN2,4.3236621909871,6.39158375325533,-2.06792156226822,-4.33724947100759,28.8126945138193,0.000160856105150895,0.000622198223062464,Higher in luminal A
229523_at,TMEM200C,6.63063351737372,5.62694426076877,1.00368925660495,4.05194952199819,54.9077859140933,0.000161178701341978,0.000623316274994529,Higher in basal-like
206018_at,FOXG1,4.41033884751711,3.38965987220191,1.0206789753152,4.15161769863743,40.8793250916616,0.000163340022069447,0.000630882898695328,Higher in basal-like
201645_at,TNC,8.53375495320879,9.82065648563452,-1.28690153242573,-3.99137014133507,65.9150123428734,0.000167634682448173,0.000645725395438485,Higher in luminal A
226933_s_at,ID4,6.04998404587368,4.78264740518895,1.26733664068473,4.0127024140044,57.9084234557925,0.000174487592789697,0.000669326641103128,Higher in basal-like
242918_at,NASP,6.01741141745922,4.93100532915805,1.08640608830116,3.97866911726404,66.0207086358822,0.000174783036637498,0.000670282397823957,Higher in basal-like
204818_at,HSD17B2,5.23440027816249,4.01803696490586,1.21636331325663,4.03291308750983,51.8123017828601,0.000181609250274895,0.00069344826864864,Higher in basal-like
1558199_at,FN1,5.39676963629057,6.46033038459174,-1.06356074830117,-3.97326525796499,63.9011149583599,0.000182784960371868,0.000697401794021765,Higher in luminal A
240633_at,DOK7,4.91317323466231,5.9388689718787,-1.02569573721639,-4.05958067194198,46.5535926702674,0.000186547521280544,0.00071038058565407,Higher in luminal A
235412_at,ARHGEF7,5.40194540388962,4.32070309911907,1.08124230477055,3.94887508714542,67.9999968797688,0.000188922959228957,0.000718214629108833,Higher in basal-like
205861_at,SPIB,6.25008823678019,4.93470987229787,1.31537836448232,4.06019305320661,43.9283398126373,0.000198660156218481,0.00075006864451664,Higher in basal-like
228885_at,MAMDC2,3.94327138671325,4.94379513462175,-1.0005237479085,-3.94001671683364,66.2098161029922,0.000198726338495556,0.000750214911085034,Higher in luminal A
211958_at,IGFBP5,6.32248463469285,7.43110694153929,-1.10862230684644,-3.96696548312384,58.0847965096769,0.00020239374583177,0.000762638046406065,Higher in luminal A
204972_at,OAS2,8.11907037384415,7.03376489667372,1.08530547717044,3.93578763246677,65.7793736344868,0.000202604357846169,0.000763379041088779,Higher in basal-like
204455_at,DST,5.23543340624909,7.01419547343991,-1.77876206719082,-4.0303687785829,46.7669460401147,0.000203546584879857,0.000766506613975219,Higher in luminal A
241762_at,FBXO32,7.43578468747397,6.11398805403371,1.32179663344026,3.92048135513707,67.9925575824438,0.000208010971153839,0.000781542045618209,Higher in basal-like
204379_s_at,FGFR3,6.84183229557128,8.2453053246858,-1.40347302911452,-3.94142472098651,60.784141058486,0.000211860737874956,0.000794042078647739,Higher in luminal A
209598_at,PNMA2,4.65590517797192,5.8255662605689,-1.16966108259698,-3.96116422094334,55.791678905055,0.000213777276235237,0.000800347341698275,Higher in luminal A
230158_at,DPY19L2,3.89536172527363,5.23900395487706,-1.34364222960343,-4.17397630763787,31.7495080914885,0.000216814831444057,0.000810553908321628,Higher in luminal A
229800_at,DCLK1,5.98509900729783,7.14809116882748,-1.16299216152966,-3.9094973860576,66.547629070627,0.000219376725934536,0.000819168957173654,Higher in luminal A
214059_at,IFI44,7.35458417973356,6.19911575540605,1.15546842432752,3.90421464836161,67.6681443722308,0.000220536709079227,0.0008229487147766,Higher in basal-like
202411_at,IFI27,10.6681545684862,9.55384321634679,1.11431135213943,3.90475549821762,65.2275575077137,0.00022631275876129,0.000841859442459758,Higher in basal-like
211138_s_at,KMO,6.59607041375589,5.38785720631495,1.20821320744094,3.93784660089868,56.3009848001947,0.000228828401291916,0.000849929494432057,Higher in basal-like
236445_at,"",3.8964494496326,5.79610971420017,-1.89966026456757,-4.21703598247225,28.4024142997705,0.000228839727252571,0.000849929494432057,Higher in luminal A
206033_s_at,DSC3,5.56268077235585,3.98863793238555,1.5740428399703,3.96938604007041,49.3749541653821,0.000233512214999645,0.000864933294160665,Higher in basal-like
203998_s_at,SYT1,3.10551382080185,4.72816730721963,-1.62265348641778,-4.20977440621156,28.3874429773557,0.000233600871424353,0.000865203064972665,Higher in luminal A
206022_at,NDP,3.88085451928167,5.62007807452113,-1.73922355523946,-4.07594150277379,36.2395679168513,0.000239335431380097,0.000884644720842806,Higher in luminal A
235795_at,PAX6,3.95306580388875,2.93885096025541,1.01421484363334,4.00727193955303,42.0782161234828,0.000245529170088753,0.000904968813172616,Higher in basal-like
211959_at,IGFBP5,9.03313528440458,10.2568387864253,-1.22370350202071,-3.8731880708662,65.4498491351062,0.000250842119711752,0.000922871468625262,Higher in luminal A
208791_at,CLU,8.91026036854227,10.1346264052515,-1.22436603670919,-3.85830279024954,63.0883361185377,0.000270891523492787,0.000987267967402221,Higher in luminal A
225767_at,RNA45S5,8.10258699354142,6.78711240911511,1.31547458442631,3.86399658737903,61.3289369183966,0.000271653753013568,0.000989716062238742,Higher in basal-like
231576_at,"",7.4743610825053,6.35942822451318,1.11493285799212,3.83963694805851,67.9994733640382,0.000272951821308712,0.000993915473197058,Higher in basal-like
243168_at,"",3.94404746503271,5.25059798151092,-1.3065505164782,-4.13323497736319,29.048751102444,0.000277593266948561,0.00100940488630038,Higher in luminal A
1555759_a_at,CCL5,9.06967561675429,7.91209841722217,1.15757719953212,3.83174015954466,67.3922215771801,0.000282009721921763,0.00102357840820224,Higher in basal-like
203915_at,CXCL9,9.78068352292563,8.04997155621615,1.73071196670948,3.81475354132041,65.2579302668686,0.000305209395261643,0.0010979947154843,Higher in basal-like
227163_at,GSTO2,7.12479340663197,8.17566700215089,-1.05087359551892,-3.82064736700449,62.9087324145932,0.000307335857675173,0.00110440933410385,Higher in luminal A
205159_at,CSF2RB,7.93553766518382,6.8161358187821,1.11940184640173,3.82950318920846,59.9574999923053,0.000309469473089188,0.00111134603882768,Higher in basal-like
230238_at,SOWAHA,3.7796755600059,5.10628465576927,-1.32660909576337,-4.02203561170732,33.2644251448237,0.000312752349490178,0.00112188260781889,Higher in luminal A
1556185_a_at,"",3.70898567673828,4.75242606053867,-1.04344038380039,-3.95716238068909,38.4875425683029,0.000315935560665431,0.00113159363114199,Higher in luminal A
206898_at,CDH19,4.43156555409376,3.29816629457147,1.13339925952229,3.92937204388038,41.1392958137324,0.000318883520005046,0.00114081725722528,Higher in basal-like
226755_at,MIR205HG,4.17843353832475,5.4219180519941,-1.24348451366935,-3.9263381505231,39.8938097668655,0.000332702771918791,0.00118485703894151,Higher in luminal A
228462_at,IRX2,7.92498867061388,9.4486680648897,-1.52367939427582,-3.80510154279381,60.1483955045041,0.00033425524583746,0.00118965014751745,Higher in luminal A
207392_x_at,UGT2B15,4.20973369480159,5.25250825862254,-1.04277456382095,-4.0464749935314,29.9718842147386,0.000336451798585383,0.00119668892061253,Higher in luminal A
229070_at,ADTRP,5.48776850067796,4.30918167230033,1.17858682837763,3.8440556796309,50.942146580594,0.000337344061750949,0.00119947236627646,Higher in basal-like
243837_x_at,"",5.33495896778947,6.40692384371646,-1.07196487592699,-4.03921632244054,30.311592217116,0.000337881747129334,0.00120091559021624,Higher in luminal A
223821_s_at,SUSD4,6.30162693075293,5.28696502386649,1.01466190688644,3.77731867735577,66.8634161801294,0.000339662790964332,0.00120693202677422,Higher in basal-like
209875_s_at,SPP1,11.5137241219531,10.3075910867045,1.20613303524853,3.79069320675044,61.747882985658,0.000343625555554063,0.00121934886097601,Higher in basal-like
232739_at,SPIB,5.18741025228435,4.17900863871418,1.00840161357017,3.89932811397144,41.256182171435,0.000348061349894175,0.00123332821163085,Higher in basal-like
209125_at,KRT6A,4.60690527696027,3.30613680973541,1.30076846722487,3.87512155150287,42.5415482611951,0.00036284156013324,0.00127906913605963,Higher in basal-like
1562373_at,ITPR1,3.75339925417082,4.84889721562623,-1.09549796145541,-4.02442790043059,29.2950272590041,0.000369077554319114,0.00129881986185862,Higher in luminal A
233932_at,"",3.74545364311539,5.03379660438798,-1.28834296127259,-3.90714630523845,37.9090577614386,0.000372574776238353,0.00130966477374514,Higher in luminal A
231207_at,"",6.61333351689127,7.77320823306168,-1.15987471617041,-3.96086327423587,33.0102752125907,0.000375792683938465,0.001319195184227,Higher in luminal A
237591_at,LINC00173,5.63054647385236,6.8751884170993,-1.24464194324695,-3.84948232749609,44.2611458472735,0.000377253775820996,0.00132355943230319,Higher in luminal A
201843_s_at,EFEMP1,5.82387070819981,7.09693213681019,-1.27306142861038,-3.74291446471178,67.7100920191534,0.000377341911239262,0.00132378370208577,Higher in luminal A
1554663_a_at,NUMA1,4.10638289307767,3.08371751124044,1.02266538183723,3.87555535885131,40.8606912020041,0.00037759498954717,0.00132448384882729,Higher in basal-like
205306_x_at,KMO,6.56332149754225,5.42329924551057,1.14002225203169,3.78144732598626,56.3234148766518,0.000379149617172311,0.00132927254369324,Higher in basal-like
210674_s_at,PCDHA1,4.79049044929698,5.97276920589228,-1.18227875659531,-3.75904872990066,60.5930572682738,0.000386028742320521,0.00135113766637056,Higher in luminal A
218398_at,MRPS30,8.36738766115831,9.4852388801849,-1.1178512190266,-3.94155801302434,33.1330232091865,0.000395076595302544,0.00137882227614704,Higher in luminal A
227480_at,SUSD2,6.2665256198431,7.27462161867488,-1.00809599883178,-3.78324996717285,52.7827742906623,0.000396740229640465,0.00138374857893976,Higher in luminal A
213456_at,SOSTDC1,6.06182687367074,4.86042765350423,1.20139922016651,3.78282126669606,49.3101534765825,0.000420237196942725,0.00145512784945177,Higher in basal-like
229430_at,C8orf46,5.11495748920951,3.83717652677411,1.2777809624354,3.81571885413391,43.2073806053306,0.000427745586950417,0.00147887883941533,Higher in basal-like
221667_s_at,HSPB8,6.31760316977312,7.49559328430789,-1.17799011453478,-3.74900415466032,54.0933235405113,0.00043359817882801,0.00149590263886403,Higher in luminal A
236293_at,RHOH,6.12570466542035,7.39722520725108,-1.27152054183073,-3.72920441171822,58.3291366050124,0.000436651075955381,0.00150557467224951,Higher in luminal A
206224_at,CST1,5.62513283341613,7.32515518132708,-1.70002234791095,-3.783425462121,45.2233683848878,0.000452319222574468,0.00155401241009545,Higher in luminal A
205334_at,S100A1,7.40628504489807,6.36810839514677,1.0381766497513,3.68874375710778,65.1169500729589,0.00046187852963542,0.0015823803877321,Higher in basal-like
213425_at,WNT5A,6.09428103525093,7.21078681822606,-1.11650578297513,-3.67327128042843,67.2934956162594,0.000475868593951183,0.00162491352574825,Higher in luminal A
201109_s_at,THBS1,7.91273731777493,8.92463371017012,-1.01189639239518,-3.68805060662371,62.2301979648356,0.000476671421278371,0.00162745160224772,Higher in luminal A
205336_at,PVALB,3.58401958491129,5.08534799290429,-1.501328407993,-3.93559414643739,28.9284529870023,0.000477952854484954,0.00163141917336527,Higher in luminal A
229479_at,"",5.99335954334235,7.12485200309228,-1.13149245974993,-3.69473555526826,58.7501454340137,0.000485008758830892,0.00165262301316251,Higher in luminal A
228988_at,ZNF711,7.40427786748148,6.34470609179491,1.05957177568657,3.67696023930032,61.7345826423117,0.000496568772660739,0.0016870625517446,Higher in basal-like
206325_at,SERPINA6,3.80354681359477,5.08603946163322,-1.28249264803845,-3.92332714494175,28.4667723065136,0.000504681255570145,0.0017119647380753,Higher in luminal A
205509_at,CPB1,3.54267483591444,6.33373460561069,-2.79105976969625,-3.92843668475585,28.1042718875165,0.000506394996431075,0.00171692586071369,Higher in luminal A
234366_x_at,IGLJ3,8.2007268043755,6.9713188010043,1.22940800337119,3.66659591508824,60.0260451695438,0.00052288423862391,0.00176555132021639,Higher in basal-like
223278_at,GJB2,7.56279090561741,8.87976805791011,-1.3169771522927,-3.6425061449464,64.3238307860661,0.000540431224559464,0.00181856703611452,Higher in luminal A
209406_at,BAG2,7.0103902975771,5.99761343496238,1.01277686261472,3.63022424315732,65.0467800647169,0.000558398246504821,0.00187245778151801,Higher in basal-like
220133_at,ODAM,4.71224733943438,3.60621882369487,1.10602851573951,3.72886503185938,40.7533225769118,0.000585660361056108,0.0019532133854302,Higher in basal-like
204855_at,SERPINB5,7.5723390784549,5.98461251746076,1.58772656099414,3.60564047759408,67.8316019579808,0.000589751020209554,0.00196457911594208,Higher in basal-like
204720_s_at,DNAJC6,5.90306276381813,4.85712330920987,1.04593945460826,3.59995903252918,64.1123335312743,0.000620634746831067,0.0020549388229267,Higher in basal-like
1553910_at,NBPF4,5.03271023675505,6.16502659724401,-1.13231636048896,-3.81181398680724,30.6347615671089,0.00062312657464038,0.00206180269828093,Higher in luminal A
238481_at,MGP,7.82952557233044,9.55014690866971,-1.72062133633927,-3.57106768565182,67.9060241873835,0.000658762466460764,0.00216409426714851,Higher in luminal A
228919_at,"",7.14520670473956,8.48020578348082,-1.33499907874126,-3.56148162885048,66.8888829256832,0.000684999323131487,0.0022393027200128,Higher in luminal A
223435_s_at,PCDHA1,5.63688090269329,6.86553069951928,-1.22864979682599,-3.57274648183516,57.7111731677004,0.00072117466988649,0.00234466462960361,Higher in luminal A
207175_at,ADIPOQ,4.06141483390522,5.76408239772393,-1.70266756381871,-3.60759507323108,47.9457878895162,0.000735466705583734,0.00238545661314532,Higher in luminal A
226625_at,TGFBR3,7.28600385043411,8.50382588651474,-1.21782203608064,-3.55160691065675,62.2953069630411,0.000735913592958174,0.00238662291328004,Higher in luminal A
224997_x_at,MIR675,6.53142106383573,7.63938424409234,-1.10796318025662,-3.53009288651369,66.7100079708072,0.000758219706472603,0.00245082249195327,Higher in luminal A
226611_s_at,CENPV,6.99041472966215,5.97386922328204,1.01654550638011,3.52645049912098,66.6741483312601,0.000767272313469957,0.00247540058647371,Higher in basal-like
209863_s_at,TP63,5.01238141986867,6.10959109802045,-1.09720967815178,-3.53215946212661,59.0362335473933,0.000807261313954406,0.00259137223706354,Higher in luminal A
205513_at,TCN1,4.47821851181301,6.4167021962886,-1.93848368447559,-3.66518008516664,34.1691780722389,0.0008315950196849,0.00265907115628235,Higher in luminal A
202037_s_at,SFRP1,9.40815018814187,7.70806121965307,1.7000889684888,3.49312512116077,65.9192317104376,0.000857840470506182,0.00273149075330065,Higher in basal-like
232034_at,LINC00537,7.44102974877484,8.64933610554094,-1.2083063567661,-3.5936815743573,37.9831645412474,0.000923531136728914,0.00291654045518705,Higher in luminal A
203131_at,PDGFRA,8.4720191892546,9.51159982486147,-1.03958063560687,-3.45581971121875,65.906156461005,0.000964745515431511,0.00303250897184189,Higher in luminal A
214324_at,GP2,4.62187251217704,5.78248058650927,-1.16060807433223,-3.64681618574309,30.5762809112344,0.000978164681432256,0.0030695720574705,Higher in luminal A
210467_x_at,MAGEA12,4.34096477371061,3.2031183654943,1.13784640821631,3.5510086875856,40.6116680252531,0.000987832348566081,0.00309671083411791,Higher in basal-like
227711_at,GTSF1,4.81064014782924,3.71106586898622,1.09957427884302,3.54502165213671,41.3874923313736,0.000990259307034836,0.0031028957311095,Higher in basal-like
219115_s_at,IL20RA,4.66962266970738,5.90385408236279,-1.23423141265542,-3.45901206839552,61.0411277362662,0.000994327702512911,0.00311332419739396,Higher in luminal A
204268_at,S100A2,7.56468831089383,6.23575896332813,1.32892934756571,3.45219717713188,61.1180224274623,0.00101485368814578,0.00317105528628248,Higher in basal-like
229147_at,RASSF6,5.76761660860374,6.7738591072594,-1.00624249865566,-3.43186577546087,66.246229164377,0.00103720438574493,0.00323257993448121,Higher in luminal A
204351_at,S100P,8.58923223203686,7.04997535402637,1.53925687801049,3.42691943737918,66.701906533871,0.0010498279128222,0.00326689477140316,Higher in basal-like
202036_s_at,SFRP1,8.74929917685266,7.20968811032302,1.53961106652964,3.41999225838781,67.9827983121349,0.00106301908718335,0.00330343120335055,Higher in basal-like
234884_x_at,CKAP2,7.93246685411465,6.76839094676698,1.16407590734768,3.43085386993263,60.8041607425499,0.00108700912314427,0.00336898269984201,Higher in basal-like
203924_at,GSTA1,4.79319123792608,3.66293831094062,1.13025292698546,3.50831792411561,41.8115341854939,0.00109294033934477,0.00338561801063179,Higher in basal-like
1554593_s_at,SLC1A6,3.91982065525297,2.91285758681536,1.00696306843761,3.50756400193915,40.2982042696255,0.00112641207267276,0.00347907468497249,Higher in basal-like
205143_at,NCAN,4.92998546711142,3.84883930145366,1.08114616565777,3.49934293184157,41.1599534572242,0.00113497333981686,0.0035027470848096,Higher in basal-like
87100_at,ABHD2,5.8113061738178,6.84741136902248,-1.03610519520468,-3.47424081201052,42.1176267339501,0.00119974472793626,0.00367917679061725,Higher in luminal A
213880_at,LGR5,4.27921370875599,3.19790700275871,1.08130670599728,3.46184044310709,43.0134480688169,0.00122503598904885,0.00374563676611078,Higher in basal-like
210538_s_at,BIRC3,7.60001660050031,6.54934925115735,1.05066734934296,3.37073309721954,67.6847110920382,0.00124200504214454,0.00379070144463843,Higher in basal-like
217227_x_at,IGLV1-44,8.32336873547868,7.18677688617799,1.13659184930069,3.36519026827316,63.4645691345889,0.00130206004771581,0.00395237247995015,Higher in basal-like
206457_s_at,DIO1,4.27687707331714,5.72171503615065,-1.44483796283351,-3.38587113997121,55.4920012888759,0.00130933470934755,0.00397180843506309,Higher in luminal A
204607_at,HMGCS2,4.46204088976995,5.56598849563742,-1.10394760586747,-3.50894761921885,33.1960992626293,0.00131589055191608,0.00398749187640701,Higher in luminal A
1553602_at,MUCL1,7.02365275795136,9.17681841611248,-2.15316565816112,-3.37606208607753,53.1804682928662,0.00138034181019086,0.00416249453820448,Higher in luminal A
229476_s_at,THRSP,4.86083402813023,6.04249423739819,-1.18166020926796,-3.34622120262139,58.2652064732442,0.00143858463163162,0.00431722927916612,Higher in luminal A
222326_at,"",6.22609547947232,5.16742882757376,1.05866665189855,3.31262708191849,67.9976032939733,0.001483100831975,0.00443591564487053,Higher in basal-like
208711_s_at,CCND1,7.83567553231563,8.83746280035388,-1.00178726803825,-3.3069019415746,67.9144723000663,0.00151020399839063,0.00450761019827534,Higher in luminal A
205267_at,POU2AF1,7.1238719498371,5.85690306123429,1.26696888860281,3.29860040412216,67.6573660534164,0.00155165200877028,0.00461796165584426,Higher in basal-like
216005_at,TNC,5.07249759164647,6.09132289806914,-1.01882530642267,-3.34491011718255,49.3764720567767,0.00157832676665471,0.00468849993973272,Higher in luminal A
202291_s_at,MGP,12.0725925065473,13.1989942893852,-1.12640178283791,-3.30341849495982,60.9473670775949,0.00160182084734786,0.00475020636918935,Higher in luminal A
217258_x_at,IGLV1-44,7.30492374241014,6.15961842067781,1.14530532173233,3.27987434324115,66.4571433337793,0.00165552198956546,0.00489141663223406,Higher in basal-like
231136_at,"",6.53954363330111,7.58358541185059,-1.04404177854948,-3.26898858553581,67.453290984942,0.00170070682876517,0.00500921973079437,Higher in luminal A
242601_at,HEPACAM2,3.08706978364768,4.32727792403503,-1.24020814038734,-3.46405289885854,28.2925280758243,0.00171398354533691,0.00504370561578554,Higher in luminal A
205048_s_at,PSPH,6.07285829055268,4.53807105792614,1.53478723262654,3.2645491641701,60.8091329010029,0.00180242163836907,0.00527104209872855,Higher in basal-like
214464_at,CDC42BPA,6.87094543413547,7.90506137903213,-1.03411594489666,-3.24978665877629,65.2575978228686,0.00182766437604437,0.0053368697799736,Higher in luminal A
206201_s_at,MEOX2,3.535655370054,4.55440049306689,-1.01874512301289,-3.24713791336783,65.0924326298058,0.00184428980451947,0.00538110598549028,Higher in luminal A
211643_x_at,IGK,9.18164488000584,7.95853275090573,1.2231121291001,3.22838722483737,66.1793334617976,0.00193843306420926,0.00562278252351007,Higher in basal-like
205595_at,DSG3,6.315853614519,4.97541639420554,1.34043722031347,3.29038586551996,44.4165946128659,0.00196467758732741,0.00569105944832456,Higher in basal-like
217022_s_at,IGHA2,11.3409204859458,12.8401583676955,-1.49923788174975,-3.23072841814551,60.1235534826268,0.00200403919200026,0.00579004665095193,Higher in luminal A
212741_at,MAOA,6.23516334083258,7.27804189361368,-1.0428785527811,-3.26013357960538,48.0959641537287,0.0020490360924319,0.00590040808730785,Higher in luminal A
202965_s_at,CAPN6,5.36145619452279,4.18033147937247,1.18112471515032,3.20108794688892,60.2254813570302,0.00218672877854202,0.00624298448993709,Higher in basal-like
201650_at,KRT19,11.3551558150568,12.4970058004781,-1.14184998542128,-3.19178893473962,57.3906793187663,0.00229453543901884,0.00651335471306553,Higher in luminal A
211682_x_at,UGT2B28,4.80943769060356,6.1726048780885,-1.36316718748494,-3.30724317481184,30.6074270647237,0.00241458684449254,0.00681521530755405,Higher in luminal A
231240_at,DIO2,6.67416967725466,7.69828308574899,-1.02411340849433,-3.12898280108869,66.4659663102744,0.00260462600767593,0.00728243042545034,Higher in luminal A
242009_at,SLC6A4,3.14131319523763,4.28918127583356,-1.14786808059593,-3.2958665555822,28.2606250965199,0.00264857202483078,0.00739395840988629,Higher in luminal A
233059_at,KCNJ3,3.2814126608884,4.96568219703683,-1.68426953614843,-3.23937179251493,31.9970235130808,0.00279259770575724,0.00774423207355839,Higher in luminal A
240161_s_at,CDC20B,3.36004824271833,4.55968433772057,-1.19963609500224,-3.14295003079796,41.0011282243174,0.00310450218762864,0.00849925677775755,Higher in luminal A
1564149_at,LOC102723927,3.71292707094684,4.7676903187185,-1.05476324777166,-3.22949735947487,28.4657402686964,0.00312049899255838,0.00853493158669983,Higher in luminal A
234764_x_at,IGLJ3,8.80431863334814,7.29995588126739,1.50436275208075,3.0673231191549,65.2874596648845,0.00314208876416083,0.00858281890390155,Higher in basal-like
214777_at,IGKC,9.60595577468148,8.36266615231347,1.24328962236802,3.05952891418128,67.7855784563045,0.00317407624185395,0.00865721932172827,Higher in basal-like
209763_at,CHRDL1,5.79386203206206,6.85498944568901,-1.06112741362695,-3.03063645420212,51.8084939887169,0.00380308626205311,0.0101223708196745,Higher in luminal A
205242_at,CXCL13,8.08951473654052,6.36841400768348,1.72110072885704,3.00296343148161,58.5817666605825,0.00392716648122739,0.0104176326893944,Higher in basal-like
204971_at,CSTA,8.57909309705325,7.50388208637338,1.07521101067987,2.98350489811178,67.3480370244803,0.00396657367842224,0.0105099305000114,Higher in basal-like
235075_at,DSG3,5.47080554031436,4.10027779391105,1.37052774640332,3.02343526277673,45.4653864593689,0.00409844181464915,0.0108142611947272,Higher in basal-like
211881_x_at,IGLJ3,8.47226817415664,7.4677462352565,1.00452193890014,2.96701926722728,67.551686752493,0.00415541963606996,0.0109408441010365,Higher in basal-like
203354_s_at,PSD3,6.42667588697364,7.47745124308857,-1.05077535611493,-2.98711931698671,47.6948130789252,0.00443743629024841,0.0115843557426711,Higher in luminal A
204731_at,TGFBR3,6.9130643992341,8.00348464840595,-1.09042024917185,-2.95293293714333,60.597952013314,0.00447414193849425,0.0116637443611869,Higher in luminal A
206165_s_at,CLCA2,3.83443955628974,5.0527920865703,-1.21835253028056,-2.97624408177367,45.6321013120297,0.00465556149051456,0.0120658400641835,Higher in luminal A
206642_at,DSG1,4.13536912312006,3.10174011663496,1.03362900648509,2.98235593867261,40.4939219715215,0.00482583419207751,0.0124470461577431,Higher in basal-like
216491_x_at,IGHM,8.29613672216558,7.0220700576701,1.27406666449548,2.91045412643399,67.5779600928928,0.00488324987182531,0.0125761510476707,Higher in basal-like
215214_at,IGLC1,8.02540086097132,6.81122857903914,1.21417228193217,2.89841335905453,67.842688229198,0.00504734536504293,0.0129420629289369,Higher in basal-like
203413_at,NELL2,6.29845745852715,7.55797932099961,-1.25952186247246,-2.95489177042601,36.3117773012988,0.00546313737048154,0.0138516525566258,Higher in luminal A
204942_s_at,ALDH3B2,6.6708172949213,7.73947416195061,-1.06865686702931,-2.87751595213215,61.9721774885654,0.00549169210002803,0.0139163081928547,Higher in luminal A
203757_s_at,CEACAM6,5.60409713114147,7.11942114176955,-1.51532401062808,-2.86902732335648,48.0034780515434,0.00610357637445809,0.0152540585214379,Higher in luminal A
216853_x_at,IGLJ3,7.70961418426977,6.60900273302663,1.10061145124314,2.82625406334702,67.969471984052,0.00617905091394475,0.0154236490467462,Higher in basal-like
205157_s_at,KRT17,8.38381477802775,7.22633210716574,1.15748267086201,2.81367356184931,66.0396592941604,0.00644603865882249,0.0160110172867001,Higher in basal-like
216560_x_at,IGLC1,8.52558437778563,7.42639704830871,1.09918732947691,2.76059816894786,67.9445358411255,0.00741115612480116,0.0180403793741821,Higher in basal-like
211756_at,PTHLH,3.68511049995081,4.7629096583753,-1.07779915842449,-2.81449126227126,40.693470341853,0.00749338439185707,0.0182079726844726,Higher in luminal A
1562821_a_at,DSCAM-AS1,3.75061821621656,4.94345587233332,-1.19283765611676,-2.81551158070807,37.124246995541,0.0077506230541755,0.0187490687341988,Higher in luminal A
201123_s_at,EIF5A,9.20555828241664,8.20533495644231,1.00022332597432,2.73992722409444,57.0353968451212,0.00818884299487352,0.0196698440710267,Higher in basal-like
224646_x_at,MIR675,7.70901570443757,8.85036891744808,-1.14135321301051,-2.68535300570837,64.4224907402315,0.00920324390690211,0.0217726347025171,Higher in luminal A
211430_s_at,MIR8071-2,12.8912505031344,11.7604818531021,1.13076865003233,2.67642702390339,67.9503730890286,0.00931829318142047,0.0220143317501691,Higher in basal-like
201820_at,KRT5,8.14077542721666,7.00819399472733,1.13258143248932,2.67290625435604,64.977299094509,0.00949770528928803,0.0223772747001561,Higher in basal-like
1555745_a_at,LYZ,7.73714541679049,6.34907959526148,1.38806582152901,2.6641481454466,66.0704641673409,0.00968827166586059,0.0227605488476315,Higher in basal-like
223623_at,C2orf40,4.94115279124483,6.03982968673488,-1.09867689549005,-2.65673182888393,60.287733773573,0.0100834494090584,0.0235533215038352,Higher in luminal A
209243_s_at,PEG3,5.30430270907339,4.15884110996896,1.14546159910443,2.61841818232858,53.6792145377977,0.0114565199211047,0.0263319836340339,Higher in basal-like
215356_at,TDRD12,5.24741822200258,4.22234331752527,1.02507490447731,2.59335618904151,58.8971669033325,0.0119714368642421,0.0273613540068738,Higher in basal-like
210297_s_at,MSMB,3.98787510116885,5.03668241492831,-1.04880731375945,-2.64330345170299,34.4577046536381,0.0122683604294257,0.0279644953036213,Higher in luminal A
211657_at,CEACAM6,5.77134687255608,7.1004600114176,-1.32911313886152,-2.59608284691736,48.5443833834396,0.0124398249142352,0.0283052739267472,Higher in luminal A
218332_at,BEX1,4.24109741127695,5.51253630747435,-1.2714388961974,-2.55887414722169,35.7742233980394,0.0148793890803528,0.0329952383991032,Higher in luminal A
227194_at,FAM3B,5.12727851022769,6.19438508251209,-1.0671065722844,-2.49165249523171,54.1886952358135,0.0158069294485406,0.0347267194759897,Higher in luminal A
211637_x_at,IGHV3-23,8.92681084443745,7.92361830349332,1.00319254094413,2.47236582865374,64.9264222554148,0.0160512471025416,0.0351955859366939,Higher in basal-like
205358_at,GRIA2,3.97278053950308,5.44754908862664,-1.47476854912356,-2.49788573061407,38.4771488723401,0.0168816553576623,0.0367511250917852,Higher in luminal A
216510_x_at,IGHV3-23,8.35418769322087,7.30810231671335,1.04608537650752,2.43996340158387,67.9918992353018,0.0173013951094778,0.0375383660739098,Higher in basal-like
214768_x_at,IGKC,8.99157568212358,7.88711284921807,1.10446283290552,2.4221397129732,66.6399062825254,0.0181562936400585,0.0391534020182298,Higher in basal-like
1553436_at,MUC19,4.05544025012041,5.38928947104843,-1.33384922092802,-2.42846901447098,43.7533922154961,0.0193426504954491,0.0413034279592148,Higher in luminal A
221690_s_at,NLRP2,7.19233994166521,6.17004061540588,1.02229932625932,2.31305518985632,67.9559677135207,0.0237535448381093,0.0492053142389796,Higher in basal-like
